"Authors","Author full names","Author(s) ID","Title","Year","Source title","Volume","Issue","Art. No.","Page start","Page end","Page count","Cited by","DOI","Link","Affiliations","Authors with affiliations","Abstract","Author Keywords","Index Keywords","Molecular Sequence Numbers","Chemicals/CAS","Funding Texts","References","Editors","Publisher","Sponsors","Conference name","Conference date","Conference location","Conference code","ISSN","ISBN","CODEN","PubMed ID","Language of Original Document","Document Type","Publication Stage","Open Access","Source","EID"
"B., Hemingway, Benjamin","Hemingway, Benjamin (57224446116)","57224446116","The role of central bank digital currency in an increasingly digital economy","2025","Journal of Economic Dynamics and Control","179","","105161","","","0","0","10.1016/j.jedc.2025.105161","https://www.scopus.com/inward/record.uri?eid=2-s2.0-105012947712&doi=10.1016%2Fj.jedc.2025.105161&partnerID=40&md5=a4bd72eb1266631cdb77e7725e1a092b","Bank of England, London, United Kingdom","Hemingway, Benjamin, Bank of England, London, United Kingdom","The introduction of an unremunerated retail central bank digital currency (CBDC) is currently under consideration by several central banks. Motivated by the decline in transactional cash usage and the increase in online sales in the UK, this paper provides a theoretical framework to study the underlying drivers of these trends and the welfare implications of introducing an unremunerated retail CBDC. I develop a cash credit model with physical and digital retail sectors, endogenous entry of firms and directed consumer search. Calibrating to UK data between 2010 and 2022 the model suggests that there are positive welfare gains from introducing an unremunerated retail CBDC, but these have likely declined over time. © 2025 Elsevier B.V., All rights reserved.","Cbdc; Credit; Digital Currency; Money","","","","","Cbdc and the Operational Framework of Monetary Policy, (2023); Ahnert, Toni, Payments and privacy in the digital economy, Journal of Financial Economics, 169, (2025); Aruoba, S. Boraǧan, Sticky prices versus monetary frictions: An estimation of policy trade-offs, American Economic Journal: Macroeconomics, 3, 1, pp. 60-90, (2011); Cbdc and Business Cycle Dynamics in A New Monetarist New Keynesian Model, (2023); Bagnall, John, Consumer cash usage: A cross-country comparison with payment diary survey data∗, International Journal of Central Banking, 12, 4, pp. 1-61, (2016); Barrdear, John, The macroeconomics of central bank digital currencies, Journal of Economic Dynamics and Control, 142, (2022); Cbdc and Banks Disintermediating Fast and Slow, (2024); Ssrn Electron J, (2024); Central Bank Digital Currency in Historical Perspective Another Crossroad in Monetary History, (2021); undefined, (2023)","","Elsevier B.V.","","","","","","01651889","","JEDCD","","English","Article","Final","","Scopus","2-s2.0-105012947712"
"V.V., Lavruk, Vitalii V.; O., Burlakov, Oleksandr; V.M., Havryliuk, Vita M.; S., Burdeniuk, Svitlana; N.V., Poprozman, Nataliia V.","Lavruk, Vitalii V. (57209265758); Burlakov, Oleksandr (57216147118); Havryliuk, Vita M. (57218895590); Burdeniuk, Svitlana (57943513400); Poprozman, Nataliia V. (57006810400)","57209265758; 57216147118; 57218895590; 57943513400; 57006810400","Prospects for the implementation of the digital currency of the National Bank of Ukraine in the context of global digitalisation","2025","Economics of Development","24","2","","41","53","0","0","10.63341/econ/2.2025.41","https://www.scopus.com/inward/record.uri?eid=2-s2.0-105011683042&doi=10.63341%2Fecon%2F2.2025.41&partnerID=40&md5=49b992f764d6e2c22b4c24b9ec877c43","Higher Educational Institution «Podillia State University», Kamianets-Podilskyi, Ukraine; Educational and Rehabilitation Institution of Higher Education “Kamianets-Podilskyi State Institute”, Kamianets-Podilskyi, Ukraine; National University of Life and Environmental Sciences of Ukraine, Kyiv, Ukraine","Lavruk, Vitalii V., Higher Educational Institution «Podillia State University», Kamianets-Podilskyi, Ukraine; Burlakov, Oleksandr, Higher Educational Institution «Podillia State University», Kamianets-Podilskyi, Ukraine; Havryliuk, Vita M., Higher Educational Institution «Podillia State University», Kamianets-Podilskyi, Ukraine; Burdeniuk, Svitlana, Educational and Rehabilitation Institution of Higher Education “Kamianets-Podilskyi State Institute”, Kamianets-Podilskyi, Ukraine; Poprozman, Nataliia V., National University of Life and Environmental Sciences of Ukraine, Kyiv, Ukraine","The purpose of this study was to assess the economic implications of implementing a central bank digital currency (CBDC) in Ukraine (e-hryvnia) within the framework of global digitalisation. The study covered the period from 2023 to 2024. The study employed an analytical approach based on a comparative analysis of international experiences in CBDC implementation, focusing on China, Sweden, the Bahamas, Nigeria, the United States, and the European Union. The study examined pilot projects, strategies, and conceptual frameworks designed for the implementation of the e-hryvnia and the level of digitalisation within the financial infrastructure of Ukraine. The key findings of the study are critical factors influencing the successful integration of digital currencies into national economies. The analysis indicated that countries actively adopting CBDCs seek to address technological, economic, and social readiness challenges. Furthermore, the findings suggested that the implementation of the e-hryvnia in Ukraine could be justified and effective, provided that the necessary technical and economic conditions are met to facilitate its seamless integration into the national financial system. The dynamics of the payment system development of Ukraine reflect its preparedness for the introduction of a digital currency. In 2023, a total of 7.91 billion cashless transactions were conducted, amounting to UAH 6.14 trillion. In 2024, within the first nine months alone, transactions reached 6.4 billion, with a total value of UAH 4.79 trillion, representing a 7.72% increase in the number of transactions and a 4.45% rise in transaction volume compared to the corresponding period in 2023. Moreover, by 2024, the proportion of cashless transactions in the total volume of payments had increased to 94.5% by number and 64.81% by value. The study concluded that the successful introduction of a digital currency in Ukraine will require continuous enhancement of the country’s payment infrastructure and the implementation of measures to ensure the security and transparency of financial transactions. © 2025 Elsevier B.V., All rights reserved.","Macroeconomic Stability; Monetary Policy; Monetary Transactions; Payment System; Payments","","","","","4 Key Cybersecurity Threats to New Central Bank Digital Currencies, (2021); Collection of Papers New Economy, (2024); Jurnal Administrare, (2022); Research Archive of Rising Scholars, (2024); Castrén, Olli, Digital currencies in financial networks, Journal of Financial Stability, 60, (2022); undefined, (2024); Journal of Emerging Technologies, (2021); Dionysopoulos, Lambis, Central bank digital currencies: A critical review, International Review of Financial Analysis, 91, (2024); Bulletin of Khnu Named After Vn Karazina, (2021); Economic and Financial Review, (2022)","","Simon Kuznets Kharkiv National University of Economics","","","","","","23046155; 16831942","","","","English","Article","Final","","Scopus","2-s2.0-105011683042"
"F.A.I., Purwanto, Faiz Amrullah Ibnu; B.R., Kartawinata, Budi Rustandi; M., Pradana, Mahir","Purwanto, Faiz Amrullah Ibnu (58676937900); Kartawinata, Budi Rustandi (57216860314); Pradana, Mahir (57189049974)","58676937900; 57216860314; 57189049974","Determinants of Adoption of Technology-based Payment Systems among University Students","2025","Ianna Journal of Interdisciplinary Studies","7","2","","96","110","0","0","10.5281/zenodo.15455251","https://www.scopus.com/inward/record.uri?eid=2-s2.0-105007980944&doi=10.5281%2Fzenodo.15455251&partnerID=40&md5=ea5eae2b22a637f8528e4666f8df851d","Telkom University, Bandung, Indonesia","Purwanto, Faiz Amrullah Ibnu, School of Economics and Business, Telkom University, Bandung, Indonesia; Kartawinata, Budi Rustandi, School of Economics and Business, Telkom University, Bandung, Indonesia; Pradana, Mahir, School of Economics and Business, Telkom University, Bandung, Indonesia","Background: The rapid development of digital payment systems in Indonesia has transformed the way transactions are conducted, with Quick Response (QR) payment emerging as a popular method. QR payment systems leverage the convenience of smartphones to enable cashless transactions, allowing users to make payments by scanning QR codes through mobile applications. This technology aligns with Indonesia's push toward becoming a cashless society, driven by the increasing penetration of smartphones, the proliferation of fintech solutions, and the government's commitment to advancing financial inclusion. Objective: This study aimed to explore consumer behaviour in digital transformation and financial inclusion among university students. Methodology: The study made use of a descriptive survey research design to achieve its aim. A structured questionnaire was the instrument for data collection. The sample consisted of 100 university students. The data for the study were analysed quantitatively, and the results were presented in tables and figures for visual illustration. Results: The study's results show that facilitating conditions, ease of use, and risk perception have a significant effect on the behavioural intention to use QR in payments. Not all respondents have the same conditions when making payments through technology-based systems, which also affects their behavioural intention to continue using cashless payments, influenced by the circumstances and conditions under which they make payments. Conclusion: We conclude that facilitating conditions, ease of use, and risk perception are influential factors in determining behavioural intention towards payments through QR systems. Unique Contribution: This research contributes to the understanding of the factors such as perceived ease of use, facilitating conditions, and risk perception on university students' behavioural intention to use QR payment systems, while also highlighting the challenges faced in adopting this technology in Indonesia. Key Recommendation: To enhance QR payment adoption among university students in Indonesia, it is recommended that digital literacy be improved through targeted education, user interfaces be streamlined for a better experience, security features be strengthened to alleviate risk perceptions, accessibility be ensured for all students, and collaborations be fostered with fintech companies for tailored solutions. © 2025 Elsevier B.V., All rights reserved.","Behavioural Intention; Digital Payment; Finance; Indonesia","","","","","Open Journal of Social Sciences, (2020); Baier-Fuentes, Hugo, International entrepreneurship: a bibliometric overview, International Entrepreneurship and Management Journal, 15, 2, pp. 385-429, (2019); Chatterjee, Suhrid Krishna, Space effective and encrypted QR code with sender authorized security levels, 2018-January, pp. 439-443, (2018); Davis, Fred D.D., Perceived usefulness, perceived ease of use, and user acceptance of information technology, MIS Quarterly: Management Information Systems, 13, 3, pp. 319-339, (1989); Featherman, Mauricio S., Predicting e-services adoption: A perceived risk facets perspective, International Journal of Human Computer Studies, 59, 4, pp. 451-474, (2003); Hair, Joseph Franklin, Identifying and treating unobserved heterogeneity with FIMIX-PLS: part I – method, European Business Review, 28, 1, pp. 63-76, (2016); Harva, Zahra Berlianda, Green purchase behavior: a preliminary study, Proceedings of SPIE - The International Society for Optical Engineering, 13188, (2024); Iriani, Sri Setyo, Analysis of perceived usefulness, perceived ease of use, and perceived risk toward online shopping in the era of Covid-19 pandemic, Systematic Reviews in Pharmacy, 11, 12, pp. 313-320, (2020); 2018 International Conference on E Commerce E Administration E Society E Education and E Technology, (2018); Le, Xuancu, The diffusion of mobile QR-code payment: an empirical evaluation for a pandemic, Asia-Pacific Journal of Business Administration, 14, 4, pp. 617-636, (2022)","","University of Nigeria Department of Mass Communication","","","","","","27359891; 27359883","","","","English","Article","Final","","Scopus","2-s2.0-105007980944"
"H., Al Ghunaimi, Hisham; F.A., Almaqtari, Faozi A.; R., Wesonga, Ronald; A., Elmashtawy, Ahmed","Al Ghunaimi, Hisham (59195117100); Almaqtari, Faozi A. (57204105724); Wesonga, Ronald (55081977600); Elmashtawy, Ahmed (57983650600)","59195117100; 57204105724; 55081977600; 57983650600","The Rise of FinTech and the Journey Toward a Cashless Society: Investigating the Use of Mobile Payments by SMEs in Oman in the Context of Vision 2040","2025","Administrative Sciences","15","5","178","","","0","1","10.3390/admsci15050178","https://www.scopus.com/inward/record.uri?eid=2-s2.0-105006485742&doi=10.3390%2Fadmsci15050178&partnerID=40&md5=9ea75f8fe647a7171ba3d7499eb2f5e3","A’Sharqiyah University, Ibra, Oman; College of Science, Sultan Qaboos University, Muscat, Oman; Faculty of Commerce, Shibin El Kom, Egypt","Al Ghunaimi, Hisham, Department of Accounting and Finance, A’Sharqiyah University, Ibra, Oman; Almaqtari, Faozi A., Department of Accounting and Finance, A’Sharqiyah University, Ibra, Oman; Wesonga, Ronald, Department of Statistics, College of Science, Sultan Qaboos University, Muscat, Oman; Elmashtawy, Ahmed, Department of Accounting, Faculty of Commerce, Shibin El Kom, Egypt","This study investigates the factors that affect the adoption of mobile payment systems in Oman, focusing specifically on small and medium-sized enterprises (SMEs) within the expanding FinTech landscape. By utilizing secondary sources of data from the Central Bank of Oman and global FinTech reports, this research identifies essential enablers, such as security features and ease of use, which are propelled by developments in FinTech solutions. It also addresses the obstacles, such as high transaction fees and issues with authentication, that impede SMEs from embracing these technologies. Through an examination of worldwide FinTech adoption patterns, this research offers perspectives on Oman’s progress toward becoming a cashless society. This study employs sophisticated statistical techniques, including histograms and correlation analysis, to reveal significant trends in the rates of mobile payment adoption. The results emphasize the necessity for cooperative efforts among regulators, financial entities, and FinTech developers to minimize costs, strengthen digital infrastructure, and enhance user experiences. These findings are consistent with Oman’s Vision 2040, which aims to foster financial inclusion and propel the country’s shift toward a robust, digitally oriented economy powered by FinTech innovation. © 2025 Elsevier B.V., All rights reserved.","Apple Pay; Fintech; Google Pay; Mobile Payment; Oman Vision 2040; Small And Medium-sized Enterprises (smes)","","","","This research was funded by A\u2019Sharqiyah University, Internal Research Grant (IRG) Program, under the project titled \u201CThe Influence of Board Characteristics, Industry 4.0, and Fintech on Sustainability Performance in Oman: The Moderating Role of IT\u201D. Call number: 2024, sector: Culture Humanities and Basic Sciences (CBS). Research, Innovation and Technology Transfer Centre, Academic Affairs and Research office: ASU/IRG/23/24/02. The APC was funded by A\u2019Sharqiyah University.","Oman Mobile Wallet Market 20242030 Trends Outlook Forecast, (2023); Ahamed, Fayaz, The Rise of the Omani Digital Payment Sector: Trends, Adoption, and Future, pp. 181-185, (2023); Zenodo, (2023); Establishment of New Financial Service Authority, (2022); Social and Economic Analyses, (2019); Gross Domestic Product by State, (2011); Financial Stability Report, (2023); Regulatory Framework for Digital Financial Transactions, (2024); Comparing the Consumer Price Index with the Gross Domestic Product Price Index and Gross Domestic Product Implicit Price Deflator, (2016); Statistical Power Analysis for the Behavioral Sciences, (1988)","","Multidisciplinary Digital Publishing Institute (MDPI)","","","","","","20763387","","","","English","Article","Final","All Open Access; Gold Open Access","Scopus","2-s2.0-105006485742"
"J., Rubio, Jeniffer; A.B., Tulcanaza-Prieto, Ana Belén","Rubio, Jeniffer (57205266915); Tulcanaza-Prieto, Ana Belén (57348933000)","57205266915; 57348933000","Digital Payments Trust in Latin America and the Caribbean","2025","Economies","13","5","140","","","0","0","10.3390/economies13050140","https://www.scopus.com/inward/record.uri?eid=2-s2.0-105006423079&doi=10.3390%2Feconomies13050140&partnerID=40&md5=95918754506d1eb8c2504692147fbc4a","Universidad de las Americas - Ecuador, Quito, Ecuador; Universidad de las Americas - Ecuador, Quito, Ecuador","Rubio, Jeniffer, Centro de Investigaciones Económicas, Universidad de las Americas - Ecuador, Quito, Ecuador; Tulcanaza-Prieto, Ana Belén, Grupo de Investigación Negocios, Universidad de las Americas - Ecuador, Quito, Ecuador","The adoption of electronic payments has increased globally, driving economic growth by enabling smoother transactions. Digital payments enhance speed, security, trust, and efficiency, prompting governments to implement policies that promote financial inclusion through new payment technologies. However, trust in the financial system is crucial for adoption, given concerns about security, fraud, and data breaches. In Latin America and the Caribbean, where economies are vulnerable to external financial shocks, and trust in financial institutions is low, digital payment adoption presents both financial and social challenges. This study analyzes the impact of financial trust on the likelihood of using digital payments in 17 countries, based on the 2023 Latinobarómetro survey (19,205 individuals). Using logit models, it examines financial trust’s influence across income levels. Results show that trust in financial institutions increases the likelihood of digital payment adoption by 62%, with a stronger effect among high-income individuals. Younger age, higher education, and mobile phone ownership also correlate positively with adoption. This study highlights the need to foster financial trust to boost digital payments, enhance financial inclusion, and reduce cash usage—key for tackling inequality and informality. A major limitation is the lack of longitudinal data for further analysis. © 2025 Elsevier B.V., All rights reserved.","Digital Payments; Financial And Digital Trust; Financial System; Latin America And The Caribbean","","","","We extend our gratitude and acknowledgment to the Universidad de Las Am\u00E9ricas UDLA, which financially supported this research (2025).","Power and Progress Our Thousand Year Struggle Over Technology and Prosperity, (2023); Why Nations Fail the Origins of Power Prosperity and Poverty, (2012); Narrow Corridor States Societies and the Fate of Liberty, (2019); Adel, Nabil, The impact of digital literacy and technology adoption on financial inclusion in Africa, Asia, and Latin America, Heliyon, 10, 24, (2024); Ahmed, Selim, Building trust in cybernetic payment network: Insights from an emerging economy, Journal of Open Innovation: Technology, Market, and Complexity, 10, 3, (2024); AlBastaki, Thabet Yusuf, Factors affecting e-payment acceptance by customers: an empirical study in the Kingdom of Bahrain, Competitiveness Review, 34, 1, pp. 107-124, (2024); Amboage, Gabriel Bernardes, Technological adoption: the case of PIX in Brazil, Innovation and Management Review, 21, 3, pp. 198-211, (2024); Journal of Payments Strategy Systems, (2017); Building A Cashless Society the Swedish Route to the Future of Cash Payments, (2019); Aurazo, Jose, Why people use digital payments: Evidence from micro data in Peru, Latin American Journal of Central Banking, 2, 4, (2021)","","Multidisciplinary Digital Publishing Institute (MDPI)","","","","","","22277099","","","","English","Article","Final","","Scopus","2-s2.0-105006423079"
"M., Shehadeh, Maha; H.M., Dawood, H. M.; K., Hussainey, K.","Shehadeh, Maha (57559195100); Dawood, H. M. (57682020000); Hussainey, K. (16444230900)","57559195100; 57682020000; 16444230900","Digital financial literacy and usage of cashless payments in Jordan: the moderating role of gender","2025","International Journal of Accounting and Information Management","33","2","","354","382","0","11","10.1108/IJAIM-03-2024-0115","https://www.scopus.com/inward/record.uri?eid=2-s2.0-105003394535&doi=10.1108%2FIJAIM-03-2024-0115&partnerID=40&md5=4188d6e21a805c5da1ba9744a01c4576","Applied Science Private University, Amman, Jordan; UCSI University, Kuala Lumpur, Malaysia; Bangor Business School, Bangor, United Kingdom","Shehadeh, Maha, Department of Financial Technology and Risk Management, Applied Science Private University, Amman, Jordan; Dawood, H. M., UCSI University, Kuala Lumpur, Malaysia; Hussainey, K., Bangor Business School, Bangor, United Kingdom","Purpose: This study aims to examine the relationships between various components of digital financial literacy, namely, awareness, subjective knowledge, experience, the digital legal framework and skills, and their influence on the adoption of cashless payment systems among university affiliates in Jordan. It also explores the mediating role of gender in this relationship. The study integrates the Theory of Planned Behavior (TPB) and social role theory (SRT). Design/methodology/approach: This study uses a cross-sectional survey across 34 Jordanian universities. Data from 418 participants were analyzed, focusing on factor analysis to assess the constructs' reliability and validity and to explore the moderating effects. Findings: The findings illuminate that digital financial awareness, experience and skills are significant catalysts for using cashless payments among the targeted demographic. In contrast, the digital legal framework and subjective financial knowledge did not significantly influence cashless payment use. Additionally, gender differences emerged, highlighting a stronger association between digital financial experience and cashless payment usage for women. Originality/value: The study's uniqueness stems from its detailed analysis of digital financial literacy's effect on cashless payment adoption in Jordan's academia, incorporating aspects like legal frameworks, awareness, and skills. It innovatively considers gender's moderating role, adding fresh insights into digital finance practices. Using the TPB and SRT, the research connects theory with Jordan's empirical data, suggesting strategies for education and policy. This work advances understanding of digital financial literacy in fostering a more inclusive digital financial system, contributing significantly to digital finance and behavioral economics literature. © 2025 Elsevier B.V., All rights reserved.","Cashless Payment Usage; Digital Financial Awareness; Digital Financial Experience; Digital Financial Literacy; Financial Technology Usage; Fintech; Gender Differences; University Students","","","","","Competitiveness Review, (2024); Adetunji, Olubanjo Michael, The Relative Impact of Income and Financial Literacy on Financial Inclusion in Nigeria, Journal of International Development, 31, 4, pp. 312-335, (2019); Aguinis, Herman, Best-Practice Recommendations for Defining, Identifying, and Handling Outliers, Organizational Research Methods, 16, 2, pp. 270-301, (2013); Ajzen, Icek, The theory of planned behavior, Organizational Behavior and Human Decision Processes, 50, 2, pp. 179-211, (1991); Numeracy, (2013); Ammar, Anwar, Factors influencing Sudanese microfinance intention to adopt mobile banking, Cogent Business and Management, 3, 1, (2016); Lex Et Scientia Int L J, (2023); Aryan, Laith Abdallah, How digital financial literacy impacts financial behavior in Jordanian millennial generation, International Journal of Data and Network Science, 8, 1, pp. 117-124, (2024); Measuring Financial Literacy Results of the OECD International Network on Financial Education Infe Pilot Study, (2012); Babiarz, Patryk, Financial Literacy and Emergency Saving, Journal of Family and Economic Issues, 35, 1, pp. 40-50, (2014)","","Emerald Publishing","","","","","","18347649; 17589037","","","","English","Article","Final","","Scopus","2-s2.0-105003394535"
"R., Wang, Ruoyuan; C., Chan, Chungshing","Wang, Ruoyuan (58191038700); Chan, Chungshing (55968440800)","58191038700; 55968440800","A systematic literature review on payment methods in hospitality and tourism","2025","Information Technology and Tourism","27","1","107319","1","27","0","1","10.1007/s40558-024-00311-1","https://www.scopus.com/inward/record.uri?eid=2-s2.0-85217181016&doi=10.1007%2Fs40558-024-00311-1&partnerID=40&md5=eaa577f0c2761223d9c62984f5f5f6bb","Universität Innsbruck, Innsbruck, Austria; Chinese University of Hong Kong, Hong Kong, Hong Kong","Wang, Ruoyuan, Marketing and Tourism, Universität Innsbruck, Innsbruck, Austria; Chan, Chungshing, Department of Geography and Resource Management, Chinese University of Hong Kong, Hong Kong, Hong Kong","Payment methods have been undergoing a series of developments and changes in recent years due to technological innovations, policy support, and epidemics. This literature review comprehensively examines 265 articles on payment methods over the past decade from various perspectives (consumer, technology, merchant, meso-macro, etc.), focusing on research within the hospitality and tourism sector. Our review indicates that while research on payment methods in the hospitality and tourism field is less extensive than in other domains, it covers a wide range of topics. The most prevalent scenarios for payment methods in hospitality and tourism include restaurants, hotels, transportation, medical tourism, and the sustainability of payment methods. Among these, mobile payments are extensively explored, and digital currencies (including cryptocurrencies and Central Bank Digital Currency) are poised to be the next innovation in payment methods within the hospitality and tourism sector. Although biometric payments have received less attention, the growing habit of using biometrics (fingerprints, face recognition) to unlock personal devices is helping to promote this payment method. Additionally, this study identifies areas for future research focus and direction for scholars while providing both theoretical and practical contributions. © 2025 Elsevier B.V., All rights reserved.","Biometric Payments; Cashless Payments; Mobile Payments; Payment Innovations; Systematic Literature Review; Virtual Payments","","","","Open access funding provided by University of Innsbruck and Medical University of Innsbruck.","Abegao Neto, Fernando Luis, Effects of age and income moderation on adoption of mobile payments in Brazil, Innovation and Management Review, 20, 4, pp. 353-364, (2023); Agur, Itai, Designing central bank digital currencies, Journal of Monetary Economics, 125, pp. 62-79, (2022); Ahn, Sun-young, Does mobile payment use lead to overspending? The moderating role of financial knowledge, Computers in Human Behavior, 134, (2022); Ahn, Jaehong, A model for deriving trust and reputation on blockchain-based e-payment system, Applied Sciences (Switzerland), 9, 24, (2019); Aji, Hendy Mustiko, How e-wallets encourage excessive spending behavior among young adult consumers?, Journal of Asia Business Studies, 16, 6, pp. 868-884, (2022); Alt, Mónika Anetta, NFC m-payment as a driver for customer loyalty towards retailers amongst Generation Z, International Journal of Retail and Distribution Management, 51, 3, pp. 347-365, (2023); Beck, Thorsten, Payment instruments, finance and development, Journal of Development Economics, 133, pp. 162-186, (2018); Bounie, David, Card-sales response to merchant contactless payment acceptance, Journal of Banking and Finance, 119, (2020); Çapar, Haşim, Using cryptocurrencies and transactions in medical tourism, Journal of Economic and Administrative Sciences, 37, 4, pp. 677-693, (2021); Cheng, Nancy Tsz Yin, Mobile payment technology in hospitality and tourism: a critical review through the lens of demand, supply and policy, International Journal of Contemporary Hospitality Management, 33, 10, pp. 3636-3660, (2021)","","Springer Science and Business Media Deutschland GmbH","","","","","","10983058; 19434294","","","","English","Review","Final","All Open Access; Hybrid Gold Open Access","Scopus","2-s2.0-85217181016"
"P.N., Watts, Paul Nicholas; J., Hoskin, Janet; R., Upadhyay, Radhika; E., Tapley, Emma; G.M., Kwiatkowska, Gosia Malgosia","Watts, Paul Nicholas (52664581900); Hoskin, Janet (56204108900); Upadhyay, Radhika (59332726100); Tapley, Emma (59332948300); Kwiatkowska, Gosia Malgosia (55331661100)","52664581900; 56204108900; 59332726100; 59332948300; 55331661100","“I Forgot My Numbers and the Machine Swallowed It Up”: Adults With Learning Disabilities Share Their Perspectives on the Shift to a Cashless Society","2025","British Journal of Learning Disabilities","53","1","","103","112","0","0","10.1111/bld.12621","https://www.scopus.com/inward/record.uri?eid=2-s2.0-85204307639&doi=10.1111%2Fbld.12621&partnerID=40&md5=ffe25258df8f30bec664002f089aae5b","University of East London, London, United Kingdom; University of East London, London, United Kingdom; University of East London, London, United Kingdom","Watts, Paul Nicholas, School of Health Sport and Bioscience, University of East London, London, United Kingdom, University of East London, London, United Kingdom; Hoskin, Janet, University of East London, London, United Kingdom, Cass School of Education and Communities, University of East London, London, United Kingdom; Upadhyay, Radhika, School of Health Sport and Bioscience, University of East London, London, United Kingdom; Tapley, Emma, School of Health Sport and Bioscience, University of East London, London, United Kingdom; Kwiatkowska, Gosia Malgosia, University of East London, London, United Kingdom","Introduction: This paper examines the experiences of people with learning disabilities in the United Kingdom as society transitions towards cashless transactions and services. It is a significant study because it highlights the need to understand their digital financial experiences. Methods: This study employed an inclusive, interpretivist approach, focusing on participatory methods. Reflexive thematic analysis was used to analyse data from focus groups including 40 people with learning disabilities across 3 day services. This original study included co-researchers with lived experience of learning disabilities who assisted in data collection and analysis. Results: Four key themes emerged: heterogeneity of preferences for cash versus digital payments; the urgent need for support and training in digital financial literacy; balancing safeguarding and fostering independence; and accessibility challenges in physical and online banking environments. Conclusions: The shift to a cashless society poses significant challenges for people with learning disabilities, requiring tailored support and training in digital finance. Financial institutions should be cognisant of these needs, suggesting that systemic changes are required for improved financial inclusion. The study highlights the importance of including people with learning disabilities in the design of digital financial tools and policies, to support their financial autonomy and independence. © 2025 Elsevier B.V., All rights reserved.","Inclusive Education; Independent Living; Learning (intellectual) Disabilities; Social Interaction","","","","The research team is very grateful for the contributions and cooperation of the research participants, co\u2010researchers and the staff at the day services who were the setting for this research. Funding for this research was provided by the UEL East London Impact Scholars Award (ELISA).","Abbott, David, Money, finance and the personalisation agenda for people with learning disabilities in the UK: Some emerging issues, British Journal of Learning Disabilities, 41, 2, pp. 106-113, (2013); Alfredsson Ågren, Kristin, Internet activities and social and community participation among young people with learning disabilities, British Journal of Learning Disabilities, 51, 2, pp. 125-134, (2023); Bielefeld, Shelley, The cashless debit card and rights of persons with disabilities, Alternative Law Journal, 44, 2, pp. 114-120, (2019); Braun, Virginia, Reflecting on reflexive thematic analysis, Qualitative Research in Sport, Exercise and Health, 11, 4, pp. 589-597, (2019); undefined, (2020); Caton, Sue, Internet safety, online radicalisation and young people with learning disabilities, British Journal of Learning Disabilities, 50, 1, pp. 88-97, (2022); undefined, (2019); Chinn, Deborah, Easy read and accessible information for people with intellectual disabilities: Is it worth it? A meta-narrative literature review, Health Expectations, 20, 6, pp. 1189-1200, (2017); undefined, (2024); Conder, Jennifer Ann, “Getting by”: People with learning disability and the financial responsibility of independent living, British Journal of Learning Disabilities, 48, 3, pp. 251-257, (2020)","","John Wiley and Sons Inc","","","","","","13544187; 14683156","","","","English","Article","Final","All Open Access; Hybrid Gold Open Access","Scopus","2-s2.0-85204307639"
"A.F., Aysan, Ahmet Faruk; O., Ozturk, Ozcan; N.H., Selim, Noha Hesham","Aysan, Ahmet Faruk (18433415200); Ozturk, Ozcan (57222548591); Selim, Noha Hesham (59314571400)","18433415200; 57222548591; 59314571400","Local power, global reach: the rise and impact of domestic payment networks in the financial landscape","2025","Journal of Science and Technology Policy Management","16","1","","143","162","0","3","10.1108/JSTPM-12-2023-0227","https://www.scopus.com/inward/record.uri?eid=2-s2.0-85203184794&doi=10.1108%2FJSTPM-12-2023-0227&partnerID=40&md5=ae8e63a31da670af530168d7aaa1aef1","Hamad Bin Khalifa University, Doha, Qatar; Hamad Bin Khalifa University, Doha, Qatar","Aysan, Ahmet Faruk, Department of Islamic Finance, Hamad Bin Khalifa University, Doha, Qatar; Ozturk, Ozcan, College of Public Policy, Hamad Bin Khalifa University, Doha, Qatar; Selim, Noha Hesham, Department of Islamic Finance, Hamad Bin Khalifa University, Doha, Qatar","Purpose: There is an increasing shift toward cashless societies worldwide, with electronic payment networks at the forefront of facilitating this transition. The purpose of this research is to explore the critical role of domestic payment networks and to propose recommendations for the effective implementation of such networks. Design/methodology/approach: This research paper uses a multiple-case study design, informed by global best practices in domestic payment systems. Using thematic and content analysis methodologies, this research rigorously analyzes secondary data sources to investigate the strategic importance of domestic payment networks to national economies and the motivations driving their developments. Findings: This paper illuminates the role of domestic payment networks in advancing cost-effective transactions, enhancing financial inclusion and safeguarding national sovereignty. It highlights the growing trend among nations to prioritize the development of their own payment systems. The research further explores the strategic initiatives undertaken by governments to prefer domestic over multinational networks, thereby maintaining control over their financial systems and safeguarding economic interests. Additionally, the study addresses the challenges these networks face, providing a thorough analysis that serves as insight for policymakers and financial institutions aiming to develop and improve their domestic payment infrastructures amidst current and future challenges. Originality/value: This study contributes to the existing literature on domestic payment networks by studying their significance within the global financial ecosystem, particularly highlighting their role in advancing financial inclusion and ensuring national financial sovereignty. This research paper uses competition state theory as a foundation for its arguments and provides policy and practical recommendations for policymakers and financial institutions. Through this synthesis, the research aims to facilitate the enhancement and strategic development of domestic payment infrastructures globally. © 2025 Elsevier B.V., All rights reserved.","Domestic Payment Networks; Financial Market Infrastructure; Mada; Mir; Rupay; Unionpay","","","","","Al-Okaily, Manaf, The Determinants of Digital Payment Systems’ Acceptance under Cultural Orientation Differences: The Case of Uncertainty Avoidance, Technology in Society, 63, (2020); Asokan, N., The state of the art in electronic payment systems, Computer, 30, 9, pp. 28-35, (1997); the Costs of Paying Private and Social Costs of Cash and Card Payments, (2007); Domestic Payment Card Networks Emerging Opportunities and Challenges, (2011); Cards Based on Russias Mir Payment System May Soon Be Accepted at Atms and the Point of Sale Terminals in India, (2024); Economic Perspectives, (2008); Chakravorti, Sujit, Externalities in payment card networks: Theory and evidence, Review of Network Economics, 9, 2, (2010); National Payments Schemes Drivers of Economic and Social Benefits, (2014); General Guidance for National Payment System Development, (2012); Russia India May Soon Accept Each Other S Rupay Mir Payment Systems, (2022)","","Emerald Publishing","","","","","","20534620; 20534639","","","","English","Article","Final","","Scopus","2-s2.0-85203184794"
"T., Linh, Truongtuan","Linh, Truongtuan (58633282400)","58633282400","Adoption of Digital Payment Methods in Vietnam: Key Determinants and Distribution Analysis","2025","Journal of Distribution Science","23","2","","39","49","0","3","10.15722/jds.23.02.202502.39","https://www.scopus.com/inward/record.uri?eid=2-s2.0-86000794737&doi=10.15722%2Fjds.23.02.202502.39&partnerID=40&md5=48c5a5bfc961c33569340ed6e18b2d0b","Phenikaa University, Hanoi, Viet Nam","Linh, Truongtuan, Faculty of Economics and Business, Phenikaa University, Hanoi, Viet Nam","Purpose: This study aims to identify the key determinants influencing the adoption of digital payment methods (DPMs) and to examine the primary channels through which these methods are commonly utilized. Research design, data and methodology: A survey of 811 residents from the Northern mountainous region was conducted, and the collected data were analyzed using the multivariate probit model. Results: Descriptive analysis indicates that Bank transfers are the most widely adopted DPMs, followed by Smart Banking/QR codes, E-wallets, and Visa cards. High adoption rates in retail, utility payments, and online shopping highlight the immediate value and convenience these contexts offer users. The main result further uncovers notable differences in the distribution and usage of DPMs influenced by socioeconomic and contextual factors. Conclusions: Key motivators for adoption include habitual use, prior exposure, and promotional incentives. Investments in digital infrastructure are critical to bridging the urban-rural divide, particularly in rural areas. Financial literacy programs tailored to rural populations can enhance familiarity with DP systems, especially Smart Banking/QR codes and Visa cards. The findings provide actionable insights for stakeholders, including policymakers, financial institutions, and technology providers, to foster a more inclusive and accessible DP ecosystem. © 2025 Elsevier B.V., All rights reserved.","Cashless; Digital Payment; Digital Payment Adoption; E-payment; Mvprobit","","","","","Abdallah, Wael, The impact of digital financial literacy on financial behavior: customers’ perspective, Competitiveness Review, 35, 2, pp. 347-370, (2025); Afjal, Mohd, Bridging the financial divide: a bibliometric analysis on the role of digital financial services within FinTech in enhancing financial inclusion and economic development, Humanities and Social Sciences Communications, 10, 1, (2023); Andaregie, Adino, Exploring individuals' socioeconomic characteristics and digital infrastructure determinants of digital payment adoption in Ethiopia, Digital Business, 4, 2, (2024); Gupta, Chander Mohan, E-banking, Fintech, & Financial Crimes: The Current Economic and Regulatory Landscape, pp. 1-170, (2024); Cao, Xiongfei, Understanding mobile payment users’ continuance intention: a trust transfer perspective, Internet Research, 28, 2, pp. 456-476, (2018); Multivariate Probit Regression using Simulated Maximum Likelihood, 3, 3, pp. 278-294; Chawla, Deepak, Consumer attitude and intention to adopt mobile wallet in India – An empirical study, International Journal of Bank Marketing, 37, 7, pp. 1590-1618, (2019); Chohan, Fulshah, Building Customer Loyalty In Digital Transaction Using QR Code: Quick Response Code Indonesian Standard (QRIS), Journal of Distribution Science, 20, 1, pp. 1-11, (2022); Chuc, Nguyen Dinh, Digital Transformation in Vietnam: Policies, Results and Recommendations, Journal of Southeast Asian Economies, 40, 1, pp. 127-144, (2023); Ciupac-Ulici, Maria Lenuţa, Which Factors Contribute to the Global Expansion of M-Commerce?, Electronics (Switzerland), 12, 1, (2023)","","KODISA Foundation","","","","","","20937717; 17383110","","","","English","Article","Final","","Scopus","2-s2.0-86000794737"
"S., Bibi, Samuele","Bibi, Samuele (57216765683)","57216765683","Bitcoin, Central Bank Digital Currency and the Loss of Money Value(s)","2025","Review of Political Economy","","","","","","0","1","10.1080/09538259.2025.2456734","https://www.scopus.com/inward/record.uri?eid=2-s2.0-86000248443&doi=10.1080%2F09538259.2025.2456734&partnerID=40&md5=5aa04dd57bf256ca360d2771c7850415","Aalborg University Business School, Aalborg, Denmark","Bibi, Samuele, Aalborg University Business School, Aalborg, Denmark","Over recent decades, especially since the 2007–08 global financial crisis, the world has experienced a rapid shift toward the adoption of digital payment methods. This trend has been driven by the rise of cryptocurrencies and introduction of central bank digital currencies (CBDCs), which are accelerating the move to a cashless society. This article explores the socio-cultural and geopolitical values of cash, often overlooked in the transition to digital currencies such as bitcoin and CBDCs. Using a historical lens, we analyze the role of cash in shaping culture, history, and geopolitics and propose policy measures to integrate these values into the design of digital currencies. © 2025 Elsevier B.V., All rights reserved.","Bitcoin; Cash; Central Bank Digital Currency; Digitalization Of Payments; Money Values","","","","","undefined, (2023); Aglietta, Michel, The Violence of Money (Excerpt): Monetary Crises, pp. 27-66, (2020); Alary, Pierre, Institutionalist Theories of Money: An Anthology of the French School, pp. 1-273, (2020); undefined, (2021); Avgouleas, Emilios E., A critical evaluation of Central Bank Digital Currencies (CBDCs): payments’ final frontier?, Capital Markets Law Journal, 19, 2, pp. 103-112, (2024); undefined, (2018); undefined, (2024); undefined, (2022); undefined, (1969); undefined, (2018)","","Routledge","","","","","","09538259; 14653982","","","","English","Article","aip","All Open Access; Hybrid Gold Open Access","Scopus","2-s2.0-86000248443"
"P., Hamm, Peter; F., Tronnier, Frédéric; D., Harborth, David","Hamm, Peter (57210860253); Tronnier, Frédéric (57218403718); Harborth, David (57200565323)","57210860253; 57218403718; 57200565323","Can the Digital Euro Succeed where Bitcoin Failed? A Multigroup Comparison of Adoption Intention in Digital Currencies in Germany","2025","Pacific Asia Journal of the Association for Information Systems","17","1","","82","109","0","1","10.17705/1pais.17105","https://www.scopus.com/inward/record.uri?eid=2-s2.0-85217108110&doi=10.17705%2F1pais.17105&partnerID=40&md5=4c12595a94c0efb5f71ec726684e1e37","Goethe-Universität Frankfurt am Main, Frankfurt am Main, Germany","Hamm, Peter, Goethe-Universität Frankfurt am Main, Frankfurt am Main, Germany; Tronnier, Frédéric, Goethe-Universität Frankfurt am Main, Frankfurt am Main, Germany; Harborth, David, Goethe-Universität Frankfurt am Main, Frankfurt am Main, Germany","Background: The way we interact with money is undergoing a sea change. Prompted by the move to more digital transactions and a significant decline in cash usage, central banks are mulling the introduction of central bank digital currencies (CBDC). However, the failure of cryptocurrencies to, despite all the hype, gain widespread adoption as a retail payment solution, poses the question whether central banks can succeed where cryptocurrencies failed. Method: We present an adoption model for digital currencies, and adapt it separately to cryptocurrencies, stablecoins and CBDC. These models are evaluated in a large-scale user study with 785 respondents from Germany representative of the working-age population. This allows us to test whether CBDC are evaluated differently from cryptocurrencies using multigroup-analysis. Results: We find that adoption of all three currencies is similarly driven by self-efficacy and trust, while risk factors only show a negligible effect on adoption intention. Furthermore, CBDC score higher for both anteceding measures, indicating a higher willingness to adopt CBDC among the German population. Conclusion: This study offers encouraging signs for the future adoption potential of CBDC, as while the underlying adoption process could not be shown to be different, the observed level of self-efficacy and trust towards CBDC was significantly higher than for both classical cryptocurrencies and stablecoins. Additionally, this paper illustrates how multigroup analysis can be employed to compare the adoption process of different technologies as long as equivalent model items can be found for each technology. © 2025 Elsevier B.V., All rights reserved.","Central Bank Digital Currency; Cryptocurrency; Digital Currencies; Technology Adoption","","","","This work was supported by the Vereinigung von Freunden und F\u00F6rderern der Johann Wolfgang Goethe Universit\u00E4t Frankfurt am Main e. V. under Grant 02-2303-0053.","Abooleet, Saeed, Investigating Users’ Continuous Adoption of Cryptocurrency, (2023); Abramova, Svetlana, Perceived benefit and risk as multidimensional determinants of bitcoin use: A quantitative exploratory study, (2016); Ajzen, Icek, The theory of planned behavior, Organizational Behavior and Human Decision Processes, 50, 2, pp. 179-211, (1991); Aladwani, Adel M., Online banking: A field study of drivers, development challenges, and expectations, International Journal of Information Management, 21, 3, pp. 213-225, (2001); Journal of Electronic Banking Systems, (2021); Abdallah Alalwan, Ali Abdallah, Consumer adoption of mobile banking in Jordan: Examining the role of usefulness, ease of use, perceived risk and self-efficacy, Journal of Enterprise Information Management, 29, 1, pp. 118-139, (2016); Albayati, Hayder, Accepting financial transactions using blockchain technology and cryptocurrency: A customer perspective approach, Technology in Society, 62, (2020); Alharbi, Abdullah I., Technology Readiness and Cryptocurrency Adoption: PLS-SEM and Deep Learning Neural Network Analysis, IEEE Access, 9, pp. 21388-21394, (2021); Almarashdeh, Ibrahim, The adoption of bitcoins technology: The difference between perceived future expectation and intention to use bitcoins: Does social influence matter?, International Journal of Electrical and Computer Engineering, 11, 6, pp. 5351-5366, (2021); Angino, Siria, The cultural origins of institutional trust: The case of the European Central Bank, European Union Politics, 23, 2, pp. 212-235, (2022)","","Association for Information Systems","","","","","","19437536; 19437544","","","","English","Article","Final","","Scopus","2-s2.0-85217108110"
"","","60065068100; 60065037000","Digital Payment: An Analysis of Demographic Facets of Rural Population","2025","Lecture Notes in Electrical Engineering","1400 LNEE","","","139","146","0","0","10.1007/978-981-96-4391-2_15","https://www.scopus.com/inward/record.uri?eid=2-s2.0-105014092925&doi=10.1007%2F978-981-96-4391-2_15&partnerID=40&md5=ec927eb10804bd200e63c26fd9bae7bd","Kristu Jayanti College, Bengaluru, India","null, null, Department of Commerce, Kristu Jayanti College, Bengaluru, India; null, null, Department of Commerce, Kristu Jayanti College, Bengaluru, India","Cashless economy is the mantra of the all developing economy across the globe. In the light of the financial inclusion and digital revolution, government encouraging the usage of digital payment system. In this regard, one should understand the complexity of fabrication of the economy not only urban but also the rural population. This study encompasses the rural demographics which are vital in facets of the digital payment system. The adoption of digital payment system in influenced by the facets viz., trust, access, awareness and convenience coupled by age, gender, education and occupational status. This study evolves the survey of primary data (328 respondents), and utilization of tools viz., Kruskal Wallis test, structural equation model and mediation analysis. The major finding includes establishment of mediation relationship between adoption and facets of digital payment system. The study shows implication towards business, and government agencies in the developing appropriate measures and product offering. © 2025 Elsevier B.V., All rights reserved.","Demographic; Digital Payment Facets; Mediation Analysis; Rural Population; Sem Model; Electronic Money; Rural Areas; Demographic; Developing Economies; Digital Payment Facet; Digital Revolution; Financial Inclusions; Mediation Analysis; Payment Systems; Primary Data; Rural Population; Sem Model; Population Statistics","Electronic money; Rural areas; Demographic; Developing economies; Digital payment facet; Digital revolution; Financial inclusions; Mediation analysis; Payment systems; Primary data; Rural population; SEM model; Population statistics","","","","undefined; undefined; Foroudi, Pantea, Investigating the effects of smart technology on customer dynamics and customer experience, Computers in Human Behavior, 80, pp. 271-282, (2018); Singha, Surjit, Exploring the convergence of digital currencies and e-commerce: Implications for financial system stability, pp. 115-143, (2024); Hoyer, Wayne D., Transforming the Customer Experience Through New Technologies, Journal of Interactive Marketing, 51, pp. 57-71, (2020); Journal of Information Systems and Technology Management, (2017); Dzogbenuku, Robert Kwame, Digital Payments and Financial Wellbeing of the Rural Poor: The Moderating Role of Age and Gender, Journal of International Consumer Marketing, 34, 2, pp. 113-136, (2022); Mobile Payments Go Viral M Pesa in Kenya, (2010); International Journal of Scientific and Engineering Research, (2014); Ashoka, M.l L., Consumer perception and satisfaction towards internet banking and mobile banking with reference to nationalized banks in rural India, International Journal of Asian Business and Information Management, 8, 4, pp. 29-40, (2017)","Gunjan, V.K.; Zurada, J.M.; Kumar, A.; Singh, S.N.","Springer Science and Business Media Deutschland GmbH","","3rd International Conference on Computational Intelligence in Machine Learning, ICCIML 2023","","Hyderabad","336879","18761119; 18761100","9789819680023; 9789819658473; 9789819600571; 9789819644292; 9789819637577; 9783319030135; 9783642363283; 9789819648115; 9783642384653; 9789819920914","","","English","Conference paper","Final","","Scopus","2-s2.0-105014092925"
"A., Panyagometh, Aweewan; M., Laokulrach, Marisa; A., Čaplánová, Anetta","Panyagometh, Aweewan (58242545500); Laokulrach, Marisa (57200797081); Čaplánová, Anetta (6506758007)","58242545500; 57200797081; 6506758007","Enhancing Governance and Financial Systems: Evaluating the Impact of PromptPay in Thailand","2025","Communications in Computer and Information Science","2563 CCIS","","","29","41","0","0","10.1007/978-3-031-95901-1_3","https://www.scopus.com/inward/record.uri?eid=2-s2.0-105013060084&doi=10.1007%2F978-3-031-95901-1_3&partnerID=40&md5=a6fa99136344d817cb712eea2a9ccefc","National Institute of Development Administration, Bangkok, Thailand; University of Economics Bratislava, Bratislava, Slovakia","Panyagometh, Aweewan, International College, National Institute of Development Administration, Bangkok, Thailand; Laokulrach, Marisa, International College, National Institute of Development Administration, Bangkok, Thailand; Čaplánová, Anetta, Department of Economics, University of Economics Bratislava, Bratislava, Slovakia","PromptPay is Thailand’s national digital payment system, which was launched in 2017. It has reshaped financial transactions and government services in promoting a cashless society. This system offers a fast, secure, and cost-efficient alternative to traditional payment methods. This paper explores the broader impact of PromptPay focusing on its ability to enhance government efficiency, reduce corruption, and create opportunities for financial inclusion. PromptPay has significantly cut costs by simplifying processes such as tax refunds, welfare payments, and charitable donations, and at the same time, increased transparency and accountability. At its core, PromptPay serves as a platform for knowledge sharing within public administration. It enables government agencies to make more informed decisions and improve service delivery. This study employs cost-benefit analysis to assess the economic and operational advantages of PromptPay. The study also points out how it has driven Thailand’s digital transformation and supported the country’s shift toward a knowledge-driven governance model. At the end, the study provides lessons for Thailand and other nations, which seek to implement digital payment systems to achieve more efficient and transparent public administration. © 2025 Elsevier B.V., All rights reserved.","Digital Payment; Digital Transformation; E42 Monetary Systems; G28 Government Policy And Regulation; Government And The Monetary System; Knowledge Management; Organizational Efficiency; Payment Systems; Promptpay; Regimes; Standards; Transparency In Government; Cost Benefit Analysis; E-government; Economic Analysis; Efficiency; Electronic Money; Knowledge Acquisition; Knowledge Transfer; Public Administration; Taxation; Transparency; Digital Payment; Digital Transformation; E42 Monetary System; G28 Government Policy And Regulation; Government And The Monetary System; Monetary System; Organizational Efficiency; Payment Systems; Policy And Regulation; Promptpay; Regime; Transparency In Government; Knowledge Management","Cost benefit analysis; e-government; Economic analysis; Efficiency; Electronic money; Knowledge acquisition; Knowledge transfer; Public administration; Taxation; Transparency; Digital payment; Digital transformation; E42 monetary system; G28 government policy and regulation; Government and the monetary system; Monetary system; Organizational efficiency; Payment systems; Policy and regulation; Promptpay; Regime; Transparency in government; Knowledge management","","","This paper was prepared with the support of the ODDEA Horizon EuropeMSCA-SE project ID 10108638. This support is gratefully acknowledged. Views and opinions expressed are, however, those of the author(s) only and do not necessarily reflect those of the European Union or European Research Executive Agency. Neither the European Union nor the granting authority can be held responsible for them.","Factors Affecting the Decision to Refund Personal Income Tax Via Promptpay of Personal Income Taxpayers Filing Tax Return Through the Internet in Nakhon Pathom Province, (2017); Hirose Nishihara, Ayano, Preface, pp. vii-xvi, (2017); Are Emerging Technologies Helping Win the Fight Against Corruption; Thailand Falls 7 Places in Corruption Survey, (2023); Thai Payments and the Next Step into the Digital World, (2021); undefined; J Manage Sci Chiangrai Rajabhat Univ, (2019); undefined, (2023); Glassey, Olivier François, A knowledge-sharing framework for public administrations, IFIP Advances in Information and Communication Technology, 189, pp. 125-139, (2005); Did You Know that Cash in Hand Incurs Costs to the Economy Amounting to 50 Billion Baht, (2022)","Uden, L.; Ting, I.-H.","Springer Science and Business Media Deutschland GmbH","","19th International Conference on Knowledge Management in Organisations, KMO 2025","","Kota Kinabalu","336269","18650937; 18650929","9789819671748; 9789819664610; 9783032026743; 9783032008831; 9783032026712; 9789819671779; 9783031949425; 9789819666874; 9783031936968; 9783031941207","","","English","Conference paper","Final","","Scopus","2-s2.0-105013060084"
"P., Kumar, Piyush; A., Venaik, Anita; R., Goyal, Radhika; U., Venaik, Utkarsh","Kumar, Piyush (57225916571); Venaik, Anita (57210204662); Goyal, Radhika (57880874000); Venaik, Utkarsh (57787443200)","57225916571; 57210204662; 57880874000; 57787443200","Penetration of UPI Payment Methods in Indian States: A Comparative Study on Metropolitan States Versus Other States","2025","Lecture Notes in Networks and Systems","1298 LNNS","","","579","599","0","0","10.1007/978-981-96-3355-5_44","https://www.scopus.com/inward/record.uri?eid=2-s2.0-105013049579&doi=10.1007%2F978-981-96-3355-5_44&partnerID=40&md5=fee59b140d6da99835998df315dde343","Amity University, Noida, India; Amity University, Noida, India; Indraprastha Institute of Information Technology, Delhi, New Delhi, India","Kumar, Piyush, Amity University, Noida, India; Venaik, Anita, Amity University, Noida, India; Goyal, Radhika, Amity University, Noida, India; Venaik, Utkarsh, Department of Computer Science and Artificial Intelligence, Indraprastha Institute of Information Technology, Delhi, New Delhi, India","India is a developing country and is progressing at a rapid pace in terms of technology advancements, and infrastructure development. The growth rate has been tremendous in all sectors and India is ready to be third largest economy (https://www.dqindia.com/news/indian-travellers-can-now-make-payments-using-phonepe-in-singapore-4473305) very soon. Out of all the sectors, the banking and finance sector has shown a significant boom after the central bank allowed people to use digital modes of payment. Today, whether it is a rich person or an auto rickshaw driver, everyone accepts cashless transactions. In this article, the authors study about the depth by which the UPI mode of payment has reached the grassroot level in India. A thorough comparative analysis among metropolitan states and non-metropolitan states has been done using the financial data taken from Kaggle. Although this mode of payment has brought disruption in the industry, there are still a few limitations due to which it hasn’t reached its full potential. These include lack of infrastructure, online fraud and lack of advanced cyber security. UPI mode of payment has become global, and many other countries are opting for it for convenience of their citizens and transfer of money. © 2025 Elsevier B.V., All rights reserved.","Data Analysis; Digital Payment; Financial Intelligence System; Googlepay; Indian States; Paytm; Phonepe; Tableau; Upi Payments; Developing Countries; Electronic Money; Finance; Soft Computing; Digital Payment; Financial Intelligence System; Googlepay; Indian State; Intelligence Systems; Payment Methods; Paytm; Phonepe; Tableau; Upi Payment; Data Reduction","Developing countries; Electronic money; Finance; Soft computing; Digital payment; Financial intelligence system; Googlepay; Indian state; Intelligence systems; Payment methods; Paytm; Phonepe; Tableau; UPI payment; Data reduction","","","","undefined; Dme J Manag, (2023); undefined; undefined; What is Upiall You Need to Know about Unified Payment Interface; Sambodhi Ugc Care J, (2021); undefined; India Int J Case Stud Bus, (2021); undefined; undefined","Swaroop, A.; Virdee, B.; Correia, S.D.; Polkowski, Z.","Springer Science and Business Media Deutschland GmbH","","5th International Conference on Data Analytics and Management, ICDAM 2024","","London","330679","23673389; 23673370","9789819652372; 9783031931055; 9789819662968; 9783031999963; 9783031950162; 9783031947698; 9783032004406; 9783031910074; 9783031926105; 9789819639410","","","English","Conference paper","Final","","Scopus","2-s2.0-105013049579"
"M.Z., Mumtaz, Muhammad Zubair; Z.A., Smith, Zachary Alexander; N., Yoshino, Naoyuki","Mumtaz, Muhammad Zubair (57072975200); Smith, Zachary Alexander (56400432100); Yoshino, Naoyuki (7006313177)","57072975200; 56400432100; 7006313177","CRYPTOCURRENCIES, MONEY DEMAND, AND MONETARY POLICY","2025","Buletin Ekonomi Moneter dan Perbankan/Monetary and banking economics bulletin","28","2","","293","312","0","0","10.59091/2460-9196.1722","https://www.scopus.com/inward/record.uri?eid=2-s2.0-105012871755&doi=10.59091%2F2460-9196.1722&partnerID=40&md5=95d86691e6306e42db2ae06ac793689e","University of Bahrain, Zallaq, Bahrain; Saint Leo University, St Leo, United States; Keio University, Tokyo, Japan","Mumtaz, Muhammad Zubair, University of Bahrain, Zallaq, Bahrain; Smith, Zachary Alexander, Tapia College of Business, Saint Leo University, St Leo, United States; Yoshino, Naoyuki, Keio University, Tokyo, Japan","This study examines the nexus between money demand and cryptocurrencies by estimating two simultaneous equations using Divisia indices as a proxy for money demand and volume traded for cryptocurrencies. The study examines the linkage between cryptocurrencies and money demand and their potential influence over monetary policy actions. It finds that the volume of cryptocurrencies traded negatively influences money demand. Moreover, we see a positive association between money demand and cryptocurrencies, implying that as the demand for money increases, the demand for cryptocurrencies increases. Further, we examine the determinates of cryptocurrencies and report that the return of cryptocurrencies, the financial development index, GDP, inflation, and stock market indices are significant predictors of the demand for cryptocurrencies. © 2025 Elsevier B.V., All rights reserved.","Cryptocurrencies; Monetary Policy; Money Demand","","","","","Aalborg, Halvor Aarhus, What can explain the price, volatility and trading volume of Bitcoin?, Finance Research Letters, 29, pp. 255-265, (2019); Vaninsky, Alexander Y., Factorial decomposition of CO2 emissions: A generalized Divisia index approach, Energy Economics, 45, pp. 389-400, (2014); Ammous, Saifedean, Can cryptocurrencies fulfil the functions of money?, Quarterly Review of Economics and Finance, 70, pp. 38-51, (2018); Arize, Augustine Chuck, Effects of Financial Innovations on the Money Demand Function: Evidence From Japan, International Economic Journal, 4, 1, pp. 59-70, (1990); Ball, Laurence M., Short-run money demand, Journal of Monetary Economics, 59, 7, pp. 622-633, (2012); Barnett, William A., The user cost of money, Economics Letters, 1, 2, pp. 145-149, (1978); Barnett, William A., Economic monetary aggregates an application of index number and aggregation theory, Journal of Econometrics, 14, 1, pp. 11-48, (1980); Baur, Dirk G., Bitcoin time-of-day, day-of-week and month-of-year effects in returns and trading volume, Finance Research Letters, 31, pp. 78-92, (2019); American Economic Review, (1988); Energy Journal, (1987)","","Bank Indonesia Institute","","","","","","14108046; 24609196","","","","English","Article","Final","","Scopus","2-s2.0-105012871755"
"T.S., Camacho, Tatiana Silveira; G.J.C.D., Silva, Guilherme Jonas Costa Da","Camacho, Tatiana Silveira (60033856700); Silva, Guilherme Jonas Costa Da (60034166500)","60033856700; 60034166500","Central Bank Digital Currencies (CBDCs) and Instant Payments: alternatives to global digital asset markets for Brazil and India; Moedas Digitais de Bancos Centrais (CBDCs) e Pagamentos Instantâneos: alternativas aos mercados globais de ativos digitais para Brasil e Índia","2025","Brazilian Journal of Political Economy","45","3","e253523","","","0","0","10.1590/0101-31572025-3523","https://www.scopus.com/inward/record.uri?eid=2-s2.0-105012855144&doi=10.1590%2F0101-31572025-3523&partnerID=40&md5=f0a9ef794fe67a903e8926d7d426c642","Universidade Federal de Uberlândia, Uberlandia, Brazil; CEDEPLAR/UFMG and Universidade Federal de Uber-lândia-UFU, Uberlandia, Brazil","Camacho, Tatiana Silveira, Universidade Federal de Uberlândia, Uberlandia, Brazil; Silva, Guilherme Jonas Costa Da, CEDEPLAR/UFMG and Universidade Federal de Uber-lândia-UFU, Uberlandia, Brazil","This article aims to analyse the strategy of central banks in emerging market economies (EMEs) as they navigate the increasing digitalized financial landscape. Evidence indicates a trend of declining physical cash usage, particularly among younger adults. This study utilizes qualitative data from Brazil and India, sourced from the Bank of International Settlements (BIS) spanning 2012-2020, and incorporates an extrapolation exercise to support its findings. This shift towards digital payments has raised concerns regarding the po-tential loss of monetary autonomy and domestic macroeconomic stability. However, some central banks in EMEs, such as in Brazil and India, have proactively advanced in the implementation of Central Bank Digital Currencies (CBDCs) and fast payment instruments to address the rapid growth of unregulated global digital asset markets. © 2025 Elsevier B.V., All rights reserved.","Cash Ratios; Central Bank Digital Currencies; Emerging Market Economies","","","","","International Monetary Fund, (2021); Bis Quarterly Review, (2020); Bis Papers, (2022); Bis Quarterly Review, (2020); Resolucao No1 De 12 De Agosto De 2020 Institui O Arranjo De Pagamentos do Pix E Aprova O Seu Regulamento, (2020); Relatorio De Economia Bancaria do Banco Central 2019, (2020); Sistema De Pagamentos Brasileiros Pix, (2021); Real Digital Contextualizacao, (2022); Bank for International Settlements, (2018); Bank for International Settlements, (2022)","","Universidade de Sao Paulo. Museu de Zoologia","","","","","","01013157; 18094538","","","","English","Article","Final","","Scopus","2-s2.0-105012855144"
"G.V., Khetagurov, Georgii V.; T.S., Tinikashvili, Tengiz Sh; A.U., Ogoev, Alan U.","Khetagurov, Georgii V. (57210114548); Tinikashvili, Tengiz Sh (57469313100); Ogoev, Alan U. (60019153200)","57210114548; 57469313100; 60019153200","The specifics and problems of the retail payments development using bank cards in the mountainous regions of Russia (the example of the republic of North Ossetia – Alania)","2025","Sustainable Development of Mountain Territories","17","1","","226","234","0","0","10.21177/1998-4502-2025-17-1-226-234","https://www.scopus.com/inward/record.uri?eid=2-s2.0-105011933979&doi=10.21177%2F1998-4502-2025-17-1-226-234&partnerID=40&md5=f58b4f1061dc8dc4e73f85ddd6496cbf","North Caucasian Mining and Metallurgical Institute, Vladikavkaz, Russian Federation; North-Ossetian State University, Vladikavkaz, Russian Federation; Financial University under the Government of the Russian Federation, Moscow, Russian Federation","Khetagurov, Georgii V., Faculty of Economics, North Caucasian Mining and Metallurgical Institute, Vladikavkaz, Russian Federation; Tinikashvili, Tengiz Sh, North-Ossetian State University, Vladikavkaz, Russian Federation, Financial University under the Government of the Russian Federation, Moscow, Russian Federation; Ogoev, Alan U., North-Ossetian State University, Vladikavkaz, Russian Federation","Introduction. The article discusses the features and problems of the development of retail payments using bank cards in the mountainous regions of Russia (using the example of the Republic of North Ossetia – Alania). The data on the bank payment card market in the republic is analyzed, conclusions are formulated regarding current trends and problems of market development, and forecasts for the market are made. Materials and methods. The study is an analytical review based on secondary sources of information: official data from government agencies, periodicals, and online publications. Results. A general analysis of the retail cashless payments market in North Ossetia shows that the popularity of plastic cards in the republic is steadily growing. The key factors determining the growth of card transactions in North Ossetia – Alania are the convenience of this payment instrument and the activity of banks in the implementation of various bonus programs. Discussion. In the Republic of North Ossetia – Alania, there is still a significant unevenness in the distribution of services related to the use of bank payment cards. A serious problem for the distribution of card payment services is also the low level of trust of the republic’s residents in credit institutions. The situation is complicated by the instability of the region’s banking system as a whole. Conclusion. The research has shown that the market of bank payment cards in the Republic of North Ossetia – Alania has significant growth potential, primarily due to increased availability of payment services in small and hard–to-reach (including mountainous) settlements. Resume. To realize the potential of the Republic of North Ossetia – Alania in the field of retail payments based on bank cards, it is necessary to develop the payment infrastructure, as well as increase the financial literacy of the population and motivate them to actively use payment cards. Suggestions for practical application and direction of future research. The conclusions and practical recommendations given in the article can be used by regional and municipal authorities, as well as banks, in the development and implementation of measures to develop the retail payment market. © 2025 Elsevier B.V., All rights reserved.","Bank Cards; Mountainous Regions; National Payment Card System; North Ossetia – Alania; Payment Cards","","","","","Bulletin of Eurasian Science, (2022); Theory and Practice of Modern Science, (2021); Bulletin of Science, (2023); Egi, (2023); Bulletin of Science, (2022); undefined, (2024); North Ossetia the Average Non Cash Purchase Receipt is One Thousand Rubles; Criminological Journal; Scientific Papers of the Free Economic Society of Russia, (2024); Ministry of Economic Development of the Republic of North Ossetia Alania","","North Caucasian Institute of Mining and Metallurgy, State Technological University","","","","","","2499975X; 19984502","","","","Russian","Article","Final","","Scopus","2-s2.0-105011933979"
"P., Gupta, Priya; S., Srivastava, Shashi","Gupta, Priya (60013944200); Srivastava, Shashi (60013722800)","60013944200; 60013722800","Exploring customer attitude towards neo-banking apps: a thematic analysis using Google Play and Apple App Store reviews","2025","Qualitative Research in Financial Markets","","","","","","0","0","10.1108/QRFM-07-2024-0198","https://www.scopus.com/inward/record.uri?eid=2-s2.0-105011637233&doi=10.1108%2FQRFM-07-2024-0198&partnerID=40&md5=420f008bd01b2883ea1c96e97f66597c","Institute of Management Studies, Varanasi, India","Gupta, Priya, Institute of Management Studies, Varanasi, India; Srivastava, Shashi, Institute of Management Studies, Varanasi, India","Purpose – Financial services have radically transformed in this digital age, and digital technologies are increasingly embraced. This pioneering study, the first of its kind, seeks to conduct a comprehensive review and analysis of the key factors that influence customer attitudes towards neo-banking applications. Furthermore, it aims to compare the user experience of Android and iOS neo-banking users by leveraging customer reviews from the Google Play Store and Apple App Store. Design/methodology/approach – The authors meticulously analysed user reviews from six popular banking apps to achieve the research objective. The authors used text mining and thematic analysis to extract and categorise the user feedback. The qualitative data was processed using the NVIVO survey tool, a reliable and widely used method, ensuring a rigorous and systematic analysis of unstructured qualitative data. Findings – The study revealed that web features, customer support systems, privacy and security concerns, ease of use and overall app usefulness significantly influence customer attitudes towards neobanks. Notably, security and customer support systems emerged as paramount consumer concerns in the neo-banking landscape. The findings indicate a substantial disparity in the user experience between Android and iOS users. Customer reviews from Android users are predominantly favourable towards neobanks, whereas iOS users express considerable dissatisfaction with the services most neobanks provide. Research limitations/implications – This study significantly contributes to the neo-banking literature, a sector that remains underexplored despite the increasing adoption rate. While previous studies focused on mobile banking adoption using quantitative survey methods, the study used a qualitative text-mining approach and thematic analysis, allowing for a detailed understanding of customer attitudes. Although text mining has been applied in other domains, its use in neo-banking services is still limited. This study demonstrates how text mining and thematic analysis can be leveraged to extract meaningful concepts from unstructured consumer reviews. Previous banking studies rely on models such as technology acceptance models and unified theory of acceptance and use of technology, which can explain the adoption behaviour but may not fully capture attitudinal factors. This research extends the scope of neo-banking literature by incorporating consumer-generated insights through text mining. It enhances the existing knowledge of neobanking by highlighting the distinct experiences of Android and iOS users. This study addresses a gap in previous research by covering reviews from the Apple App Store. It includes reviews in Hindi to understand better the customer base that prefers expressing their emotions in Hindi. By doing so, this is revealed to be the first study of its kind, uncovering differences in user experience and satisfaction levels between Android and iOS users for the same applications. It demonstrates the necessity for further research into platformspecific user experiences, particularly in the context of emerging technologies in digital banking. Identifying critical success factors and inhibitors influencing attitudes towards neo-banking applications lays a foundation for future research. It encourages scholars to explore disparities in user behaviour and preferences in digital banking as this field evolves. Practical implications – These insights include strengths and areas for enhancement, particularly in user experience, customer support and feature optimisation. The reviews indicate a strong need for a user-friendly interface. Android Users express satisfaction with the app design, while iOS users report issues with the user interface, including glitches, bugs and compatibility problems. This indicates addressing specific complaints aboutmisalignment of UI with iPhone margins and ensuring the navigation elements are easily accessible. The customer support system turns out to be a crucial area for improvement. As neobanks are entirely online, the need for strong customer support becomes essential. Many iOS users report frustration with the app’s support system, mentioning issues such as unresponsive chat support, lack of human assistance and unresolved queries. Managers should prioritise enhancing customer support infrastructure by providing more accessible live chat with human representatives, clear communication channels and quick response time. Managers should prioritise providing users with accessible options to ask queries beyond the fixed questions in chatbots. While chatbots can handle common queries, many users need personalised assistance. Implementing a multitiered support system with email support and dedicated helplines can significantly improve user satisfaction and trust levels in biobanking services. The review highlights the persistent problem with the Video Know Your Customer (KYC) verification process, particularly for iOS users. These delays and complications in verification can block potential customers and lead to dissatisfaction among existing ones. Managers should streamline the KYC process by leveraging advanced technologies to automate and expedite verification steps. Facilitating clear communication with customers regarding the process and potential issues can help minimise user frustration and improve satisfaction. Managers should consider developing educational content and gamified features that cater to younger users’ needs, which eventually enhance the financial literacy of this engaging demography. Users express a strong desire for security measures in the applications. In contrast, many users feel confident in the app’s security, and various feedback shows concerns about freezing and blocking their accounts, mainly iOS users’ accounts. Implementing biometric authentication and app closure features while entering any unsecured network can enhance user trust and security. Some users also reported limitations regarding location access, which affects the ability of the app features. Managers should observe the geographical availability of services and expand them in underserved areas. This can be done by partnering with regional traditional banks to serve a broader customer base. Finally, during the review analysis, it was observed that very few neobanks bother replying to app store customer feedback. Establishing a continuous feedback loop with customers can provide valuable insight for continuous improvements. Implementing a robust tracking of customer issues on all platforms can enhance user satisfaction. Social implications – The rise of neobanks has broader implications for financial inclusion, financial literacy, consumer empowerment and digital literacy. By removing physical barriers, neobanks can bring unbanked and underbanked populations into the financial ecosystem. The positive feedback from users, especially younger ones, indicates that neobanks can be crucial in introducing financial services to demographics often ignored by traditional banks. Neo-banking can bridge the financial gaps between urban and rural populations, provided that challenges such as internet connectivity and smartphone accessibility are addressed. The advancement of neobanks signifies a shift in the banking landscape, challenging traditional banking models. Young individuals gravitate towards digital-only banking, which can increase competition, driving innovation and service improvement across the banking industry. The focus on financial literacy in user reviews suggests a growing societal requirement for educational resources on their platforms; neobanks can help users develop essential financial skills such as budgeting, saving, making mindful investments and responsible spending. This will contribute towards a financially literate society and improve overall financial well-being. Finally, the ability of neobanks to provide convenient banking solutions can help address broader societal challenges, such as the need for a fast and reliable payment system in a cashless economy; by facilitating financial management, neobanks can contribute to the modernisation of the fintech ecosystem and promote economic growth and stability. Originality/value – This study is a pioneering effort, delving into India’s app-based reviews of neo-banking services. It offers a unique perspective on the user experience of Android and iOS users. The findings, which hold significant implications for the banking and technology industry, provide a deeper understanding of customer attitudes, thereby shaping the future of digital banking. © 2025 Elsevier B.V., All rights reserved.","Customer Attitude; Digital Banking; Neo Banking; Technology Adoption; Text Mining; Thematic Analysis","","","","","Barrett, Michael Ian, Service innovation in the digital age: Key contributions and future directions, MIS Quarterly: Management Information Systems, 39, 1, pp. 135-154, (2015); Berger, Allen N., To what extent will the banking industry be globalized? A study of bank nationality and reach in 20 European nations, Journal of Banking and Finance, 27, 3, pp. 383-415, (2003); South Asian Journal of Marketing, (2023); Bhatnagr, Puneett, Neobank adoption: integrating the information systems effectiveness framework with the innovation resistance model, Management Decision, 62, 10, pp. 3315-3352, (2024); Bhatnagr, Puneett, Understanding critical service factors in neobanks: crafting strategies through text mining, Journal of Modelling in Management, 20, 3, pp. 894-922, (2025); Journal of Electronic Business Digital Economics, (2022); Payments System Research Briefing, (2020); Çalli, Levent, Exploring mobile banking adoption and service quality features through user-generated content: the application of a topic modeling approach to Google Play Store reviews, International Journal of Bank Marketing, 41, 2, pp. 428-454, (2023); Chatterjee, Ankush, SemEval-2019 task 3: EmoContext contextual emotion detection in text, pp. 39-48, (2019); Chatterjee, Swagato, Exploring healthcare/health-product ecommerce satisfaction: A text mining and machine learning application, Journal of Business Research, 131, pp. 815-825, (2021)","","Emerald Publishing","","","","","","17554179; 17554187","","","","English","Article","aip","","Scopus","2-s2.0-105011637233"
"B., Xia, Bingyu","Xia, Bingyu (59732957600)","59732957600","Analysis of China’s Digital Payment and Currency Structure Changes","2025","Advances in Science, Technology and Innovation","Part F592","","","213","219","0","0","10.1007/978-3-031-83595-7_35","https://www.scopus.com/inward/record.uri?eid=2-s2.0-105010083469&doi=10.1007%2F978-3-031-83595-7_35&partnerID=40&md5=c017df2c3f251bd7486ede47de52c339","RUDN University, Moscow, Russian Federation","Xia, Bingyu, RUDN University, Moscow, Russian Federation","The research examines how digital payments affect China’s monetary structure and currency demand. The popularity of digital payments reduces precautionary and transactional money demand, reduces cash and demand deposits in circulation, and increases the velocity of money circulation, thereby affecting the money supply structure. Empirical analysis shows that digital payments negatively correlate with precautionary currency demand; there is also a negative correlation with transactional currency demand. The rapid development of digital payments positively affected money multipliers and money supply flows. However, this development also made it more challenging for central banks to implement monetary policies. Therefore, it is suggested that central banks need to improve statistical methods to adapt to the changes in the monetary structure brought about by digital payments. Digital payments have developed rapidly and become popular, accelerating the flow of money, speeding up the conversion of money at different levels, and reducing the demand for precautionary money and transactional money. It reduces the money supply at the M<inf>0</inf> and M<inf>1</inf> levels with higher liquidity, thus promoting the increase of the money supply flow scale in general. The changes in the money supply and demand structure caused by digital payments increased the difficulty for the central bank to implement monetary policy regulation to a certain extent. It is necessary to accurately count the scale structure of digital payments and various financial instruments within the system. © 2025 Elsevier B.V., All rights reserved.","C10; C12; C38; C40; Currency Demand; Currency Supply; Digital Currency; Digital Payment; E01; E02; E50; E51; E52; G23; G29; Monetary Theory","","","","","undefined; undefined; Western Finance, (2022); Economist, (2018); Western Finance, (2023); undefined; undefined; Recommendations of the Central Committee of the Communist Party of China on Formulating the 14th Five Year Plan for National Economic and Social Development and Long Term Goals for 2035, (2020); Journal of Central University of Finance and Economics, (2018); Peoples Bank of China Released A White Paper on Chinas Digital Rmb Research and Development Progress Chinese Financier, (2021)","","Springer Nature","","","","","","25228714; 25228722","9783031867446; 9783031476112; 9783030760809; 9783031438028; 9783030730253; 9783031573842; 9783031494949; 9783031789038; 9783031461088; 9783031439216","","","English","Book chapter","Final","","Scopus","2-s2.0-105010083469"
"N.B., Shafee, Nur Baiti; H., Hashim, Haniza; S., Suhaimi, Shadia; S.N.H., Mohd, Siti Nurul Huda","Shafee, Nur Baiti (57193239780); Hashim, Haniza (56067046300); Suhaimi, Shadia (55769012200); Mohd, Siti Nurul Huda (57190437659)","57193239780; 56067046300; 55769012200; 57190437659","Determinants of Cashless Transaction Adoption among Rural Communities in Malaysia: An Empirical Study","2025","Journal of Logistics, Informatics and Service Science","12","3","","78","94","0","0","10.33168/JLISS.2025.0306","https://www.scopus.com/inward/record.uri?eid=2-s2.0-105009221401&doi=10.33168%2FJLISS.2025.0306&partnerID=40&md5=625695c6b63433a6933bce0b7368298a","Multimedia University, Cyberjaya, Malaysia; Multimedia University, Cyberjaya, Malaysia","Shafee, Nur Baiti, Centre of Excellence for Business Innovation and Communication, Multimedia University, Cyberjaya, Malaysia, Faculty of Business, Multimedia University, Cyberjaya, Malaysia; Hashim, Haniza, Centre of Excellence for Business Innovation and Communication, Multimedia University, Cyberjaya, Malaysia, Faculty of Business, Multimedia University, Cyberjaya, Malaysia; Suhaimi, Shadia, Centre of Excellence for Business Innovation and Communication, Multimedia University, Cyberjaya, Malaysia, Faculty of Business, Multimedia University, Cyberjaya, Malaysia; Mohd, Siti Nurul Huda, Centre of Excellence for Business Innovation and Communication, Multimedia University, Cyberjaya, Malaysia, Faculty of Business, Multimedia University, Cyberjaya, Malaysia","This study investigates factors influencing the adoption of cashless transactions in rural Malaysian communities, focusing on four key determinants: infrastructure and connectivity, digital literacy, user-friendly interface design, and local merchant acceptance. Data were collected from 258 rural residents via a structured survey, and multiple regression analysis was used to examine the relationships between these factors and individuals’ propensity to adopt cashless payment methods. The results reveal that infrastructure and connectivity (β ≈ 0.17, p < 0.01), digital literacy (β ≈ 0.34, p < 0.001), and user-friendly interfaces (β ≈ 0.21, p < 0.01) each have a significant positive effect on the likelihood of adopting cashless payments. By contrast, local merchant acceptance (β ≈ 0.03, p = 0.678) did not show a significant influence on adoption. The study’s cross-sectional design and convenience sampling limit the generalizability of the findings, as rural communities can differ widely in infrastructure and culture. Nonetheless, the results suggest that initiatives to enhance rural digital infrastructure, improve residents’ digital literacy, and design intuitive, easy-to-use payment interfaces will be more effective in promoting cashless transaction uptake than efforts focusing solely on increasing merchant acceptance. This study provides empirical evidence and insights to guide policies and strategies aimed at advancing digital financial inclusion in rural areas. © 2025 Elsevier B.V., All rights reserved.","Cashless Adoption; Digital Literacy; Financial Inclusion; Rural Communities; Technology Acceptance Model (tam)","","","","","Al-Qudah, Anas Ali, Determinants of Digital Payment Adoption Among Generation Z: An Empirical Study, Journal of Risk and Financial Management, 17, 11, (2024); International Journal of Economics Business and Entrepreneurship, (2020); Int J Bus Econ Manag, (2019); Ashraf, Mohammad Ali, Comprehending the intention to use branchless banking by rural people during the corona pandemic: evidence from Bangladesh, Journal of Financial Services Marketing, 28, 1, pp. 99-116, (2023); South Asian Journal of Social Studies and Economics, (2021); Annual Report 2020, (2021); International Economics and Economic Policy, (2024); Bowen, Robert, The digital divide: Implications for agribusiness and entrepreneurship. Lessons from Wales, Journal of Rural Studies, 72, pp. 75-84, (2019); Chawla, Deepak, Consumer attitude and intention to adopt mobile wallet in India – An empirical study, International Journal of Bank Marketing, 37, 7, pp. 1590-1618, (2019); Davis, Fred D.D., Perceived usefulness, perceived ease of use, and user acceptance of information technology, MIS Quarterly: Management Information Systems, 13, 3, pp. 319-339, (1989)","","Success Culture Press","","","","","","24092665","","","","English","Article","Final","","Scopus","2-s2.0-105009221401"
"M., Widjaja, Michael; N., Legowo, Nilo","Widjaja, Michael (59720447600); Legowo, Nilo (57196419356)","59720447600; 57196419356","Examining Drivers of Integrated QR Payment System (QRIS) Adoption Among Generation X in Indonesia","2025","Malaysian Journal of Consumer and Family Economics","34","","","327","362","0","0","10.60016/majcafe.v34.11","https://www.scopus.com/inward/record.uri?eid=2-s2.0-105008910263&doi=10.60016%2Fmajcafe.v34.11&partnerID=40&md5=0a7315b4e609af9f87e6ce9fb07f9cc0","Bina Nusantara University, Jakarta, Indonesia","Widjaja, Michael, Department of Management Information Systems, Bina Nusantara University, Jakarta, Indonesia; Legowo, Nilo, Department of Management Information Systems, Bina Nusantara University, Jakarta, Indonesia","Quick Respond Code Indonesia Standard (QRIS) is a financial technology that integrates all QR codes from each payment system service provider. However, Generation X which are often rigid and have difficulty adopting new technologies that are rapidly developing, raise new questions about whether they can adopt QRIS technology. Indonesia, as a developing country, faces challenges in terms of existing technological infrastructure, which makes financial transactions using QRIS complex, as well as challenges in financial inclusion, which result in a lack of digital knowledge and high reliance on cash. This study used purposive sampling, a non-probability sampling strategy, to collect data from 453 respondents via an online survey, and Smart PLS 4.1.08 was employed for SEM analysis. The findings of this study revealed that security plays an essential role in QRIS adoption in Generation X, where with a path coefficient value of 0.434 security demonstrating that the risks associated with using QRIS as a payment method, misuse of user information, and transaction security are all critical factors. The public will be willing to adopt QRIS if security is guaranteed by both the payment system service provider and the government, which is a supporter of QRIS infrastructure. Aside from that, this study discovered an intriguing finding: In Generation X, the convenience variable had no direct influence and was mediated by social influence. The findings of this study will also help the government and payment system service providers understand the resistance to adopting QRIS in Generation X, as well as how to develop QRIS to overcome it. © 2025 Elsevier B.V., All rights reserved.","Cashless In Developing Countries; Financial Technology; Generation X; Integrated Payment; Qris","","","","","Goodstats, (2022); Retrieved from Databoks Katadata, (2023); Databoks Katadata, (2023); Journal of Management Studies, (2014); Understanding Attitudes and Predicting Social Behavior, (1980); Management Studies and Entrepreneurship Journal, (2023); Al-Dmour, Ahmad Hani, Factors influencing consumer intentions to adopt E-payment systems: Empirical study, International Journal of Customer Relationship Marketing and Management, 12, 2, pp. 80-99, (2021); Journal of Management, (2016); Bisma Bisnis Dan Manajemen, (2019); Katadata, (2023)","","Malaysian Consumer and Family Economics Association","","","","","","15112802","","","","English","Article","Final","","Scopus","2-s2.0-105008910263"
"R., Srinivasan, Ravi; S., Singh, Shubham; K.S., Diatha, Krishna Sundar; J.(., London, Jackie (Jake)","Srinivasan, Ravi (57213029017); Singh, Shubham (58843053600); Diatha, Krishna Sundar (55878925300); London, Jackie (Jake) (57189218479)","57213029017; 58843053600; 55878925300; 57189218479","Cash and cashless payment systems usage among consumers: did India’s demonetization bridge the digital divide?","2025","Industrial Management and Data Systems","","","","","","0","0","10.1108/IMDS-10-2024-1013","https://www.scopus.com/inward/record.uri?eid=2-s2.0-105006745338&doi=10.1108%2FIMDS-10-2024-1013&partnerID=40&md5=30a4cbbabd8cde0552f056c0c5846c2a","Loyola University Maryland, Baltimore, United States; Indian Institute of Management Bangalore, Bengaluru, India","Srinivasan, Ravi, Department of Information Systems, Loyola University Maryland, Baltimore, United States; Singh, Shubham, Indian Institute of Management Bangalore, Bengaluru, India; Diatha, Krishna Sundar, Indian Institute of Management Bangalore, Bengaluru, India; London, Jackie (Jake), Department of Information Systems, Loyola University Maryland, Baltimore, United States","Purpose: This study uses India’s dramatic monetary policy change in November 2016 (demonetization) as a natural experiment to investigate whether it changed the usage of cash and cashless payment systems among individual consumers. We investigate whether demonetization uniformly impacted individual consumers on both sides of the digital divide dimensions, such as (1) locale (urban vs rural), (2) gender, (3) education and (4) income. Design/methodology/approach: We use data from two waves collected in September 2016 (N = 305) and February 2017 (N = 303) from two districts in India to test our hypotheses. We control for various contextual factors, including individual factors, and use ANCOVA to test the changes before and after demonetization. Findings: Results show that cash and cashless system usage reduced after demonetization. The results also indicate that the impact of demonetization may not be uniform across the different social dimensions. Whereas cash usage was reduced across gender, income and education dimensions, it was reduced only for urban consumers and not rural consumers. Cashless payment system usage remained unchanged among urban, male, high-education and high-income groups but reduced among women, low-education, and low-income groups. Again, cashless payment system usage remained unchanged among rural consumers. Originality/value: This study examines how monetary policy change may impact consumers differentially based on their position on either side of the digital divide. While cashless payment systems have been studied in different contexts, the impact of a monetary policy decision has not been investigated in the literature. © 2025 Elsevier B.V., All rights reserved.","Cash Usage; Cashless Payment Systems; Demonetization; The Digital Divide; Cash Usage; Cashless Payment System; Demonetization; Income Groups; Monetary Policies; Payment Systems; Policy Changes; System Usages; The Digital Divide; Engineering Education","Cash usage; Cashless payment system; Demonetization; Income groups; Monetary policies; Payment systems; Policy changes; System usages; The digital divide; Engineering education","","","","Adhikary, Anirban, How does the adoption of digital payment technologies influence unorganized retailers’ performance? An investigation in an emerging market, Journal of the Academy of Marketing Science, 49, 5, pp. 882-902, (2021); Adjei, Mavis T., When Do Relationships Pay Off for Small Retailers? Exploring Targets and Contexts to Understand the Value of Relationship Marketing, Journal of Retailing, 85, 4, pp. 493-501, (2009); Agarwal, Ritu, Social interactions and the ""digital divide"": Explaining variations in internet use, Information Systems Research, 20, 2, pp. 277-294, (2009); Agarwal, Sumit, Do banks pass through credit expansions to consumers who want to borrow?, Quarterly Journal of Economics, 133, 1, pp. 129-190, (2018); Agarwal, Sumit, Digital Payments and Consumption: Evidence from the 2016 Demonetization in India, Review of Financial Studies, 37, 8, pp. 2550-2585, (2024); Aggarwal, Nidhi, The impact of India's demonetization on domestic agricultural trade, American Journal of Agricultural Economics, 105, 1, pp. 316-340, (2023); Aker, Jenny C., Payment mechanisms and antipoverty programs: Evidence from a mobile money cash transfer experiment in Niger, Economic Development and Cultural Change, 65, 1, pp. 1-37, (2016); Anderson, James C., Structural Equation Modeling in Practice: A Review and Recommended Two-Step Approach, Psychological Bulletin, 103, 3, pp. 411-423, (1988); Andrade, Antonio Díaz, Information and communication technology and the social inclusion of refugees, MIS Quarterly: Management Information Systems, 40, 2, pp. 405-416, (2016); Chodorow-Reich, Gabriel, Cash and the Economy: Evidence from India's Demonetization, Quarterly Journal of Economics, 135, 1, pp. 57-103, (2020)","","Emerald Publishing","","","","","","02635577","","IMDSD","","English","Article","aip","","Scopus","2-s2.0-105006745338"
"S., Sharma, Shashank; N.S., Chauhan, Narender Singh","Sharma, Shashank (59694771300); Chauhan, Narender Singh (59695624100)","59694771300; 59695624100","The sound of progress: A case study on merchant adoption of UPI applications and soundboxes","2025","Journal of Information Technology Teaching Cases","","","","","","0","0","10.1177/20438869251325265","https://www.scopus.com/inward/record.uri?eid=2-s2.0-105000138421&doi=10.1177%2F20438869251325265&partnerID=40&md5=ddf8bcbecdfaf509f289397195a69c76","Himachal Pradesh University, Shimla, India","Sharma, Shashank, Himachal Pradesh University, Shimla, India; Chauhan, Narender Singh, Himachal Pradesh University, Shimla, India","The voice of Amitabh Bachchan echoing through the bustling streets of a busy market, not from televisions, but from tiny audible devices announcing Unified Payments Interface (UPI) payment confirmations, stands as a testament to India’s remarkable strides in digital transaction penetration. From a consumer’s perspective, UPI provides seamless, secure, and cost-effective digital payments with wide acceptance, and enhanced convenience. But what about the merchants’ perspective? How have UPI technology and soundboxes changed their business operations and practices? This case study delves into the experiences of merchants who have adopted UPI, focusing on its role in advancing financial inclusion, fostering a digital ecosystem, and promoting a cashless economy. © 2025 Elsevier B.V., All rights reserved.","Cashless; Digital Payment; Financial Inclusion; Merchant; Unified Payments Interface","","","","","ITS Prime Time for Real Time, (2024); Addo, Atta A., Orchestrating a digital platform ecosystem to address societal challenges: A robust action perspective, Journal of Information Technology, 37, 4, pp. 359-386, (2022); Vilakshan Ximb Journal of Management, (2021); Awasthy, Sakshi, Cash versus Digital Payment Transactions in India: Decoding the Currency Demand Paradox, Reserve Bank of India Occasional Papers, 43, 2, (2022); Procedia Economics and Finance, (2014); India Cash Vibrancy Report 2023, (2023); Metamorphosis Journal of Management Research, (2024); Firmansyah, Egi Arvian, Factors Affecting Fintech Adoption: A Systematic Literature Review, FinTech, 2, 1, pp. 21-33, (2023); Ghosh, Anandita, Unleashing the Potential of the Indian Fintech for Financial Inclusion: A Qualitative Analysis, Journal of Entrepreneurship and Innovation in Emerging Economies, 11, 1, pp. 68-87, (2025); Impact of Digidhan Mission on Indias Digital Payments Ecosystem, (2024)","","SAGE Publications Inc.","","","","","","20438869","","","","English","Article","aip","","Scopus","2-s2.0-105000138421"
"W.K., Yong, Wooi Keong; S.F., Wong, Shiau Foong; M.M., Mahmud, Malissa Maria; K., Akmoldoev, Kiyalbek","Yong, Wooi Keong (57226185218); Wong, Shiau Foong (57210637171); Mahmud, Malissa Maria (57202713786); Akmoldoev, Kiyalbek (59539867200)","57226185218; 57210637171; 57202713786; 59539867200","Consumer Culture in Kyrgyzstan: Analyzing Gender Moderation Effects to Understand e-Wallet Adoption","2024","","","","","149","154","0","0","10.1145/3691422.3691463","https://www.scopus.com/inward/record.uri?eid=2-s2.0-85216774252&doi=10.1145%2F3691422.3691463&partnerID=40&md5=14b0a6dd7b607c80f38ce33fa6a319ab","Sunway University, Bandar Sunway, Malaysia; Ala-Too International University, Bishkek, Kyrgyzstan","Yong, Wooi Keong, Sunway University, Bandar Sunway, Malaysia; Wong, Shiau Foong, Sunway University, Bandar Sunway, Malaysia; Mahmud, Malissa Maria, Sunway University, Bandar Sunway, Malaysia; Akmoldoev, Kiyalbek, Ala-Too International University, Bishkek, Kyrgyzstan","In modern day of Kyrgyzstan, gender relations are still strongly influenced by traditional beliefs. There is still a lack of empowerment of women, especially in the economic sector. The potential of digital financial inclusion to promote better economic opportunities for women is undeniable, therefore it is important to examine how the gender dynamics impact e-wallet adoption and usage in Kyrgyzstan. This study, which is based on the Theory of Reasoned Action (TRA), investigates how gender dynamics affect the relationship between attitude and subjective norms to intention to use e-wallets. A survey-based methodology collected 158 men and 161 women respondents in Kyrgyzstan giving 319 responses in total. By examining the factors impacting the use of e-wallets in Kyrgyzstan, this study intends to close this research gap. The adoption of e-wallets by the Kyrgyz men are influenced by their subjective norms, while Kyrgyz women adopt e-wallets influenced by their attitudes. This information offers helpful insights for marketers, companies, investors and other stakeholders looking to invest in the Kyrgyz e-wallet industry and gives the ability to customize their marketing strategies to encourage the adoption of gender-inclusive e-wallets. © 2025 Elsevier B.V., All rights reserved.","Cashless Payment; Demographics; E-wallet Use; Gender; Kyrgyzstan; Theory Of Reasoned Action; Electronic Money; Cashless Payment; Consumer Culture; Demographic; E-wallet Use; Economic Sectors; Financial Inclusions; Gender; Kyrgyzstan; Subjective Norm; Theory Of Reasoned Action; Decentralized Finance","Electronic money; Cashless payment; Consumer culture; Demographic; E-wallet use; Economic sectors; Financial inclusions; Gender; Kyrgyzstan; Subjective norm; Theory of reasoned action; Decentralized finance","","","This work was financially supported by Sunway University, Malaysia. We would like to express our sincere gratitude to Sunway University for their generous funding and support towards this research project and publication. Their financial assistance has been instrumental in enabling us to carry out this study and share our findings with the academic community.","Asian Journal of Humanities and Social Studies, (2023); Int J Gend Stud Dev Soc, (2018); Politics and Gender, (2021); Akbulaev, Nurkhodzha, Gender and economic growth: Is there a correlation? The example of Kyrgyzstan, Cogent Economics and Finance, 8, 1, (2020); Abdieva, Raziiakhan, Gender differences, risk attitude and entrepreneurship in Kyrgyzstan, Economics and Business Letters, 8, 1, pp. 17-30, (2019); Venkatesh, Viswanath, User acceptance of information technology: Toward a unified view, MIS Quarterly: Management Information Systems, 27, 3, pp. 425-478, (2003); Ramayah, T., Green product purchase intention: Some insights from a developing country, Resources, Conservation and Recycling, 54, 12, pp. 1419-1427, (2010); Lada, Suddin B., Predicting intention to choose halal products using theory of reasoned action, International Journal of Islamic and Middle Eastern Finance and Management, 2, 1, pp. 66-76, (2009); Amin, Hanudin, Determinants of customers' intention to use Islamic personal financing: The case of Malaysian Islamic banks, Journal of Islamic Accounting and Business Research, 2, 1, pp. 22-42, (2011); Amin, Hanudin, Is the theory of reasoned action valid for Ar-Rahnu? An Empirical investigation, Australian Journal of Basic and Applied Sciences, 5, 10, pp. 716-726, (2011)","","Association for Computing Machinery","","15th International Conference on E-business, Management and Economics, ICEME 2024","","Beijing","206266","","9798400710759; 9798400717260; 9798400711855","","","English","Conference paper","Final","","Scopus","2-s2.0-85216774252"
"A.F.M., Shukri, Amer Fareed Mohd; T.P., Leong, Tan Peck; A.A., Rashid, Arlinah Abd; A., Hanif, Azlina","Shukri, Amer Fareed Mohd (59459625600); Leong, Tan Peck (59459625700); Rashid, Arlinah Abd (57923885800); Hanif, Azlina (55438012000)","59459625600; 59459625700; 57923885800; 55438012000","The Moderating Role of Structural Assurance in the Unified Theory of Acceptance and Use of Technology (UTAUT): A Study of E-wallet Behavioural Intention of Users and Non-users Among Adults in Malaysia","2024","Malaysian Journal of Consumer and Family Economics","33","","","490","503","0","0","10.60016/majcafe.v33.18","https://www.scopus.com/inward/record.uri?eid=2-s2.0-85211127901&doi=10.60016%2Fmajcafe.v33.18&partnerID=40&md5=306aa7c2f03bcc02685308575248231c","Universiti Teknologi MARA, Shah Alam, Malaysia","Shukri, Amer Fareed Mohd, Universiti Teknologi MARA, Shah Alam, Malaysia; Leong, Tan Peck, Universiti Teknologi MARA, Shah Alam, Malaysia; Rashid, Arlinah Abd, Universiti Teknologi MARA, Shah Alam, Malaysia; Hanif, Azlina, Universiti Teknologi MARA, Shah Alam, Malaysia","Despite Malaysia's aim to establish a cashless society by 2020, e-wallet adoption has lagged, with fluctuating transaction rates from 2020 to 2022. Transactions peaked at 251.5 million in December 2021, dropping to 208.2 million by February 2022. This volatility indicates barriers to widespread acceptance. Research highlights the significance of structural assurance— adequate security measures, supportive legal frameworks, and reliable regulation—in technology adoption. Ensuring these factors can enhance consumer confidence and drive higher adoption rates of digital financial services in Malaysia, addressing current impediments to e-wallet usage. This study integrates structural assurance within the Unified Theory of Acceptance and Use of Technology (UTAUT) to explore e-wallet adoption in Peninsular Malaysia, targeting both users and non-users through quota sampling. Using a questionnaire, valid responses were gathered from 377 participants, comprising 224 e-wallet users and 153 non-users. The research employs a quantitative methodology to examine the behavioural intentions related to e-wallet usage. Initial data analysis involved assessing demographic profiles, checking variable reliability, and examining correlation patterns. Further, a multigroup analysis using partial least square – structural equation model (PLS-SEM) was conducted to differentiate these groups based on their e-wallet usage behaviours. The findings underscore the pivotal role of structural assurance in influencing e-wallet adoption across Malaysia. The study reveals how trust and security concerns are crucial in encouraging both current users and potential adopters to switch from traditional payment methods to digital solutions. The implications suggest that regulatory bodies and e-wallet providers should prioritise structural assurance to boost adoption rates. By enhancing trust and security measures, stakeholders can significantly motivate users to embrace e-wallets, fostering a robust digital economy. This research enriches the existing literature on technology adoption, providing insights into the determinants of e-wallet adoption in Malaysia and highlighting the importance of structural assurance in digital payment systems. © 2024 Elsevier B.V., All rights reserved.","Digital Payment Systems; E-wallet Adoption; Structural Assurance; Unified Theory Of Acceptance And Use Of Technology (utaut)","","","","This work was supported by the Fundamental Research Grants Scheme (FRGS/1/2023/SS06/UITM/02/15) from the Ministry of Higher Education. The title of the study is \u201CA New Model to Increase the Intention to Use E-wallets in Malaysia: A Combination of UTAUT Model with Structural Assurance Modal\u201D.","Future Business Journal, (2023); Journal of European Economic History, (2020); Journal of Indian Business Research, (2019); Research Design Qualitative Quantitative and Mixed Methods Approaches, (2003); Journal of Monetary Economics, (2019); Farah, Maya F., Mobile-banking adoption: empirical evidence from the banking sector in Pakistan, International Journal of Bank Marketing, 36, 7, pp. 1386-1413, (2018); Asia Pacific Journal of Marketing and Logistics, (2021); Financial Sector Blueprint 2022 2026 Bank Negara Malaysia, (2022); Journal of Financial Services Marketing, (2018); Multivariate Data Analysis, (1998)","","Malaysian Consumer and Family Economics Association","","","","","","15112802","","","","English","Article","Final","","Scopus","2-s2.0-85211127901"
"W., Huo, Weidong; W., Xiohui, Wang; M., Zulfiqar, Muhammad; A., Chand, Ahmed; M., Rizwan Ullah, Muhammad","Huo, Weidong (57226631102); Xiohui, Wang (59367188600); Zulfiqar, Muhammad (57211264921); Chand, Ahmed (58631575500); Rizwan Ullah, Muhammad (57606080700)","57226631102; 59367188600; 57211264921; 58631575500; 57606080700","Communication dynamics: Fintech’s role in promoting sustainable cashless transactions","2024","Humanities and Social Sciences Communications","11","1","1368","","","0","1","10.1057/s41599-024-03729-4","https://www.scopus.com/inward/record.uri?eid=2-s2.0-85206374440&doi=10.1057%2Fs41599-024-03729-4&partnerID=40&md5=7877d5755342218b6e48d7c4b048ff99","Liaoning University, Shenyang, China; Liaoning University, Shenyang, China; Zhejiang Gongshang University, Hangzhou, China; North China Electric Power University, Beijing, China; The University of Faisalabad, Faisalabad, Pakistan","Huo, Weidong, School of Finance and Trade, Liaoning University, Shenyang, China; Xiohui, Wang, Sunwah International Business School, Liaoning University, Shenyang, China; Zulfiqar, Muhammad, Zhejiang Gongshang University, Hangzhou, China; Chand, Ahmed, School of Economics and Management, North China Electric Power University, Beijing, China; Rizwan Ullah, Muhammad, National Business School, The University of Faisalabad, Faisalabad, Pakistan","The integration of Fintech is revolutionizing global financial engagement, moving away from traditional payment systems. This study, thus, explores the interaction between communication dynamics, Fintech use, intentions, cashless transactions adoption, financial literacy, personal innovativeness, and socioeconomic development in Pakistan. The study employs a dual methodology, encompassing “PLS-SEM and Probit Model alongside Propensity Score Matching technique.” The survey targeted small business owners and individuals involved in informal sectors, encompassing roles such as fruit and vegetable vendors, small shop owners, taxi drivers, and auto rickshaw operators. A total of 394 responses were analyzed. The findings highlight the facilitating role of individuals’ intentions to use cashless transactions, acting as a mediator through which Fintech use fosters actual behavior. Moreover, the study finds financial literacy and personal innovativeness as critical moderating factors. Adopting cashless transactions emerges as a pathway to enhanced financial inclusion, particularly impactful for small business owners. The achieved financial inclusion has the potential for profound financial inclusion implications, as evidenced by its positive effects on sustainable livelihoods, living conditions, and social development among small business owners and individuals operating within the informal sector. © 2024 Elsevier B.V., All rights reserved.","","","","","This study is supported by \u201C\u8FBD\u5B81\u7701 \u2018\u5174\u8FBD\u82F1\u624D\u8BA1\u5212\u2019\u9879 \u76EE\u8D44\u52A9\u201D (\u82F1 \u6587: Supported by LiaoNing Revitalization Talents Program) \u9879 \u76EE\u7F16\u53F7 XLYC2002116 \u9879\u76EE\u8D1F\u8D23\u4EBA\u970D\u4F1F\u4E1C.","Engku Abdullah, Engku Mohamad, Adoption of financial technology (Fintech) in mutual fund/ unit trust investment among Malaysians: Unified Theory of Acceptance and Use of Technology (UTAUT), International Journal of Engineering and Technology (UAE), 7, 2, pp. 110-118, (2018); Agarwal, Ritu, The role of innovation characteristics and perceived voluntariness in the acceptance of information technologies, Decision Sciences, 28, 3, pp. 557-582, (1997); Ajzen, Icek, The theory of planned behavior, Organizational Behavior and Human Decision Processes, 50, 2, pp. 179-211, (1991); Al-Okaily, Manaf, Does financial awareness increase the acceptance rate for financial inclusion? An empirical examination in the era of digital transformation, Kybernetes, 52, 11, pp. 4876-4896, (2023); International Business Research, (2015); Al-Somali, Sabah Abdullah, An investigation into the acceptance of online banking in Saudi Arabia, Technovation, 29, 2, pp. 130-141, (2009); Amari, Mouna, Exploring the impact of socio-demographic characteristics on financial inclusion: empirical evidence from Tunisia, International Journal of Social Economics, 48, 9, pp. 1331-1346, (2021); Ameen, Nisreen A., Employees’ behavioural intention to smartphone security: A gender-based, cross-national study, Computers in Human Behavior, 104, (2020); Arner, Douglas W., Sustainability, FinTech and Financial Inclusion, European Business Organization Law Review, 21, 1, pp. 7-35, (2020); Asif, Mohammad, The Impact of Fintech and Digital Financial Services on Financial Inclusion in India, Journal of Risk and Financial Management, 16, 2, (2023)","","Springer Nature","","","","","","26629992","","","","English","Article","Final","All Open Access; Gold Open Access","Scopus","2-s2.0-85206374440"
"T.A., Thomas, Tobias Alexander; N.M., Laskowski, Nora M.; T., Lesener, Tino; B., Gusy, Burkhard; M., de Zwaan, Martina; A.L., Müller, Astrid L.","Thomas, Tobias Alexander (57225040609); Laskowski, Nora M. (57204728050); Lesener, Tino (57204063713); Gusy, Burkhard (23984848700); de Zwaan, Martina (7005151388); Müller, Astrid L. (36183955500)","57225040609; 57204728050; 57204063713; 23984848700; 7005151388; 36183955500","Prevention Approaches for Compulsive Buying-Shopping Disorder; Präventionsprogramme für die zwanghafte Kauf-Shopping-Störung","2024","Sucht","70","6","","347","356","0","1","10.1024/0939-5911/a000897","https://www.scopus.com/inward/record.uri?eid=2-s2.0-85204773649&doi=10.1024%2F0939-5911%2Fa000897&partnerID=40&md5=db66a1d82b39bbad4f6b2393465f7460","Hannover Medical School, Hannover, Germany; Ruhr-Universitat Bochum, Bochum, Germany; Freie Universität Berlin, Berlin, Germany; Hannover Medical School, Hannover, Germany","Thomas, Tobias Alexander, Department of Psychosomatic Medicine and Psychotherapy, Hannover Medical School, Hannover, Germany, Department of Psychosomatic Medicine and Psychotherapy, Hannover Medical School, Hannover, Germany; Laskowski, Nora M., Department of Psychosomatic Medicine and Psychotherapy, Hannover Medical School, Hannover, Germany, Faculty of Medicine, Ruhr-Universitat Bochum, Bochum, Germany; Lesener, Tino, Public Health: Prevention and Psychosocial Health Research, Freie Universität Berlin, Berlin, Germany; Gusy, Burkhard, Public Health: Prevention and Psychosocial Health Research, Freie Universität Berlin, Berlin, Germany; de Zwaan, Martina, Department of Psychosomatic Medicine and Psychotherapy, Hannover Medical School, Hannover, Germany; Müller, Astrid L., Department of Psychosomatic Medicine and Psychotherapy, Hannover Medical School, Hannover, Germany","Aims: With the increase of online shopping and cashless payment, (online) compulsive buying-shopping disorder (CBSD) has become an increasingly important field of research. However, little attention has been paid to its prevention. Our aim is to identify prevention programs for CBSD respectively to propose prevention approaches for CBSD based on the literature on (behavioral) addictions. Methodology: A review of the literature was conducted. Two databases were used. Studies should refer to the prevention of CBSD and describe prevention concepts to be screened. Results and discussion: The search did not reveal any prevention programs focusing on CBSD beyond preliminary work from over 25 years ago. Potential content of prevention programs for CBSD based on prevention approaches for other behavioral addictions and risk factors of CBSD was outlined. For universal prevention, psychoeducation should reach (university) students and apprentices. Selective prevention should include social norms interventions, psychoeducation and low-threshold interventions. Indicated prevention should comprise group settings with several sessions. Self-observation, managing finances, procrastination, emotion regulation should be covered. Counselors at e. g., universities should be educated about CBSD. Referral to treatment should be considered for persons at-risk for CBSD. Conclusions: These suggested preventive offers should be further concretized and empirically evaluated. © 2024 Elsevier B.V., All rights reserved.","Compulsive Buying-shopping Disorder; Prevention; Social Norms Intervention; Behavioral Addiction; Compulsive Buying; Counselor; Emotion Regulation; Human; Online Shopping; Patient Referral; Prevention; Procrastination; Psychoeducation; Review; Risk Factor; Self Evaluation; Shopping; Social Norm; Therapy; University Student","behavioral addiction; compulsive buying; counselor; emotion regulation; human; online shopping; patient referral; prevention; procrastination; psychoeducation; review; risk factor; self evaluation; shopping; social norm; therapy; university student","","","We thank Katja Tilk and Maithilee Joshi for language revision. The work of TAT and AM on this article was carried out in the context of the Research Unit \u2018Affective and cognitive mechanisms of specific Internet-use disorders\u2019, FOR2974, funded by the Deutsche Forschungsgemeinschaft (DFG, German Research Foundation) \u2013 411232260. The remaining authors received no funding related to this article. Open access publication enabled by Hannover Medical School.","Achtziger, Anja, Debt out of control: The links between self-control, compulsive buying, and real debts, Journal of Economic Psychology, 49, pp. 141-149, (2015); Adamczyk, Grzegorz, Pathological buying on the rise? Compensative and compulsive buying in Poland in the pre- and (Post-)pandemic times, PLOS ONE, 19, 3 March, (2024); Alemis, Melissa C., The role of negative urgency impulsivity and financial management practices in compulsive buying, Australian Journal of Psychology, 65, 4, pp. 224-231, (2013); Arden-Close, Emily Julia, Social norms and goal-setting interventions to promote responsible gambling in low-to-moderate online gamblers: protocol for a four-arm randomised controlled feasibility study, BMJ Open, 13, 3, (2023); Augsburger, Mareike, The concept of buying-shopping disorder: Comparing latent classes with a diagnostic approach for in-store and online shopping in a representative sample in Switzerland, Journal of Behavioral Addictions, 9, 3, pp. 808-817, (2020); Bender, Patrick K., Gaming Disorder in Children and Adolescents: Risk Factors and Preventive Approaches, Current Addiction Reports, 7, 4, pp. 553-560, (2020); Benson, April Lane, Stopping Overshopping: A Preliminary Randomized Controlled Trial of Group Therapy for Compulsive Buying Disorder, Journal of Groups in Addiction and Recovery, 9, 2, pp. 97-125, (2014); Changing the Culture of College Drinking A Socially Situated Health Communication Campaign, (2005); Biolcati, Roberta, The role of self-esteem and fear of negative evaluation in compulsive buying, Frontiers in Psychiatry, 8, (2017); Black, Donald W., Compulsive buying disorder: Definition, assessment, epidemiology and clinical management, CNS Drugs, 15, 1, pp. 17-27, (2001)","","Hogrefe Verlag GmbH & Co. KG","","","","","","09395911","","SUCHE","","English","Review","Final","All Open Access; Hybrid Gold Open Access","Scopus","2-s2.0-85204773649"
"P., Nandru, Prabhakar; S.A., Senthilkumar, S. A.; C., Madhavaiah, Chendragiri","Nandru, Prabhakar (57211557854); Senthilkumar, S. A. (58543697700); Madhavaiah, Chendragiri (6506705313)","57211557854; 58543697700; 6506705313","Adoption intention of mobile QR code payment system among marginalized street vendors: an empirical investigation from an emerging economy","2024","Journal of Science and Technology Policy Management","15","6","","1709","1733","0","11","10.1108/JSTPM-03-2023-0035","https://www.scopus.com/inward/record.uri?eid=2-s2.0-85168473649&doi=10.1108%2FJSTPM-03-2023-0035&partnerID=40&md5=bb7b9605c6d3d626ca3df6c704ed7559","Pondicherry University, Puducherry, India","Nandru, Prabhakar, Department of Management Studies, Pondicherry University, Puducherry, India; Senthilkumar, S. A., Department of Management Studies, Pondicherry University, Puducherry, India; Madhavaiah, Chendragiri, Department of Management Studies, Pondicherry University, Puducherry, India","Purpose: Recently, the Government of India has emphasized digital financial inclusion for promoting cashless transactions with a vision to transform India from a traditional cash-based economy into a cashless economy. Technology-driven payment apps are facilitated greater access to cashless financial services and improve the speed, efficiency, accuracy and effectiveness of financial transactions. This study aims to explore the determinants of quick response (QR) code mobile payment (m-payment) adoption intention among marginalized street vendors in India. Design/methodology/approach: The proposed research model was tested using 320 responses from QR code m-payment users. An interview schedule was performed using the structured questionnaire from marginalized street vendors by adopting a purposive sampling technique. The proposed research framework of this study developed on the Unified Theory of Acceptance and Use of Technology (UTAUT). In addition to the existing variables proposed in the UTAUT model, three more variables have been added, namely, digital financial literacy (DFL), personal innovativeness (PI) and perceived trust (PT). Besides, the study used confirmatory factor analysis and structural equation modeling techniques to analyze the data. Findings: This study confirms that factors such as performance expectancy, effort expectancy, facilitating conditions, PT and customers’ DFL are significant determinants of street vendors’ intention to use QR code m-payment services. However, social influence and PI have shown an insignificant relationship with adopting a QR code m-payment system. Research limitations/implications: The results provide insights for policymakers and service providers. Specifically, government and bankers design promotional campaigns emphasizing the ease of use, perceived benefits, security and faster business transactions to accept and use the QR code m-payment system to encourage prospective users to achieve a cashless economy. Originality/value: Many prior studies have widely concentrated on m-payment adoption intention in India. However, only a few studies have attempted to examine the factors influencing the adoption of QR code m-payment services among merchants from emerging economies. There is a dearth of studies on QR code adoption from an unorganized sector perspective, specifically marginalized street vendors. Therefore, this study explicitly examines the extent to which the determinants of adoption intention toward QR code-based m-payment services among marginalized street vendors within the framework of the extended UTAUT model by incorporating DFL, PI and PT. The findings of this study contribute, theoretically and practically, to the existing literature. © 2024 Elsevier B.V., All rights reserved.","Digital Financial Literacy; Effort Expectancy; Perceived Trust; Performance Expectancy; Personal Innovativeness; Qr Code Mobile Payment System","","","","Dr Prabhakar Nandru (Corresponding author) is the awardee of the Indian Council of Social Science Research (ICSSR) Post-Doctoral Fellowship (F.No: 3-191/2021-22/PDF/SC). This research paper is primarily an outcome of the Post-Doctoral Fellowship sponsored by the ICSSR.","International Journal of Recent Technology and Engineering Ijrte, (2019); Agarwal, Ritu, A Conceptual and Operational Definition of Personal Innovativeness in the Domain of Information Technology, Information Systems Research, 9, 2, pp. 204-215, (1998); International Review of Business Research Papers, (2009); International Journal of Computer Science Network Security, (2021); Business and Management Review, (2016); Simplice, Asongu Anutechia, The role of ICT in reducing information asymmetry for financial access, Research in International Business and Finance, 38, pp. 202-213, (2016); Bagla, Ramesh Kumar, Gaps in customer satisfaction with digital wallets: challenge for sustainability, Journal of Management Development, 37, 6, pp. 442-451, (2018); Structural Equation Modeling with Amos Basic Concepts Applications and Programming, (2010); Communications of the Association for Information Systems, (2010); Chaudhuri, Anindya, ICT for development: Solutions seeking problems, Journal of Information Technology, 27, 4, pp. 326-338, (2012)","","Emerald Publishing","","","","","","20534620; 20534639","","","","English","Article","Final","","Scopus","2-s2.0-85168473649"
"S., Das, Sulagna; A., Dutta, Abhijit","Das, Sulagna (57203312361); Dutta, Abhijit (57211558781)","57203312361; 57211558781","India's digital financial inclusion to digital adoption: A memorable journey","2024","","","","","131","154","0","1","","https://www.scopus.com/inward/record.uri?eid=2-s2.0-85202909710&partnerID=40&md5=726b2fb267d66068f2f611cf306d9905","JIS University, Kolkata, India; Sikkim University, Gangtok, India","Das, Sulagna, JIS University, Kolkata, India; Dutta, Abhijit, Sikkim University, Gangtok, India","With the aim of providing accessible, safe, and transparent financial services to underprivileged and unbanked individuals, Digital Financial Services (DFS) serves as the foundation of Digital Financial Inclusion (DFI) in India. Through this program, consumers will have convenient access to digital banking and financial services via devices, retail agents, and digital trans¬actional platforms. The benefits include quick and easy access to financial resources for all, cost-effectiveness, tailored financial solutions, user-friend¬liness, and economic empowerment for women and other vulnerable groups in society. The Indian government's demonetization efforts in 2017 led to the creation of a digital economy, resulting in increased usage of digital payment services. However, challenges such as limited internet access, identity theft risks, and a lack of digital transaction point-of-sale devices persist. Utilizing digital banking systems and wallets is a prerequisite for digital financial services, and financial literacy is crucial for effective financial management and informed decision-making. While India's digital adoption score remains lower than that of the UK, South Korea, Sweden, and Singapore, efforts are needed to establish digital financial service infrastructure, particularly in rural and isolated areas with limited financial distribution networks, to ensure widespread mobile connectivity. The Indian government has been promoting online payments since 2016, driven by the 'Digital India' plan. The Universal Payment Interface (UPI) is the most widely used platform. India is transitioning into a cashless economy by equipping itself with specialized knowledge of digital platforms and financial literacy. © 2024 Elsevier B.V., All rights reserved.","Demonetization; Digital Adoption; Digital Financial Inclusion; Digital Financial Literacy; Digital Payment Index; Digitalization; Reserve Bank Of India; Terrapay","","","","","Journal of Positive School Psychology, (2022); Adhikari, Sameer, Impact of Covid-19 on digital payment system of India, AIP Conference Proceedings, 2393, (2022); Awareness Programs, (2024); Management and Economics Research Journal, (2017); undefined, (2021); What Causes Suboptimal Financial Behaviour an Exploration of Financial Literacy Social Influences and Behavioural Economics, (2011); Covid 19 Impact on Digital Payment App Usage in India 2020, (2022); Demonetization 5 Years on Key Economic Indicators Paint A Mixed Picture, (2021); Journal of Information Privacy and Security, (2005); Growth of Digital Payment Systems in India, (2017)","","Apple Academic Press","","","","","","","9781040103951; 9781774916544","","","English","Book chapter","Final","","Scopus","2-s2.0-85202909710"
"K., Sood, Kirti; S., Singh, Simarjeet","Sood, Kirti (57836002800); Singh, Simarjeet (57218610219)","57836002800; 57218610219","Multi-central bank digital currencies arrangements: a multivocal literature review","2024","China Finance Review International","14","4","","813","841","0","3","10.1108/CFRI-09-2023-0221","https://www.scopus.com/inward/record.uri?eid=2-s2.0-85196081466&doi=10.1108%2FCFRI-09-2023-0221&partnerID=40&md5=ad3ef08a87a5fc0d083fa1e30f3c8207","Chandigarh University, Mohali, India; Great Lakes Institute of Management, Gurgaon, Gurugram, India","Sood, Kirti, Chandigarh University, Mohali, India; Singh, Simarjeet, Department of Finance, Great Lakes Institute of Management, Gurgaon, Gurugram, India","Purpose: The present study aims to systematically synthesize the academic and industrial literature on multi-central bank digital currencies (m-CBDCs) arrangements. Design/methodology/approach: The study adopted a unique multivocal literature review methodology that considers both white and grey literature. For white literature searches, the study relied on Scopus, Web of Science (WOS), and Google Scholar bibliometric databases; for grey literature searches, the study used the Google search engine. Findings: The findings of the study illustrated that M-CBDC arrangements, through various design options, have the potential to revolutionize the contemporary international payment system. M-CBDC arrangements will lead to more integrated financial systems and promote economic growth. However, m-CBDC arrangements will also have serious macroeconomic implications, such as contagion and currency substitution risks. Research limitations/implications: The present review is one of the earliest reviews of m-CBDC arrangements. In addition, the findings of the study offer valuable insights for both academicians and policymakers. Originality/value: The study is also one of the pioneer studies in management studies that apply a multivocal literature review methodology. © 2024 Elsevier B.V., All rights reserved.","Cross-border Payments (cbps); Digital Central Bank Currencies; Foreign Direct Investment; M-cbdc Arrangements; Multivocal Literature Review; Sovereign Currency","","","","","About 80 of Central Banks are Exploring Cbdc Use Cases Bison Trails Report Says, (2021); Al Guindy, Mohamed, Cryptocurrency price volatility and investor attention, International Review of Economics and Finance, 76, pp. 556-570, (2021); Allen, Franklin, Fintech, Cryptocurrencies, and CBDC: Financial Structural Transformation in China, Journal of International Money and Finance, 124, (2022); Eccb S Digital Currency Dcash is A Critical Step in the Buildout of A Digital Economy in the Eccu, (2021); Aráuz, Andrés Fernández, The International Hierarchy of Money in Cross-Border Payment Systems: Developing Countries’ Regulation for Central Bank Digital Currencies and Facebook’s Stablecoin, International Journal of Political Economy, 50, 3, pp. 226-243, (2021); Bank for International Settlements, (2022); Central Bank Digital Currency and the Future of Commercial Banking, (2020); Bis Papers, (2021); Bis Papers, (2021); Bis Papers Chapters, (2022)","","Emerald Publishing","","","","","","20441401; 20441398","","","","English","Article","Final","","Scopus","2-s2.0-85196081466"
"P.S., Megat Khalid, Puteri Shariza; N.F.M., Sani, Nor Fazlida Mohd","Megat Khalid, Puteri Shariza (59424245500); Sani, Nor Fazlida Mohd (25825575000)","59424245500; 25825575000","MITIGATING DATA SPOOFING RISKS IN NEAR FIELD COMMUNICATION (NFC) READ/WRITE MODE: AN INVESTIGATION INTO ACCESS CONTROL VULNERABILITIES AND POST-COMPROMISE RECOVERY STRATEGY","2024","Journal of Theoretical and Applied Information Technology","102","20","","7315","7346","0","0","","https://www.scopus.com/inward/record.uri?eid=2-s2.0-85210140173&partnerID=40&md5=43a72fbb5decfd3ef59d681acf7f3a74","Universiti Putra Malaysia, Serdang, Malaysia","Megat Khalid, Puteri Shariza, Faculty of Computer Science and Information Technology, Universiti Putra Malaysia, Serdang, Malaysia; Sani, Nor Fazlida Mohd, ","The rapid growth of Near Field Communication (NFC) technology has facilitated its widespread adoption in everyday activities, particularly in cashless mobile payments and access control among urban dwellers. However, this convenience is accompanied by significant security risks, including data spoofing, relay attacks, and unauthorized data access. Despite advancements in NFC technology, a critical gap persists in securing communications, particularly at the end-user level, where awareness and preventive measures are insufficient. This research aims to address those gaps by focusing on end-user vulnerabilities and providing tailored solutions through the development of an NFC End-User specific security policy. The study's primary contribution lies in the development of an information security policy tailored specifically for NFC End-Users. This policy serves as a comprehensive guideline aimed at enhancing the security posture of individuals who utilize NFC-enabled devices. Unlike previous studies that primarily examine technical countermeasures, this work emphasizes the human factors by assessing user awareness and NFC secure practices. By developing an NFC security policy specifically for end users, the study aims to bridge the gap between technological safeguards and NFC End User behavior. © 2024 Elsevier B.V., All rights reserved.","Information Governance; Information Security Policy; Near Field Communication (nfc) End-user Security Awareness; Personal Data Security","","","","","Japertas, Saulius, NFC Vulnerabilities Investigation, Communications in Computer and Information Science, 1337, pp. 450-463, (2020); Francis, Lishoy, Practical NFC peer-to-peer relay attack using mobile phones, Lecture Notes in Computer Science, 6370 LNCS, pp. 35-49, (2010); Ahmed, Waqas, Security in next generation mobile payment systems: A comprehensive survey, IEEE Access, 9, pp. 115932-115950, (2021); undefined, (2023); Mulliner, Collin, Vulnerability analysis and attacks on NFC-enabled mobile phones, pp. 695-700, (2009); Roland, Michael, Security vulnerabilities of the NDEF signature record type, pp. 65-70, (2011); Rios-Aguilar, Sergio, Security Threats to Business Information Systems Using NFC Read/Write Mode, Computers, Materials and Continua, 67, 3, pp. 2955-2969, (2021); Alrawais, Arwa, Security Issues in Near Field Communications (NFC), International Journal of Advanced Computer Science and Applications, 11, 11, pp. 621-628, (2020); Wired, (2021); Common Vulnerabilities and Exposures, (2024)","","Little Lion Scientific","","","","","","19928645; 18173195","","","","English","Article","Final","","Scopus","2-s2.0-85210140173"
"C., Chia, Colin","Chia, Colin (57211876061)","57211876061","Technology and monetary sovereignty: Understanding motivations for central bank digital currencies","2024","Competition and Change","28","5","","683","700","0","0","10.1177/10245294241257168","https://www.scopus.com/inward/record.uri?eid=2-s2.0-85195188301&doi=10.1177%2F10245294241257168&partnerID=40&md5=7a41ff487f35d80020462197222c72d8","Université McGill, Montreal, Canada","Chia, Colin, Department of Political Science, Université McGill, Montreal, Canada","Central bank digital currency (CBDC) projects have advanced the furthest in small or developing economies. In contrast, central banks in wealthy countries where technologies that fuelled this trend developed are holding back on such plans. What explains this divergence? I argue that CBDCs are attractive to states which see them as useful to increase and reinforce sovereignty over economic territory. They have thus been adopted in states with high currency substitution, large informal economies, or limited reach of the banking system. For similar reasons, wealthier states see less need for CBDCs. This paper contributes to understanding the impacts of digital money on the spatial dynamics of monetary politics. © 2024 Elsevier B.V., All rights reserved.","Deterritorialization; Digital Currency; Monetary Sovereignty; Technology","","","","The author(s) disclosed receipt of the following financial support for the research, authorship, and/or publication of this article: This work was supported by the Social Sciences and Humanities Research Council of Canada (Postdoctoral Fellowship).","National Purpose in the World Economy Post Soviet States in Comparative Perspective, (2001); Adler-Nissen, Rebecca, Sovereignty: The state’s symbolic power and transnational fields, pp. 179-192, (2012); Central Bank Digital Currencies A New Tool in the Financial Inclusion Toolkit, (2022); Contingency Planning for A Central Bank Digital Currency, (2020); Sovereignty as Symbolic Form, (2014); Tiered Cbdc and the Financial System, (2020); Annual Economic Report 2022 Basel Bank for International Settlements, (2022); Bis Papers, (2021); Suerf Policy Notes, (2022); Language and Symbolic Power, (1991)","","SAGE Publications Inc.","","","","","","10245294; 14772221","","","","English","Article","Final","","Scopus","2-s2.0-85195188301"
"A.A., Mohammed, Asmaa Abdullah; A.M.S., Rahma, Abdul Monem S.; H.B., AbdulWahab, Hala Bahjat","Mohammed, Asmaa Abdullah (57207925298); Rahma, Abdul Monem S. (55584821300); AbdulWahab, Hala Bahjat (59373671600)","57207925298; 55584821300; 59373671600","Transformative Innovations in Digital Currency and E-Wallet Systems: A Comprehensive Exploration of Security, Scalability, and Adoption","2024","AIP Conference Proceedings","3207","1","080002","","","0","2","10.1063/5.0234176","https://www.scopus.com/inward/record.uri?eid=2-s2.0-85206797171&doi=10.1063%2F5.0234176&partnerID=40&md5=ed92ba2a353bc41bff7e1f7e7b217c76","University of Technology- Iraq, Baghdad, Iraq; University of Al Maarif, Ramadi, Iraq","Mohammed, Asmaa Abdullah, Department of Computer Science, University of Technology- Iraq, Baghdad, Iraq; Rahma, Abdul Monem S., Department of Computer Science, University of Al Maarif, Ramadi, Iraq; AbdulWahab, Hala Bahjat, Department of Computer Science, University of Technology- Iraq, Baghdad, Iraq","The evolution of electronic wallets (e-wallets) is driven by the desire to foster widespread adoption of digital payments among consumers and small businesses, fostering a secure, cashless, and efficient transaction environment. The necessity for a digital currency suitable for online commerce and the aspiration to minimize external oversight, confining transactions solely among authorized entities, further underscores the importance of e-wallet development. The financial landscape has undergone a significant transformation with the emergence of cryptocurrencies or digital currencies, presenting both opportunities and challenges. This paper thoroughly investigates the concept of digital currency, exploring its multifaceted implications across various economic dimensions. The study delves into potential enhancements in security measures, the facilitation of financial inclusion, and the transformation of existing payment frameworks. Through this exploration, the research aims to contribute valuable insights into the evolution of digital currencies and their potential impacts on the financial landscape. The main aim of this study is to find electronic management to transfer digital currency between authorized persons and protect it from theft and forgery problems. In our research, a digital currency was designed and encrypted with the Sponge Hash Function algorithm, which achieves a high randomness rate. A digital wallet was designed that contains a digital block and an agent program that performs trading operations and audits of the digital currency. The wallet was encrypted with circular present lightweight block cipher algorithm, and the security measures were very good, as was the encryption and decryption time has become faster. © 2024 Elsevier B.V., All rights reserved.","Digital Currency; Dillon S Box; E-wallet; Logistic Map And Sponge Hash Function; Present Light Weight Block Cipher","","","","","International Journal of Researchgranthaalayah, (2020); Network Intelligence Studies, (2023); Panda, Sandeep Kumar, Bitcoin: Beginning of the Cryptocurrency Era, Intelligent Systems Reference Library, 237, pp. 25-58, (2023); Saqib, Najia, Harnessing digital solutions for sustainable development: a quantile-based framework for designing an SDG framework for green transition, Environmental Science and Pollution Research, 30, 51, pp. 110851-110868, (2023); Hajr, Layla, Bitcoin Cryptocurrency and Electronic Commerce in Saudi Arabia, SAGE Open, 13, 4, (2023); Markus Thielen, (2023); Jim, Jamin Rahman, Toward Trustworthy Metaverse: Advancements and Challenges, IEEE Access, 11, pp. 118318-118347, (2023); Khan, Abdul Ghaffar, Security of Cryptocurrency Using Hardware Wallet and QR Code, (2019); Honar Pajooh, Houshyar, Hyperledger fabric blockchain for securing the edge internet of things, Sensors, 21, 2, pp. 1-29, (2021); Debie, Essam, Swarm Robotics: A Survey from a Multi-Tasking Perspective, ACM Computing Surveys, 56, 2, (2024)","Al-Majidi, A.R.J.; Dawood, A.H.; Stephan, J.J.; AL-Safi, M.G.S.; Mohammed, M.Q.; Obaid, A.J.","American Institute of Physics","","2024 Cyber Defence in Iraq Conference, CDI 2024","","Baghdad; Babel Hotel","202771","0094243X; 15517616","9780735451889; 9780735441088; 9780735403598; 9780735444577; 9780735443594; 9780735448001; 9780735416437; 9780735402744; 9780735408869; 9780735419315","","","English","Conference paper","Final","","Scopus","2-s2.0-85206797171"
"A., Rahbar, Ali; H., Rahmani-Fazli, Hadi; P., Davoodi, Parviz; H., Samsami Mazraee Akhond, Hossein","Rahbar, Ali (59524379400); Rahmani-Fazli, Hadi (59407265500); Davoodi, Parviz (59525028000); Samsami Mazraee Akhond, Hossein (59524271300)","59524379400; 59407265500; 59525028000; 59524271300","The Effect of Electronic Money and New Payment Instruments on the Monetary Aggregation Variables and the Role of Banks in Inflation and Liquidity","2024","Tasmimgiri va Tahqiq dar Amaliyyat","9","2","","453","469","0","0","10.22105/dmor.2024.406599.1766","https://www.scopus.com/inward/record.uri?eid=2-s2.0-85215804196&doi=10.22105%2Fdmor.2024.406599.1766&partnerID=40&md5=be8b48f9d928f4b11f0358bbe4ae5bd3","Adalat University, Tehran, Iran; Allameh Tabataba'i University, Tehran, Iran; Shahid Beheshti University, Tehran, Iran","Rahbar, Ali, Faculty of Humanities, Adalat University, Tehran, Iran; Rahmani-Fazli, Hadi, Department of Political Economy and Public Policy, Allameh Tabataba'i University, Tehran, Iran; Davoodi, Parviz, Department of Economics, Shahid Beheshti University, Tehran, Iran; Samsami Mazraee Akhond, Hossein, Department of Economics, Shahid Beheshti University, Tehran, Iran","Purpose: Economic policymakers consistently leverage monetary policies as a pivotal factor in achieving targeted economic goals, utilizing them as an influential driver for economic growth. On one hand, the advent of modern monetary tools and the widespread adoption of electronic money and payment systems can significantly influence the money supply, banking reserves, monetary base, the velocity of money circulation, and the multiplier effect. This, in turn, can shadow the impact of monetary policies on economic variables such as inflation and economic growth. On the other hand, banks play a crucial role in the development, expansion, and adoption of novel payment instruments, potentially affecting macroeconomic policies and variables. Hence, this study aims to examine the impact of electronic money and innovative payment instruments on monetary aggregates, taking into account the intermediary role of banks. Methodology: Therefore, in this study, to study the subject, panel data technique, simultaneous equations, vector regression model and data from 1370 to 1398 were used. Findings: Based on the results, the expansion of electronic money and payment instruments lead to increased liquidity and inflation. Also, banks play a significant role in these variables by controlling the amount of payment instruments and innovations in them. On the other hand, the spread of e-money causes to achieve the targeted effects through exchange rate monetary policy and legal reserve rate. With less changes in these rates, but in order to achieve the goals of monetary policy applied through interest rates on account, more changes should be considered in these rates. Originality/Value: The output of this research is to provide a solution for implementing optimal monetary policy in view of the increasing use of new payment instruments and can help monetary policy makers in implementing effective policies. © 2025 Elsevier B.V., All rights reserved.","Data Panel Technique; Electronic Money; Monetary Policy; Simultaneous Equations; Vector Autoregression Method","","","","","Mattesini, Fabrizio, Trend growth and optimal monetary policy, Journal of Macroeconomics, 32, 3, pp. 797-815, (2010); Iwata, Shigeru, Estimating monetary policy effects when interest rates are close to zero, Journal of Monetary Economics, 53, 7, pp. 1395-1408, (2006); Money Economy and Banking, (2010); Athens Journal of Echnology Engineering, (2021); Effects of Electronic Money on Velocity of Money in Kenya, (2018); International Journal of Humanities and Social Science, (2013); Selgin, George A., Central banks as sources of financial instability, Independent Review, 14, 4, pp. 485-496, (2010); Economic News, (2000); Co Integration Error Correction and the Econometric Analysis of Non Stationary Data, (1993); Journal Financial Economics, (2018)","","Research Expansion Alliance (REA)","","","","","","25385097; 26766159","","","","Persian","Article","Final","","Scopus","2-s2.0-85215804196"
"R., Umeokwobi, Richard; E.C.E., Tamuke, Edmund Chijeh Eric; O., Ezie, Obumneke; M.I., Aigbedion, Marvelous Isibor; P.S., Vandy, Patricia Sarah","Umeokwobi, Richard (59370354700); Tamuke, Edmund Chijeh Eric (57226158038); Ezie, Obumneke (59370004400); Aigbedion, Marvelous Isibor (57249816900); Vandy, Patricia Sarah (58308904200)","59370354700; 57226158038; 59370004400; 57249816900; 58308904200","Nexus between Monetary Indicators and Bitcoin in Selected Sub-Saharan Africa: A Panel ARDL","2024","Theoretical and Practical Research in the Economic Fields","15","3","","742","753","0","0","10.14505/tpref.v15.3(31).18","https://www.scopus.com/inward/record.uri?eid=2-s2.0-85206588344&doi=10.14505%2Ftpref.v15.3%2831%29.18&partnerID=40&md5=06c3e66631abf4c1853989e11b9cb5c1","Central Bank of Nigeria, Abuja, Nigeria; Bank of Sierra Leone, Sierra Leone; Bingham University, Karu, Nigeria; Bingham University, Karu, Nigeria; Institute of Public Administration and Management, Freetown, Sierra Leone","Umeokwobi, Richard, Central Bank of Nigeria, Abuja, Nigeria; Tamuke, Edmund Chijeh Eric, Bank of Sierra Leone, Sierra Leone; Ezie, Obumneke, Bingham University, Karu, Nigeria; Aigbedion, Marvelous Isibor, Bingham University, Karu, Nigeria; Vandy, Patricia Sarah, Institute of Public Administration and Management, Freetown, Sierra Leone","The rapid adoption and growing prominence of Bitcoin and other cryptocurrencies have sparked significant interest and debate among economists, policymakers, and financial analysts. In Sub-Saharan Africa, where traditional financial systems often face challenges such as limited access to banking services, high transaction costs, and volatile currencies, Bitcoin presents both opportunities and risks. Understanding the interplay between Bitcoin and key monetary indicators such as monetary aggregates, exchange rates, and interest rates can provide valuable insights for policymakers and stakeholders in these economies. This study therefore seeks to investigate the nexus between monetary indicators and Bitcoin in selected Sub-Saharan African countries using a Panel ARDL (Autoregressive Distributed Lag) approach. The analysis focuses on understanding the dynamic relationship between key monetary variables, such as monetary aggregates, exchange rates, interest rates, and Bitcoin prices, from 2010 quarter three to 2022 quarter four. The findings reveal several significant relationships between monetary indicators and Bitcoin across the selected Sub-Saharan African countries. In the short run of the Panel Ardl monetary aggregates exhibit a positive relationship with Bitcoin prices, indicating that changes in the money supply may influence the demand for cryptocurrencies. Conversely, both exchange rates and interest rates show a negative relationship with Bitcoin prices in the short run, suggesting that currency depreciat ion and higher borrowing costs may reduce demand for Bitcoin. In the long run, the relationship between monetary aggregates and Bitcoin remains positive, emphasizing the potential influence of money supply on cryptocurrency markets over time. However, the significance of exchange rates diminishes, indicating a less pronounced impact in the longer term. Interestingly, interest rates continue to exhibit a significant negative relationship with Bitcoin prices in the long run, highlighting the persistent effect of borrowing costs on cryptocurrency demand. These results have important implications for policymakers, investors, and researchers interested in the intersection of monetary policy and cryptocurrency markets in Sub-Saharan Africa. Policymakers may consider the impact of monetary policy decisions on cryptocurrency adoption and market dynamics, while investors can use these insights to inform their investment strategies. © 2024 Elsevier B.V., All rights reserved.","Bitcoin; Exchange Rate; Interest Rate; Monetary Indicators; Sub-saharan Africa","","","","","Böhme, Rainer, Bitcoin: Economics, technology, and governance, Journal of Economic Perspectives, 29, 2, pp. 213-238, (2015); Bouraoui, Taoufik, The drivers of Bitcoin trading volume in selected emerging countries, Quarterly Review of Economics and Finance, 76, pp. 218-229, (2020); Bouri, Elie I., On the return-volatility relationship in the bitcoin market around the price crash of 2013, Economics, 11, (2017); Bouri, Elie I., Does Bitcoin hedge global uncertainty? Evidence from wavelet-based quantile-in-quantile regressions, Finance Research Letters, 23, pp. 87-95, (2017); Chen, Yuanyuan, Empirical analysis of bitcoin price, Journal of Economics and Finance, 45, 4, pp. 692-715, (2021); Ciaian, Pavel, The economics of BitCoin price formation, Applied Economics, 48, 19, pp. 1799-1815, (2016); Principles of Macroeconomics Ocr Module Version, (2017); Demetriades, Panicos O., Finance, institutions and economic development, International Journal of Finance and Economics, 11, 3, pp. 245-260, (2006); Dyhrberg, Anne Haubo, Hedging capabilities of bitcoin. Is it the virtual gold?, Finance Research Letters, 16, pp. 139-144, (2016); Fantazzini, Dean, Does the Hashrate Affect the Bitcoin Price?, Journal of Risk and Financial Management, 13, 11, (2020)","","ASERS Publishing House","","","","","","20687710","","","","English","Article","Final","","Scopus","2-s2.0-85206588344"
"S., S.S., Sravan; S., Mandal, Susmita; A.J.A., P.J.A., Alphonse J.A.","S.S., Sravan (57209772899); Mandal, Susmita (57191245209); P.J.A., Alphonse J.A. (57200760920)","57209772899; 57191245209; 57200760920","LIO-PAY: Sustainable low-cost offline payment solution","2024","Electronic Commerce Research and Applications","67","","101440","","","0","1","10.1016/j.elerap.2024.101440","https://www.scopus.com/inward/record.uri?eid=2-s2.0-85199500680&doi=10.1016%2Fj.elerap.2024.101440&partnerID=40&md5=a111dfffd713831279dd55e74b20c4ba","National Institute of Technology Tiruchirappalli, Tiruchirappalli, India; Institute for Development and Research in Banking Technology India, Hyderabad, India","S.S., Sravan, National Institute of Technology Tiruchirappalli, Tiruchirappalli, India, Institute for Development and Research in Banking Technology India, Hyderabad, India; Mandal, Susmita, Institute for Development and Research in Banking Technology India, Hyderabad, India; P.J.A., Alphonse J.A., National Institute of Technology Tiruchirappalli, Tiruchirappalli, India","Offline payment solutions exist today to enable customers to avail themselves of the privileges of the cashless economy. Financial inclusion is visualized as a key factor in encouraging digital transactions in rural and semi-urban regions. Recently, the Government of India, along with the Reserve Bank of India, announced a framework that allows offline payments with finite transaction limits. This aims at providing access to formal financial services in an affordable manner to deepen financial inclusion. However, the remote population rarely access their digital bank accounts due to intermittent network connectivity issues. Hence, the majority of these accounts are in a dormant state, which demeans the impact of financial inclusion. The aim of this research is to design and develop a sustainable, low-cost, highly efficient offline payment solution using a LoRa-enabled IoT ecosystem to connect with Space Information Network (SIN). A novel offline payment system is designed with features of a) recharge and b) payment with offline wallet technology, which can be availed of in the absence of Internet or telecommunication services. The proposed solution, LIO-PAY, allows merchants and end users across the ecosystem to run seamless transactions. We developed a proof of concept and tested it in a lab setup with volunteers to analyze the usability of the application for initiating transactions. We examined 46 customer-initiated transactions and found that 16 (around 34.8%) failed due to merchant data entry errors, likely typos. In a separate analysis of these transactions, 4 customers (approximately 11.5%) incorrectly entered their PIN. The average time to complete a transaction was 35.42 s. Bringing satellite payments to life faces hurdles but holds immense promise for the unbanked. Getting the green light from banking authorities and the satellite network provider is no easy feat. Even if approved, launching a whole new satellite network just for low-value transactions might be too expensive. A more realistic approach could be using existing telecom satellites to bounce transaction data to banks. Regulatory approval is needed from both banking authorities and the satellite network provider. Hence, we simulated the SIN environment with seven LEO (Low Earth Orbit) satellites using the Matlab tool. These simulations revealed a transmission time range of 2 min to 1 h, indicating a reasonable timeframe for delivering information to a ground station via SIN. Despite terrestrial networks expanding their reach, satellite-based solutions hold promise for areas with no or weak internet connectivity. This becomes even more attractive if launch costs go down or if banking authorities help subsidize the service to bring financial inclusion to remote regions. Thus, we hope this approach may help researchers and policymakers visualize the possibilities of bridging the gap in financial inclusion. © 2024 Elsevier B.V., All rights reserved.","Lorawan Communication; Matlab; Offline Payment; Proof Of Concept; Space Information Network; Costs; Economics; Information Services; Internet Service Providers; Matlab; Orbits; Sales; Satellites; Sustainable Development; Telecommunication Services; Financial Inclusions; Key Factors; Lorawan Communication; Low-costs; Matlab; Network Provider; Offline Payments; Proof Of Concept; Satellite Network; Space Information Network; Ecosystems","Costs; Economics; Information services; Internet service providers; MATLAB; Orbits; Sales; Satellites; Sustainable development; Telecommunication services; Financial inclusions; Key factors; LoRaWAN communication; Low-costs; Matlab; Network provider; Offline payments; Proof of concept; Satellite network; Space information network; Ecosystems","","","This work is supported by Science and Engineering Research Board (SERB) , a statutory body of the Department of Science and Technology, Govt. of India under Grant No. SRG/2020/002458 . We would also like to extend our thanks to the research associates Mr. Pippalla Lakshmi Ramesh and Mr. Manesh Kumar Behara.","undefined, (2022); Asian Journal of Applied Science and Technology, (2017); Ashwini, M., Enhancement and performance analysis of LEACH algorithm in IOT, (2017); Financial Inclusion, (2022); undefined, (2022); undefined, (2017); Behera, Truptimayee Mayee, Energy-efficient modified LEACH protocol for IoT application, IET Wireless Sensor Systems, 8, 5, pp. 223-228, (2018); undefined, (2022); Fraire, Juan Andres, Direct-To-Satellite IoT - A Survey of the State of the Art and Future Research Perspectives: Backhauling the IoT Through LEO Satellites, Lecture Notes in Computer Science, 11803 LNCS, pp. 241-258, (2019); Fraire, Juan Andres, Sparse Satellite Constellation Design for LoRa-based Direct-to-Satellite Internet of Things, Proceedings - IEEE Global Communications Conference, GLOBECOM, (2020)","","Elsevier B.V.","","","","","","15674223","","","","English","Article","Final","","Scopus","2-s2.0-85199500680"
"N., Ye, Ningyao; Z., Zhao, Zeyu","Ye, Ningyao (57710338000); Zhao, Zeyu (58633582200)","57710338000; 58633582200","The reform of consumer protection in mobile payment services in China: Legislation, regulation, and dispute resolution","2024","Computer Law and Security Review","54","","106007","","","0","3","10.1016/j.clsr.2024.106007","https://www.scopus.com/inward/record.uri?eid=2-s2.0-85195843480&doi=10.1016%2Fj.clsr.2024.106007&partnerID=40&md5=c1a5dd72b2ce806098b42f2b3a63dfbc","China University of Political Science and Law, Beijing, China; Renmin University of China, Beijing, China","Ye, Ningyao, School of Juris Master, China University of Political Science and Law, Beijing, China; Zhao, Zeyu, School of Law, Renmin University of China, Beijing, China","In China, mobile payment services, based on a rapid development of financial technology, have been playing an essential role in Chinese residents’ daily life, creating a cashless society. Unlike many advanced countries having a clear legal definition of financial consumers and incorporating consumers of mobile payment services into financial consumers, China, as one of the largest markets for mobile payment services, has not had a clear legal definition of financial consumers with no clarity regarding whether consumers of mobile payment services belong to financial consumers. This article not only provides a legal analysis of consumers of mobile payment services in China, but also outrightly explores the prospective reform of financial consumer protection with reference to other countries’ successful experience and standards. By the analysis, this article attempts to find out solution for the Chinese financial consumer protection scheme and argues that the Chinese financial consumer protection scheme has to be well designed to maintain a balance between consumers and mobile payment giants. © 2024 Elsevier B.V., All rights reserved.","China; Consumer Protection; Financial Consumers; Mobile Payment Services; Electronic Money; Finance; Global System For Mobile Communications; China; China Mobiles; Dispute Resolution; Financial Consumer; Legal Definition; Mobile Payment; Mobile Payment Service; Payment Services; Protection Schemes; Service-based; Consumer Protection","Electronic money; Finance; Global system for mobile communications; China; China mobiles; Dispute resolution; Financial consumer; Legal definition; Mobile payment; Mobile payment service; Payment services; Protection schemes; Service-based; Consumer protection","","","","","","Elsevier Ltd","","","","","","02673649","","CLSRE","","English","Article","Final","","Scopus","2-s2.0-85195843480"
"M., Verdier, Marianne","Verdier, Marianne (35178439000)","35178439000","Digital payments and bank competition","2024","Journal of Financial Stability","73","","101287","","","0","5","10.1016/j.jfs.2024.101287","https://www.scopus.com/inward/record.uri?eid=2-s2.0-85194880347&doi=10.1016%2Fj.jfs.2024.101287&partnerID=40&md5=528ee86e216b207c8147e7ca3271202b","Centre de Recherches en Economie et Droit (CRED), Paris, France","Verdier, Marianne, Centre de Recherches en Economie et Droit (CRED), Paris, France","This article examines how competition between banks and a digital PSP impacts the lending rate and the consumers’ use of payment instruments. The digital PSP offers a digital wallet and payment services, but does not offer credit. In contrast, banks invest their deposits in lending activities, which implies that they may incur some costs of adjusting their liquidity needs when consumers make payments. I show that the adoption of the digital wallet for payments may sometimes increase the volume of payments by bank deposit transfers and the lending rate. This results from banks’ trade-off between lowering their costs of liquidity when consumers pay from their digital wallet and reducing the revenues they receive from bank transfer fees. © 2024 Elsevier B.V., All rights reserved.","Banking Regulation; Cash; Cbdc; Digital Currencies; Money Demand; Payment Systems","","","","","Adrian, Tobias, The Rise of Digital Money, Annual Review of Financial Economics, 13, pp. 57-77, (2021); Agur, Itai, Designing central bank digital currencies, Journal of Monetary Economics, 125, pp. 62-79, (2022); Alvarez, Fernando E., Financial innovation and the transactions demand for cash, Econometrica, 77, 2, pp. 363-402, (2009); Andolfatto, David, ASSESSING THE IMPACT OF CENTRAL BANK DIGITAL CURRENCY ON PRIVATE BANKS, Economic Journal, 131, 634, pp. 525-540, (2021); Central Bank Digital Currencies Motives Economic Implications and the Research Frontier, (2021); Permissioned Distributed Ledgers and the Governance of Money, (2021); Baltensperger, Ernst, Alternative approaches to the theory of the banking firm, Journal of Monetary Economics, 6, 1, pp. 1-37, (1980); Bank of England Extends Direct Access to Rtgs Accounts to Non Bank Payment Service Providers, (2018); Central Bank Digital Currency, (2025); Baumol, William J., The transactions demand for cash: An inventory theoretic approach, Quarterly Journal of Economics, 66, 4, pp. 545-556, (1952)","","Elsevier B.V.","","","","","","15723089","","","","English","Article","Final","All Open Access; Green Accepted Open Access; Green Open Access","Scopus","2-s2.0-85194880347"
"F., Syarifuddin, Ferry","Syarifuddin, Ferry (56053799400)","56053799400","OPTIMAL CENTRAL BANK DIGITAL CURRENCY DESIGN FOR EMERGING ECONOMIES","2024","Journal of Central Banking Law and Institutions","3","2","","361","392","0","2","10.21098/jcli.v3i2.194","https://www.scopus.com/inward/record.uri?eid=2-s2.0-86000764909&doi=10.21098%2Fjcli.v3i2.194&partnerID=40&md5=62784628e24d02e8bbe62d05d4ef6037","Central Bank of Indonesia, Serang, Indonesia","Syarifuddin, Ferry, Central Bank of Indonesia, Serang, Indonesia","The growth of digitalisation presents the possibility for Central Bank Digital Currency (CBDC) to emerge as a secure and efficient payment method. However, despite the benefits, CBDC implementation needs to be adapted to the capabilities and needs of each country. This study uses meta-strength, weakness, opportunity, and threat (meta-SWOT) analysis to assess the internal strengths and weaknesses, as well as the external opportunities and threats, to determine the most optimal CBDC design for emerging economies. In analysing internal aspects, CBDC allows for an efficient payment system, followed by a more effective monetary policy. Furthermore, the technology creates the possibility to boost financial inclusion and trace many illicit activities. However, to achieve that, high investment costs and privacy issues must be accommodated, followed by technological risks such as the digital divide and electrical outages. Turning to external aspects, growing technology, the network effect, enthusiasm for CBDC, and the impracticality of cash usage have become catalysts for CBDC development. Despite these opportunities, central banks should be wary of the threat of cyberattacks, quickening bank disintermediation, legal issues within their respective countries, and competition with private crypto companies. Altogether, the most optimal CBDC design in emerging economies is retail and wholesale coverage, interest-bearing (wholesale) and noninterest-bearing (retail) remuneration, account-based and token-based payment systems, a traceable degree of anonymity, hybrid architecture, a Decentralised Ledger Technology (DLT) ledger system, and domestic and cross-border scope. These results are supported by rigorous examination of global CBDC research and development. © 2025 Elsevier B.V., All rights reserved.","Cbdc; Optimal Design; Swot Analysis","","","","","Pwc Global Cbdc Index 2021, (2021); Speech Given at the IMF Swiss National Bank Conference, (2019); IMF Blog, (2019); Agarwal, Ravi, Meta-SWOT: Introducing a new strategic planning tool, Journal of Business Strategy, 33, 2, pp. 12-21, (2012); Designing Central Bank Digital Currencies, (2019); Suerf the European Money and Finance Forum 2018 2, (2018); Design Choices for Central Bank Digital Currency Policy and Technical Considerations, (2020); Aráuz, Andrés Fernández, Dinero Electrónico: The rise and fall of Ecuador's central bank digital currency, Latin American Journal of Central Banking, 2, 2, (2021); On the Possibility of A Cash Like Cbdc, (2021); Arouri, Mohamed El Hédi, Emerging Markets and the Global Economy: A Handbook, pp. 1-875, (2013)","","Bank Indonesia Institute","","","","","","28277775; 28099885","","","","English","Article","Final","All Open Access; Gold Open Access","Scopus","2-s2.0-86000764909"
"X., Li, Xiao; R., Wu, Ruoxi; C., Wang, Chen","Li, Xiao (57164491400); Wu, Ruoxi (58816995000); Wang, Chen (57214756724)","57164491400; 58816995000; 57214756724","Impacts of bitcoin on monetary system: Is China's bitcoin ban necessary?","2024","Research in International Business and Finance","69","","102237","","","0","3","10.1016/j.ribaf.2024.102237","https://www.scopus.com/inward/record.uri?eid=2-s2.0-85182565078&doi=10.1016%2Fj.ribaf.2024.102237&partnerID=40&md5=98e7d83501d51dd1baacbc00eb439548","Nankai University, Tianjin, China; Tianjin University, Tianjin, China","Li, Xiao, School of Finance, Nankai University, Tianjin, China; Wu, Ruoxi, School of Finance, Nankai University, Tianjin, China; Wang, Chen, Tianjin University, Tianjin, China","This paper examines the impacts of Bitcoin price growth (BPG) and Bitcoin volatility (BV) on China's monetary system indicated by inflation rates (INF), real exchange rates (RER) and money velocity (MV) based on the GARCH models using Bitcoin data from 2013 to 2019 to evaluate the necessity of China's Bitcoin ban. The empirical results suggest that BPG has a significant negative impact on INF and MV, but is insignificant for RER. While the BV is insignificant for all three monetary aggregates. Consistent evidence is found from additional tests including the alternative model specifications, subperiod analysis and adding up third-party online payment as another control variable for money velocity. Our study focuses on the period without the sweeping ban of cryptocurrencies in China, which provides support for researchers and financial advisors when forecasting inflation or money velocity in other areas without legal-bans but having a relevantly crypto-skeptical attitude, and also for authorities in shaping and implementing relevant monetary policies. © 2024 Elsevier B.V., All rights reserved.","Bitcoin; Inflation; Monetary System; Money Velocity; Real Exchange Rate","","","","This work is supported by the National Natural Science Foundation of China ( 72171125 ).","Aharon, David Yechiam, Twitter-Based uncertainty and cryptocurrency returns, Research in International Business and Finance, 59, (2022); Akin, Isik, The ripple effects of CBDC-related news on Bitcoin returns: Insights from the DCC-GARCH model, Research in International Business and Finance, 66, (2023); Allen, Franklin, Fintech, Cryptocurrencies, and CBDC: Financial Structural Transformation in China, Journal of International Money and Finance, 124, (2022); Hamed Al-Yahyaee, Khamis Hamed, Efficiency, multifractality, and the long-memory property of the Bitcoin market: A comparative analysis with stock, currency, and gold markets, Finance Research Letters, 27, pp. 228-234, (2018); Amano, Robert A., Oil prices and the rise and fall of the US real exchange rate, Journal of International Money and Finance, 17, 2, pp. 299-316, (1998); Arnosti, Nick A., Bitcoin: A Natural Oligopoly, Management Science, 68, 7, pp. 4755-4771, (2022); Rise of the Central Bank Digital Currencies Drivers Approaches and Technologies, (2020); Augustin, Patrick, The Impact of Derivatives on Spot Markets: Evidence from the Introduction of Bitcoin Futures Contracts, Management Science, 69, 11, pp. 6752-6776, (2023); Aysan, Ahmet Faruk, Effects of the geopolitical risks on Bitcoin returns and volatility, Research in International Business and Finance, 47, pp. 511-518, (2019); Baek, Chung, Bitcoins as an investment or speculative vehicle? A first look, Applied Economics Letters, 22, 1, pp. 30-34, (2015)","","Elsevier Ltd","","","","","","02755319","","","","English","Article","Final","","Scopus","2-s2.0-85182565078"
"O., Monye, Ogochukwu","Monye, Ogochukwu (57732174000)","57732174000","Cashless policy initiative in Nigeria: outline of crucial socio-economic and regulatory considerations","2024","Journal of Money Laundering Control","27","3","","445","458","0","4","10.1108/JMLC-05-2023-0098","https://www.scopus.com/inward/record.uri?eid=2-s2.0-85166744108&doi=10.1108%2FJMLC-05-2023-0098&partnerID=40&md5=882f8a1655000612f42ee5791a3004f5","University of Benin, Benin, Nigeria","Monye, Ogochukwu, University of Benin, Benin, Nigeria","Purpose: The Central Bank of Nigeria (CBN) recently relaunched Nigeria’s cashless policy initiative which seeks to reduce financial crime and tax avoidance, decrease cash dependency, advance the adoption of digital financial services (DFS), decrease the risks to the payment system and foster financial inclusion. This study aims to identify the unique challenges of going cashless in Nigeria, particularly in terms of infrastructural, exclusionary and cost implications of the policy on the average citizens. Design/methodology/approach: The author applies a doctrinal research methodology to identify and reflect on key challenges of the cashless policy from the economic, regulatory and transactional perspectives. Findings: The cashless policy initiative in Nigeria heralds value for financial integrity, financial policy regulation and user convenience. The mode of introduction, however, ushers in significant challenges and hardly considers Nigeria’s inadequate payment infrastructure, persistent financial exclusion, low levels of financial and digital literacy and capability, high cost of using DFS and pervasive proclivity for cash. As Nigerians adjust albeit inconveniently to the policy, the CBN can ameliorate the hardship by strengthening the payment infrastructure, particularly for digital payments, fostering consumer trust by safeguarding user funds and enabling consumer preferences. Research limitations/implications: Research materials include the national regulator’s policy documents and newspaper articles that have not been published in formal reports but non-the-less adequately mirror the policy intention of the CBN and the lived experiences of Nigerians. Practical implications: This study identifies the practical steps and regulatory measures that the CBN can take to improve acceptance and meaningful and sustainable adoption of the cashless policy by the majority of Nigerians. Social implications: The recommendations that are proffered provide some rich insights to inform regulatory direction for the CBN to seamlessly phase-in the cashless policy and consequently drive down financial exclusion in Nigeria. Originality/value: This study contributes to the policy discussion around the introduction of the cashless Nigeria project. The doctrinal research method highlights the policy intentions of the regulator in juxtaposition with lived experiences of Nigerians. This study offers recommendations to bolster financial inclusion, stability and integrity. © 2024 Elsevier B.V., All rights reserved.","Cashless Policy; Digital Financial Services; Digital Transition; Financial Inclusion; Financial Integrity","","","","Funding text 1: This work is part of the publication output for the 2023 British Academy Visiting Fellowship grant VF2\\101177. Funding from the British Academy is acknowledged. Ogochukwu Monye is a Higher Research Affiliate, Private Law Department, University of Cape Town, South Africa. This research was carried out as part of the British Academy Visiting Fellowship Grant 2023 at the University of Southampton, United Kingdom.; Funding text 2: This work is part of the publication output for the 2023 British Academy Visiting Fellowship grant VF2\\101177. Funding from the British Academy is acknowledged.","Cbn Suspends Cashless Policy in 30 States, (2017); Cashless Policy if Only Cbn is on the Same Page as Deposit Money Banks Others, (2022); No Turning Back on Cashless Policy Emefiele Says After Meeting Buhari, (2022); Int J Bus Financ Manag Res, (2014); Islamic University Multidisciplinary Journal Iumj, (2020); Affordable Internet Journey from 1 to 5, (2023); Cashless Policy Cbn Lists Next Moves, (2022); Cbn Plans Naira Redesign to Counter Counterfeiting Kidnapping, (2022); Building A Cashless Society the Swedish Route to the Future of Cash Payments, (2019); Cbn Why We Suspended Nationwide Implementation of Cashless Policy for Six Years, (2022)","","Emerald Publishing","","","","","","13685201; 17587808","","","","English","Article","Final","","Scopus","2-s2.0-85166744108"
"K., Khanna, Kirti; S., Ruhlan, Savita; D., Yadav, Divya; D.L., Paul, Dana Léo","Khanna, Kirti (58339216700); Ruhlan, Savita (59148064800); Yadav, Divya (59148064900); Paul, Dana Léo (59148084500)","58339216700; 59148064800; 59148064900; 59148084500","Exploring digital currency adoption in India: Insight from e-Rupee using technology acceptance model perspective","2024","","","","","87","103","0","1","10.4018/979-8-3693-3282-5.ch006","https://www.scopus.com/inward/record.uri?eid=2-s2.0-85194450849&doi=10.4018%2F979-8-3693-3282-5.ch006&partnerID=40&md5=0fdcd72b9b3a495eb91b1bee706155be","Manav Rachna International Institute of Research and Studies, Faridabad, India; Amity University, Noida, India; Université Paris 1 Panthéon-Sorbonne, Paris, France","Khanna, Kirti, Manav Rachna International Institute of Research and Studies, Faridabad, India; Ruhlan, Savita, Amity University, Noida, India; Yadav, Divya, Amity University, Noida, India; Paul, Dana Léo, Université Paris 1 Panthéon-Sorbonne, Paris, France","The chapter focuses on the phenomena of digital currencies issued by central banks (CBDC). The approach to the cashless economy, the battle against money laundering and tax evasion, the growing competition of private digital currencies, the enhancement of the monetary policy transmission mechanism, and the technological advancement of the payment sector were identified as important factors contributing to the development of digital currencies by central banks. Availability, anonymity, P2P transfers, interest-bearing features, and other potential restrictions were examined and highlighted as major distinctions between CBDC and private digital currencies and physical currencies. The stability and dependability, safety, speed, and ease of use of the CBDC were highlighted as its primary benefits. The study applied TAM to explore the adoption pattern of digital currency by retail customers through selected banks. The findings explained how different factors are important in determining behavioral intention and CBDC use behavior. © 2025 Elsevier B.V., All rights reserved.","","","","","","Arias-Oliva, Mario, Variables influencing cryptocurrency use: A technology acceptance model in Spain, Frontiers in Psychology, 10, MAR, (2019); Promoting Financial Inclusion Central Bank Digital Currency, (2023); Set Correlation and Contingency Tables; Fintech Notes, (2023); Indian Public Policy Review, (2022); Journal of Pharmaceutical Negative Results, (2022); Faqih, Khaled M.S., Assessing the moderating effect of gender differences and individualism-collectivism at individual-level on the adoption of mobile commerce technology: TAM3 perspective, Journal of Retailing and Consumer Services, 22, pp. 37-52, (2015); Fernández-Villaverde, Jesús, Central bank digital currency: Central banking for all?, Review of Economic Dynamics, 41, pp. 225-242, (2021); Ghasemy, Majid, This fast car can move faster: a review of PLS-SEM application in higher education research, Higher Education, 80, 6, pp. 1121-1152, (2020); Gupta, Munish, Does Previous Experience with the Unified Payments Interface (UPI) Affect the Usage of Central Bank Digital Currency (CBDC)?, Journal of Risk and Financial Management, 16, 6, (2023)","","IGI Global","","","","","","","9798369332832; 9798369332825","","","English","Book chapter","Final","","Scopus","2-s2.0-85194450849"
"V., Priyadarshini, V.; M.S., Ahmed, M. Shuaib; R., Sathya, R.; V.C., Lekha, V. Chandra","Priyadarshini, V. (59716464600); Ahmed, M. Shuaib (59036347200); Sathya, R. (58950243200); Lekha, V. Chandra (58949763500)","59716464600; 59036347200; 58950243200; 58949763500","Digital transformation in the banking and financial services among rural users: Disruptive technology acceptance model","2024","AIP Conference Proceedings","2935","1","020016","","","0","0","10.1063/5.0198901","https://www.scopus.com/inward/record.uri?eid=2-s2.0-85188310293&doi=10.1063%2F5.0198901&partnerID=40&md5=4733d7075b5dbe0eeffa4fe1db33d821","C. Abdul Hakeem College of Engineering & Technology, Melvisharam, India; GRT Institute of Engineering and Technology, Tiruttani, India","Priyadarshini, V., School of Management, C. Abdul Hakeem College of Engineering & Technology, Melvisharam, India; Ahmed, M. Shuaib, School of Management, C. Abdul Hakeem College of Engineering & Technology, Melvisharam, India; Sathya, R., Department of Management Studies, GRT Institute of Engineering and Technology, Tiruttani, India; Lekha, V. Chandra, ","Technology plays a vital role in all sectors of an economy. During COVID-19 we witnessed many new technologies in different industries. Digital India acts as the excellence of mobile and internet banking services and those disrupted the brick and mortar banking services. During COVID-19 Fin-tech companies such as Phone pay, Pay tm, Mobikwik, and U Pay achieves tremendous growth for digital retail payments through the concepts of Unified Payment Interface (UPI) and mobile wallets. Artificial intelligence and block chain are the disruptive technologies that will bring sustainable business practices to different sectors of an economy including the banking and financial services industry Cashless transactions, National Electronic Fund Transfer, Electronic Clearing Service, branchless approaches for banking transactions such as kiosks, micro ATMs, and ATMs are the various technologies implemented by the scheme of Pradhan Mantri Jan-Dhan Yojana in India for financial inclusion. The main objective of the current study is to find the acceptance level of financial and banking services disruptive technology among rural people in Tamil Nadu, India. The study used primary data sources to make relationships among the variables, 384 sample sizes at 5% of error were taken for the large populations. The study adopted a convenient sample technique and data were collected from the rural people in Tamil Nadu. PLS-SEM was adopted to make the relationship among the variables. The study found that there is a significant relationship between the disruptive technology dimensions such as perceived usefulness, perceived ease of use, portability, perceived value, and trust in attitude and intention to use digital financial services. However, there is no relationship found between the perceived value of attitude and portability on intention to use financial services. © 2024 Elsevier B.V., All rights reserved.","Attitude; Digital Banking; Disruptive Technology; Financial Services","","","","","Asian Transformations an Inquiry into the Development of Nations, (2019); Abdel-Basset, Mohamed, An intelligent framework using disruptive technologies for COVID-19 analysis, Technological Forecasting and Social Change, 163, (2021); Journal of the Oriental Institute, (2022); International Monetary Fund Special Series on Covid 19 Transactions, (2020); Walsh, Steven T., Infrastructure for emergent industries based on discontinuous innovations, EMJ - Engineering Management Journal, 12, 2, pp. 23-32, (2000); Christensen, Clayton M., The ongoing process of building a theory of disruption, Journal of Product Innovation Management, 23, 1, pp. 39-55, (2006); Harvard Business Review Press, (2013); Analysis of Ordinal Data with Cumulative Link Models Estimation with the R Package Ordinal, (2015); Maddux, James E., Protection motivation and self-efficacy: A revised theory of fear appeals and attitude change, Journal of Experimental Social Psychology, 19, 5, pp. 469-479, (1983); Moore, Gary C., Development of an instrument to measure the perceptions of adopting an information technology innovation, Information Systems Research, 2, 3, pp. 192-222, (1991)","Caffiyar, M.Y.; Hashim, B.A.M.; Bingi, K.","American Institute of Physics","","1st International Conference on Artificial Intelligent Systems for Sustainable Solutions, AIS3 2023","","Virtual, Online","197942","0094243X; 15517616","9780735451889; 9780735441088; 9780735403598; 9780735444577; 9780735443594; 9780735448001; 9780735416437; 9780735402744; 9780735408869; 9780735419315","","","English","Conference paper","Final","All Open Access; Bronze Open Access","Scopus","2-s2.0-85188310293"
"Ridwansyah; M.S.B.A., Razimi, Mohd Shahril Bin Ahmad; E., Sisdianto, Ersi; O., Suprianingsih, Okta","Ridwansyah (59198247000); Razimi, Mohd Shahril Bin Ahmad (56050769100); Sisdianto, Ersi (57221443320); Suprianingsih, Okta (59197516400)","59198247000; 56050769100; 57221443320; 59197516400","Central Bank Digital Currency (CBDC): An Innovation in E-Payment for Socio-Entrepreneurship","2024","Paper Asia","40","2b","","93","104","0","0","10.59953/paperasia.v40i2b.73","https://www.scopus.com/inward/record.uri?eid=2-s2.0-85197220061&doi=10.59953%2Fpaperasia.v40i2b.73&partnerID=40&md5=efabdde56be06addb8194ec96569b53b","Universitas Islam Negeri Raden Intan Lampung, Bandar Lampung, Indonesia; Seri Begawan Islamic Religious Teacher University College, Brunei Darussalam","Ridwansyah, null, Universitas Islam Negeri Raden Intan Lampung, Bandar Lampung, Indonesia; Razimi, Mohd Shahril Bin Ahmad, Seri Begawan Islamic Religious Teacher University College, Brunei Darussalam; Sisdianto, Ersi, Universitas Islam Negeri Raden Intan Lampung, Bandar Lampung, Indonesia; Suprianingsih, Okta, Universitas Islam Negeri Raden Intan Lampung, Bandar Lampung, Indonesia","The quantity of electronic currency in circulation within the community experienced a substantial increase between 2017 and 2022. However, the quantity of electronic currency in circulation in 2021 has declined compared to 2020 and 2022. Furthermore, the emergence of central bank digital currency (CBDC) as a digital currency has problems that cannot be avoided; these problems arise from policies or regulations and understanding of the public and business people and are related to the security of digital currency users. The Bank of Indonesia deems it imperative to address this by implementing suitable policies. The policy encompasses digital payments and financial services, including Central Bank Digital Currency (CBDC). Central banks worldwide are encouraged to develop Central Bank Digital Currency (CBDC) to enhance monetary policy effectiveness. The objective is to guarantee financial stability and enhance the effectiveness and resilience of the payment system. This study aims to examine the concept of Central Bank Digital Currency (CBDC) as a novel electronic payment tool for social entrepreneurs. The research approach employed in this study was descriptive qualitative with data forecasting. The findings of this study indicate that Central Bank Digital Currency (CBDC) has the potential to be utilized as a payment instrument by social entrepreneurs. © 2024 Elsevier B.V., All rights reserved.","Central Bank Digital Currency; E-payment; Innovation; Socio-entrepreneurship","","","","","Abdullah, Rose, Al-Tawhid in relation to the economic order of microfinance institutions, Humanomics, 30, 4, pp. 325-348, (2014); Jurnal Administrare, (2022); Náñez Alonso, Sergio Luis, The tax incentives in the IVTM and ""eco-friendly cars"": The spanish case, Sustainability (Switzerland), 12, 8, (2020); Náñez Alonso, Sergio Luis, Reasons fostering or discouraging the implementation of central bank-backed digital currency: A review, Economies, 8, 2, (2020); Náñez Alonso, Sergio Luis, Detection of financial inclusion vulnerable rural areas through an access to cash index: Solutions based on the pharmacy network and a CBDC. Evidence based on Ávila (Spain), Sustainability (Switzerland), 12, 18, (2020); Náñez Alonso, Sergio Luis, Central banks digital currency: Detection of optimal countries for the implementation of a CBDC and the implication for payment industry open innovation, Journal of Open Innovation: Technology, Market, and Complexity, 7, 1, pp. 1-23, (2021); Quant Econ Manag Stud, (2020); Ashrafi, Dewan Mehrab, The Role of Innovation Resistance and Technology Readiness in the Adoption of QR Code Payments Among Digital Natives: A Serial Moderated Mediation Model, International Journal of Business Science and Applied Management, 18, 1, pp. 18-45, (2023); As-Salafiyah, Aisyah, CENTRAL BANK DIGITAL CURRENCY (CBDC): A SENTIMENT ANALYSIS AND LEGAL PERSPECTIVE, Journal of Central Banking Law and Institutions, 2, 2, pp. 347-372, (2023); Desain Rupiah Digital Sebagai Central Bank Digital Currency Indonesia Dalam Upaya Mencapai Inklusi Keuangan Dan Pemulihan Ekonomi 13 Desember 2022 Ketua Tim Peneliti","","SHPMedia Sdn Bhd","","","","","","02184540","","","","English","Article","Final","","Scopus","2-s2.0-85197220061"
"R., Ferrero, Renato; B., Montrucchio, Bartolomeo","Ferrero, Renato (35145639100); Montrucchio, Bartolomeo (6603463265)","35145639100; 6603463265","Banknote Identification Through Unique Fluorescent Properties","2024","IEEE Transactions on Dependable and Secure Computing","21","2","","975","986","0","0","10.1109/TDSC.2023.3267166","https://www.scopus.com/inward/record.uri?eid=2-s2.0-85153531878&doi=10.1109%2FTDSC.2023.3267166&partnerID=40&md5=5a06db21dbcea34f41cd2f6ddd9775fe","Politecnico di Torino, Turin, Italy","Ferrero, Renato, Politecnico di Torino, Turin, Italy; Montrucchio, Bartolomeo, Politecnico di Torino, Turin, Italy","The use of printed banknotes is widespread despite cashless payment methods: for example, more than 27 billion euro banknotes are currently in circulation, and this amount is constantly increasing. Unfortunately, many false banknotes are in circulation, too. Central banks worlwide are continuously striving to reduce the counterfeiting. To fight against the criminal practice, a range of security features are added to banknotes, such as watermarks, micro-printing, holograms, and embossed characters. Beside these well-known characteristics, the colored fibers inside every banknote have strong potential as a security feature, but have so far been poorly exploited. The mere presence of colored fibers does not guarantee the banknote genuineness, as they can be drawn or printed by counterfeiters. However, their random position can be exploited to uniquely identify the banknote. This article presents a technique for automatically recognizing fibers and efficiently storing their positions, considering realistic application scenarios. The classification accuracy and fault tolerance of the proposed method are theoretically demonstrated, thus showing its applicability regardless of banknote wear or any implementation issue. This is a major advantage with respect to state-of-the-art anti-counterfeit approaches. The proposed security method is strictly topical, as the European Central Bank plans to redesign euro banknotes by 2024. © 2024 Elsevier B.V., All rights reserved.","Banknote Counterfeiting; Security Features; Ultraviolet Light; Crime; Digital Watermarking; Fault Tolerance; Image Recognition; Security Systems; Watermarking; Banknote Counterfeiting; Banknote Identifications; Colored Fibers; Counterfeiting; Europe; Features Extraction; Fluorescent Property; Security Features; Ultra-violet Light; Ultraviolet Lights; Feature Extraction","Crime; Digital watermarking; Fault tolerance; Image recognition; Security systems; Watermarking; Banknote counterfeiting; Banknote identifications; Colored fibers; Counterfeiting; Europe; Features extraction; Fluorescent property; Security features; Ultra-violet light; Ultraviolet lights; Feature extraction","","","","Identity Document and Banknote Security Forensics A Survey, (2019); Invention of Coinage and the Monetization of Ancient Greece, (2004); Optical Security and Counterfeit Deterrence San Francisco Usa, (2010); Banknote Washington Dc Usa, (2003); Occasional Studies, (2007); Cozzella, Lorenzo, Is it possible to use biometric techniques as authentication solution for objects? Biometry vs. hylemetry, (2012); Ecb to Redesign Euro Banknotes by 2024; Pham, Danh Tuyen, Deep Learning-Based Fake-Banknote Detection for the Visually Impaired People Using Visible-Light Images Captured by Smartphone Cameras, IEEE Access, 8, pp. 63144-63161, (2020); Wang, Shen, Anti-Counterfeiting for Polymer Banknotes Based on Polymer Substrate Fingerprinting, IEEE Transactions on Information Forensics and Security, 16, pp. 2823-2835, (2021); Park, Chanhum, Deep feature-based three-stage detection of banknotes and coins for assisting visually impaired people, IEEE Access, 8, pp. 184598-184613, (2020)","","Institute of Electrical and Electronics Engineers Inc.","","","","","","15455971","","","","English","Article","Final","All Open Access; Hybrid Gold Open Access","Scopus","2-s2.0-85153531878"
"P., Nandru, Prabhakar; C., Madhavaiah, Chendragiri; A., Velayutham, Arulmurugan","Nandru, Prabhakar (57211557854); Madhavaiah, Chendragiri (6506705313); Velayutham, Arulmurugan (57223859776)","57211557854; 6506705313; 57223859776","Socioeconomic determinants of ownership of payment cards, mobile money account, and government remittances of digital financial services: evidence from India","2024","Journal of Financial Economic Policy","16","2","","247","271","0","10","10.1108/JFEP-07-2023-0176","https://www.scopus.com/inward/record.uri?eid=2-s2.0-85180915803&doi=10.1108%2FJFEP-07-2023-0176&partnerID=40&md5=8b482d647dd57eae478273f4cef42a8a","Pondicherry University, Puducherry, India; Pondicherry University, Puducherry, India","Nandru, Prabhakar, Department of Management, Pondicherry University, Puducherry, India; Madhavaiah, Chendragiri, Department of Management, Pondicherry University, Puducherry, India; Velayutham, Arulmurugan, Department of Commerce, Pondicherry University, Puducherry, India","Purpose: This paper aims to measure the extent of digital financial inclusion (DFI) and examine the effect of socioeconomic characteristics on using government remittances and the adoption of digital financial services (DFS) during the COVID-19 pandemic. Design/methodology/approach: The World Bank Global Financial Inclusion (Global Findex) database 2021 is used in this study, with a sample size of 3,000 Indian individuals. The study measured the demand-side analysis of DFI, namely, accessibility and usage of DFS with selected socioeconomic characteristics such as gender, age, income, education, being in the workforce and residential status of respondents. The dependent variable is binary in nature; therefore, the logistic regression model is used for the data analysis. Findings: The results of the study reveal that individuals’ socioeconomic factors, such as female, all the age groups, tertiary education, third- and fourth-income quintile and workforce, are found to have a significant association with “accessibility,” an exogenous variable of DFS. Besides, respondents’ socioeconomic attributes, namely, female, tertiary education, income for all quintiles and workforce, are more likely to use DFSs in the COVID-19 pandemic. The study also finds the residential status of individuals is influencing the accessibility and usage of DFS. Practical implications: The findings of the study provide valuable insights to the service providers and policymakers regarding the rapid expansion of DFS by digital infrastructure, simplifying the banking procedures and highlighting the importance of digital financial literacy to accomplish government goals through serving the unbanked population and also design strategies for achieving the objectives of Digital India: “Faceless, Paperless, and Cashless” of DFI across the country. Originality/value: Notable studies used World Bank Findex survey data to explore the determinants of financial inclusion in general. This research is one among the few studies to explore the determinants of India’s DFI. Moreover, this study measured the effect of individual socioeconomic attributes on the adoption of DFSs during the COVID-19 pandemic, which has not been included in prior studies. Therefore, this study has added value to the existing literature on financial technology innovation and DFS for the sustainable development of emerging nations. © 2024 Elsevier B.V., All rights reserved.","Covid-19; Digital Financial Inclusion; Digital Financial Services; Digital Payments; Digital Receipts; Mobile Money Account","","","","Funding text 1: The authors acknowledge the World Bank for using its Global Findex Database 2021 in this study. Dr Prabhakar Nandru (Corresponding author) is the awardee of the Indian Council of Social Science Research (ICSSR) Post-Doctoral Fellowship (PDF). This research paper is primarily an outcome of the Post-Doctoral Fellowship sponsored by the ICSSR, New Delhi, India. Funding : Indian Council of Social Science Research; 3-191/2021-22/PDF/SC.; Funding text 2: Dr Prabhakar Nandru (Corresponding author) is the awardee of the Indian Council of Social Science Research (ICSSR) Post-Doctoral Fellowship (PDF). This research paper is primarily an outcome of the Post-Doctoral Fellowship sponsored by the ICSSR, New Delhi, India.","International Monetary Fund Special Series on Covid 19 Transactions, (2020); Electronic Commerce Research, (2022); Financial Inclusion and the Role of the Post Office, (2013); Arner, Douglas W., Sustainability, FinTech and Financial Inclusion, European Business Organization Law Review, 21, 1, pp. 7-35, (2020); Gender Bias and Digital Financial Services in South Asia, (2020); Simplice, Asongu Anutechia, The role of ICT in reducing information asymmetry for financial access, Research in International Business and Finance, 38, pp. 202-213, (2016); Avom, Désiré, Do financial innovations improve financial inclusion? Evidence from mobile money adoption in Africa, Technological Forecasting and Social Change, 190, (2023); Aziz, Abdul, Rethinking digital financial inclusion: Evidence from Bangladesh, Technology in Society, 64, (2021); Bapat, Dhananjay Madhukar, Perceptions on Banking Service in Rural India: An Empirical Study, International Journal of Rural Management, 6, 2, pp. 303-321, (2010); Review of Finance and Banking, (2021)","","Emerald Publishing","","","","","","17576385; 17576393","","","","English","Article","Final","","Scopus","2-s2.0-85180915803"
"C., Pfister, Christian","Pfister, Christian (26644312500)","26644312500","Issuing a Wholesale Central Bank Digital Currency: Why and How","2024","Intereconomics","59","1","","35","40","0","0","10.2478/ie-2024-0008","https://www.scopus.com/inward/record.uri?eid=2-s2.0-85185451873&doi=10.2478%2Fie-2024-0008&partnerID=40&md5=3f296fbb4c05fe98146451b526f26e4c","Orleans Economics Laboratory, Orleans, France","Pfister, Christian, Orleans Economics Laboratory, Orleans, France","Although there are currently four retail central bank digital currencies in circulation, no central bank has yet issued the wholesale form of a central bank digital currency. There are good reasons to do so, however, and central banks have already conducted projects in this area. A wholesale central bank digital currency could be issued in different ways. This article presents two ""polar"" scenarios, with a restrained and an extensive use of the possibilities offered by recourse to distributed ledger technology. Their consequences for monetary policy are discussed, and some precautions for central banks that intend to launch a wholesale central bank digital currency are underlined. © 2024 Elsevier B.V., All rights reserved.","","","","","","Report Prepared by the Committee on Payment and Settlement Systems of the Central Banks of the Group of Ten Countries, (1997); Bis Annual Economic Report Chapter III, (2023); Options for Access to and Interoperability of Cbdcs for Cross Border Payments, (2022); Project Helvetia Phase II Settling Tokenized Assets in Wholesale Cbdc, (2022); Project Mbridge Connecting Economies Through Cbdc, (2022); Wholesale Central Bank Digital Currency Experiments with the Banque De France, (2021); Implications of New Forms of Money for Financial Stability Central Bank Digital Currencies and Stablecoins Revue D Economie Financiere, (2023); Responsible Innovation in Money and Payments Speech at Roundtable on Central Bank Digital Currency, (2023); Demertzis, Maria, The Geopolitics of Central Bank Digital Currencies, Intereconomics, 58, 4, pp. 173-177, (2023); Revue D Economie Financiere, (2023)","","Sciendo","","","","","","00205346; 1613964X","","","","English","Article","Final","All Open Access; Gold Open Access; Green Final Open Access; Green Open Access","Scopus","2-s2.0-85185451873"
"A., Sharma, Ashwani; N.S., Rathod, Nitpal Singh","Sharma, Ashwani (57396889300); Rathod, Nitpal Singh (58907460100)","57396889300; 58907460100","Central bank digital currency: Assessment of digital financing approach towards safe cashless economy in India","2024","","","","","37","51","0","2","10.4018/9798369307700.ch003","https://www.scopus.com/inward/record.uri?eid=2-s2.0-85186006972&doi=10.4018%2F9798369307700.ch003&partnerID=40&md5=5411e7277f9d29073c66bfe1bc137dab","Management and Sciences, Kotdwar, India; Geetanjali Institute of Technical Studies, Udaipur, India","Sharma, Ashwani, Institute of Hospitality, Management and Sciences, Kotdwar, India; Rathod, Nitpal Singh, Geetanjali Institute of Technical Studies, Udaipur, India","Cryptocurrencies create their own strong place in the world economy, even as governments and central banks acknowledge that the blockchain technology empowers cryptocurrencies. But they also worry that cryptocurrencies are designed to bypass established financial systems, even sovereign ones. This is why governments of different nations are developing the electronic form of fiat money that will be used in contactless transactions, called a central bank digital currency (CBDC). It is considered a form of digital currency with the aim of stabilizing the development of big unregulated markets, preventing misuse for money laundering and terror financing, and ensuring control. This chapter is attempting to examine the impact of CBDC towards a cashless economy in India, and the study about CBDC is important where cryptocurrency challenges the monetary system of central bodies and where some safest and regulated digital currency is required for the future economy of cashless. The findings suggest opportunities, challenges, and forthcoming policies for other nations to support CBDC. © 2024 Elsevier B.V., All rights reserved.","","","","","","Traditional Journal of Law and Social Sciences, (2022); Aptisi Transactions on Technopreneurship Att, (2020); Future of Data Driven Finance and Regtech Lessons from Eu Big Bang II, (2019); IT in Industry, (2021); Bis Papers, (2019); Near Future of Central Bank Digital Currencies, (2021); A History of Bitcoin, (2017); Forbes, (2023); Focus, (2021); Helmi, Mohamad Husam, The impact of central bank digital currency news on the stock and cryptocurrency markets: Evidence from the TVP-VAR model, Research in International Business and Finance, 65, (2023)","","IGI Global","","","","","","","9798369307700; 9798369307717","","","English","Book chapter","Final","","Scopus","2-s2.0-85186006972"
"J., Pietrucha, Jacek; G., Maciejewski, Grzegorz","Pietrucha, Jacek (57200017696); Maciejewski, Grzegorz (57205567094)","57200017696; 57205567094","Precautionary cash holding by consumers making electronic payments and risk-taking behavior","2024","Equilibrium. Quarterly Journal of Economics and Economic Policy","19","4","","1273","1303","0","2","10.24136/eq.3073","https://www.scopus.com/inward/record.uri?eid=2-s2.0-85216808774&doi=10.24136%2Feq.3073&partnerID=40&md5=17327bf106206bec203d814622d99734","University of Economics in Katowice, Katowice, Poland","Pietrucha, Jacek, University of Economics in Katowice, Katowice, Poland; Maciejewski, Grzegorz, University of Economics in Katowice, Katowice, Poland","Research background:The relative inertia in holding cash, despite the increasing importance of electronic payments, is one of the most fascinating puzzles of the current monetary system and a significant issue for central bank policy. In our study, we would like to extend the previous considerations regarding holding cash by consumers who have decided to make electronic payments but keep the cash despite this. Purpose of the article: Recent literature mainly considers the trade-off between cash and electronic payments. We go beyond this dual framework and instead focus on the precautionary demand for cash. We study the relevance of several psychological factors behind cash holding by consumers who have decided to use electronic payments. Methods: We employ factor analysis and logistic regression. We use data from a standardized online survey conducted among Polish consumers. Findings & value added: Our study's key determinants of holding cash include risk-taking behavior, perceived risk of the unavailability of the payment infrastructure and perceived attitudes towards cash (flexibility and cybersecurity related to the lack of exposure to cyberattacks). According to our research, consumers attach great importance to the flexibility that cash gives as an additional option to electronic payments. A better understanding of these motivations is crucial for public policymakers, who should strive to design payment systems that respond to the needs of all social groups. Therefore, in (at least) the short and medium term, cash will remain in circulation, even if it gradually loses its payment function. © 2025 Elsevier B.V., All rights reserved.","Cashless; Demand For Money; Electronic Payments; Risk-taking; Risky Behavior","","","","Co-financed by the Minister of Science under the \""Regional Initiative of Excellence\"" programme.","Acedański, Jan, Cash holding by consumers: The role of the perceived characteristics of money, International Journal of Consumer Studies, 48, 4, (2024); Ashworth, Jonathan P., The surprising recovery of currency usage, International Journal of Central Banking, 16, 3, pp. 239-277, (2020); Bis Bulletin, (2020); Bae, Jisuk, Test-retest reliability of a questionnaire for the Korea youth risk behavior web-based survey, Journal of Preventive Medicine and Public Health, 43, 5, pp. 403-410, (2010); Buelow, Melissa T., Risky Decision Making in Psychological Disorders, pp. 1-401, (2020); Judgment and Decision Making, (2006); Borgonovo, Emanuele, Money, privacy, anonymity: What do experiments tell us?, Journal of Financial Stability, 56, (2021); Bruno, Bruna, The cashless man: do preferences matter?, Journal of Evolutionary Economics, 32, 5, pp. 1525-1544, (2022); Cardim de Carvalho, Fernando J., Uncertainty and money: Keynes, Tobin and Kahn and the disappearance of the precautionary demand for money from liquidity preference theory, Cambridge Journal of Economics, 34, 4, pp. 709-725, (2009); Cestac, Julien, Culture and risk behaviors, 111, pp. 81-103, (2015)","","Institute of Economic Research","","","","","","1689765X; 23533293","","","","English","Article","Final","All Open Access; Gold Open Access","Scopus","2-s2.0-85216808774"
"M.J.C., Samonte, Mary Jane C.; M.V.O., Ibarreta, Mark Vincent O.; K.A.A., Ilagan, Kirk Audi A.; A.R.L., Justo, Arvin Rico L.","Samonte, Mary Jane C. (36344067500); Ibarreta, Mark Vincent O. (59524690500); Ilagan, Kirk Audi A. (59524361900); Justo, Arvin Rico L. (59524904600)","36344067500; 59524690500; 59524361900; 59524904600","Mitigating Risk in the Digital Age: An Analysis of Security Measures for Cashless Payments in Developing Countries","2024","","","","","186","191","0","0","10.1109/ICCS62594.2024.10795842","https://www.scopus.com/inward/record.uri?eid=2-s2.0-85215818300&doi=10.1109%2FICCS62594.2024.10795842&partnerID=40&md5=e719897fcd96b7ca05e11ce196e0ab12","Mapúa University, Manila, Philippines","Samonte, Mary Jane C., School of Information Technology, Mapúa University, Manila, Philippines; Ibarreta, Mark Vincent O., School of Information Technology, Mapúa University, Manila, Philippines; Ilagan, Kirk Audi A., School of Information Technology, Mapúa University, Manila, Philippines; Justo, Arvin Rico L., School of Information Technology, Mapúa University, Manila, Philippines","This study examines one of the most promising new digital money technologies currently on the market, addressing the difficulties these inventions face, and offers plausible solutions. The research identifies touchless payments, mobile wallets, fast money transfers, and biometric identification methods as the main innovations shaping the digital payment landscape by considering many authoritative sources on these topics and scientific articles. However, these advances that promise to address such problems as privacy and security, cyber injustice, regulation, and so forth exist in parallel. Besides the fact that the study provides insights into central bank digital currency (CBDC) capabilities to pave the way for the emergence of new technological trends, foster financial inclusion, implement more strict monetary policy, make cross-border transactions secure, improve people's trust in these kinds of currencies, and find a good balance between public confidence in banks and the role of the government in currency issues. Both the convenience of accessing finance via digital payments and the concerns regarding the areas of privacy and technology literacy that come along with it are highlighted, showing the power of digital payments on the socio-economic landscape. Finally, the paper gives varied methods and strategies for overcoming transaction troubles and can recommend policies that should help in addressing those concerns adequately. Such tools are Fintech cybersecurity solutions, secure architectures for online transactions, data security prescriptions, applications of blockchain technology, and policies to assist financial inclusion and regulation compliance. Blending the wisdom from different sources, this review plays a vital role in setting up the foundations for the future, which allows the creation of a safe, responsible, and sustainable payment ecosystem in a digitized economy and also addresses the needs and potential problems of all actors in the digital economy. © 2025 Elsevier B.V., All rights reserved.","Cardless; Cashless; E-payment; E-transactions; Fintech; Mitigation; Payments; Security; Blockchain; Cybersecurity; Differential Privacy; Economic And Social Effects; Electronic Money; Fintech; Inflation; Regulatory Compliance; Cardless; Cashless; Digital Age; E-payments; E-transactions; Financial Inclusions; Mitigating Risk; Mitigation; Payment; Security; Decentralized Finance","Blockchain; Cybersecurity; Differential privacy; Economic and social effects; Electronic money; Fintech; Inflation; Regulatory compliance; Cardless; Cashless; Digital age; E-payments; E-transactions; Financial inclusions; Mitigating risk; Mitigation; Payment; Security; Decentralized finance","","","","undefined; undefined; Towards the Advancement of Cashless Transaction A Security Analysis of Electronic Payment Systems, (2022); Namahoot, Kanokkarn Snae, Integration of UTAUT model in Thailand cashless payment system adoption: the mediating role of perceived risk and trust, Journal of Science and Technology Policy Management, 14, 4, pp. 634-658, (2023); Yang, Marvello, Cashless transactions: A study on intention and adoption of e-wallets, Sustainability (Switzerland), 13, 2, pp. 1-18, (2021); Research Starters, (2023); Interact 2023; Quest for Good Money, (2022); Donohue, Will, Cashless Society: Managing Privacy and Security in the Technological Age, (2020); Eriksson, Björn, Cashless a dead end for sweden?, pp. 235-242, (2019)","","Institute of Electrical and Electronics Engineers Inc.","Institute of Electrical and Electronics Engineers (IEEE); Zhejiang Gongshang University","4th International Conference on Computer Systems, ICCS 2024","","Hangzhou","205401","","9798350366341","","","English","Conference paper","Final","","Scopus","2-s2.0-85215818300"
"F.O., Unuabonah, Foluke Olayinka; D.A., Fifelola, Deborah Abiola","Unuabonah, Foluke Olayinka (58077908900); Fifelola, Deborah Abiola (59424505100)","58077908900; 59424505100","‘Let’s buy money before buying food’: a multimodal critical discourse analysis of WhatsApp memes on the Nigerian Naira redesign policy","2024","Visual Communication","","","","","","0","0","10.1177/14703572241275891","https://www.scopus.com/inward/record.uri?eid=2-s2.0-85212481451&doi=10.1177%2F14703572241275891&partnerID=40&md5=6a8b68fc250179141bf1ed0384afe455","Redeemer‘s University, Ede, Nigeria","Unuabonah, Foluke Olayinka, Redeemer‘s University, Ede, Nigeria; Fifelola, Deborah Abiola, Redeemer‘s University, Ede, Nigeria","In October 2022, the Central Bank of Nigeria declared that the three highest denominations of the Nigerian currency would be redesigned in order to strengthen the country’s cashless policy. This led to several protests involving loss of lives, due to scarcity of cash and limited access to electronic payment. This study examines WhatsApp memes that were circulated during the enforcement of the Naira redesign policy, with a view to investigating the ideological representations of the effect of the policy on Nigerians. The purposively selected data are analysed qualitatively from a multimodal critical discourse analytical framework. The findings reveal that the memes are discursively constructed in order to depict Nigerian citizens as victims of the policy, exploitation of the masses by other citizens and inadequacy of commercial banks as perpetrators, amid other representations. The study concludes that the memes are used to project an anti-welfarist ideology of the government. © 2024 Elsevier B.V., All rights reserved.","Currency; Multimodal Critical Discourse Analysis (cda); Naira; Nigeria; Whatsapp Memes","","","","","Zango, (2014); Arda, Balca, Multimodal online dissident culture in Instagram: A critique of the Turkish economy, International Journal of Cultural Studies, 27, 3, pp. 323-348, (2024); Bayerl, Petra Saskia, Revenge by photoshop: Memefying police acts in the public dialogue about injustice, New Media and Society, 18, 6, pp. 1006-1026, (2016); Blanco Ramírez, Gerardo, Hashtivism as public discourse: Exploring online student activism in response to state violence and forced disappearances in Mexico, Research in Education, 97, 1, pp. 56-75, (2017); Brantner, Cornelia, Memes against sexism? A multi-method analysis of the feminist protest hashtag #distractinglysexy and its resonance in the mainstream news media, Convergence, 26, 3, pp. 674-696, (2020); Caldas-Coulthard, Carmen Rosa, Introduction, Social Semiotics, 13, 1, pp. 3-4, (2003); Carnegie Endowment for International Peace, (2022); Central Bank of Nigeria, (2023); Chiluwa, Innocent Eberechi, Religious vehicle stickers in Nigeria: A discourse of identity, faith and social vision, Discourse and Communication, 2, 4, pp. 371-387, (2008); Chiluwa, Innocent Eberechi, Social media networks and the discourse of resistance: A sociolinguistic CDA of Biafra online discourses, Discourse and Society, 23, 3, pp. 217-244, (2012)","","SAGE Publications Ltd","","","","","","17413214; 14703572","","","","English","Article","aip","","Scopus","2-s2.0-85212481451"
"A.P., Bosua, Amarachukwu Patience; M.S., Biswas, Mriganka Sekhar","Bosua, Amarachukwu Patience (59403995700); Biswas, Mriganka Sekhar (57213235312)","59403995700; 57213235312","Public Perception and Adoption Approaches for Digital Currencies: Analysing Influencing Factors","2024","","","","","","","0","0","10.1109/ICAC61394.2024.10718745","https://www.scopus.com/inward/record.uri?eid=2-s2.0-85208632817&doi=10.1109%2FICAC61394.2024.10718745&partnerID=40&md5=c46b8dbf56f6bd0b74c2e46a8d820eb9","University of Sunderland, Sunderland, United Kingdom","Bosua, Amarachukwu Patience, School of Computer Science, University of Sunderland, Sunderland, United Kingdom; Biswas, Mriganka Sekhar, School of Computer Science, University of Sunderland, Sunderland, United Kingdom","This study investigates public perception and the factors influencing the widespread adoption of the eNaira, Nigeria's Central Bank Digital Currency (CBDC). The eNaira aims to ensure secure transactions, encourage financial inclusion, and support the drive for a cashless society, yet adoption rates have fallen short of expectations. Using an online survey form, we gathered data from 467 respondents, focusing on factors such as privacy concerns, convenience, and financial inclusion. Our analysis of the data, employing one-way ANOVA, independent t-test, and correlation tests revealed interesting insights. Findings indicate that eNaira is believed to be a valuable digital payment option, also its perceived convenience and ability to reduce reliance on cash are significant for its acceptance. Education levels greatly impacted people's belief in the eNaira, with less educated people showing more faith in government adoption strategies. This study emphasizes the importance of tailored adoption strategies that respond to demographic variations. By addressing these variables, decision-makers and interested parties can create efficient plans to encourage the broad implementation of the eNaira and other CBDCs. © 2024 Elsevier B.V., All rights reserved.","Data-driven Solutions; Digital Currency Acceptance; Enaira; Enaira Adoption Analysis; Electronic Money; Inflation; Central Bank; Data Driven; Data-driven Solution; Digital Currency Acceptance; Enaira; Enaira Adoption Analyze; Financial Inclusions; Nigeria; Public Perception; Secure Transactions; Decentralized Finance","Electronic money; Inflation; Central bank; Data driven; Data-driven solution; Digital currency acceptance; Enaira; Enaira adoption analyze; Financial inclusions; Nigeria; Public perception; Secure transactions; Decentralized finance","","","","Economics of Digital Currencies, (2023); Alfar, Abdelrahman J.K., The determinants of issuing central bank digital currencies, Research in International Business and Finance, 64, (2023); Bis Working Papers, (2021); Auer, Raphael A., Central Bank Digital Currencies: Motives, Economic Implications, and the Research Frontier, Annual Review of Economics, 14, pp. 697-721, (2022); International Research Journal of Modernization in Engineering Technology and Science, (2023); Bis Papers, (2019); Near Future of Central Bank Digital Currencies, (2021); Bis Papers, (2021); Bis Papers, (2022); Journal of Emerging Technologies, (2021)","","Institute of Electrical and Electronics Engineers Inc.","Dobot Robotics Ltd.; IEEE Robotics and Automation Society; Unitree Robotics Ltd.; Yanshan University","29th International Conference on Automation and Computing, ICAC 2024","","Sunderland; University of Sunderland","203511","","9798350360882","","","English","Conference paper","Final","All Open Access; Green Accepted Open Access; Green Open Access","Scopus","2-s2.0-85208632817"
"E., Semerikova, Ekaterina","Semerikova, Ekaterina (57217956087)","57217956087","Cashless payments beyond access: What influences the intensity of use?; Безналичные платежи за пределами доступности: что влияет на частоту использования?","2024","Zhournal Novoi Ekonomicheskoi Associacii /Journal of the New Economic Association","64","3","","171","188","0","0","10.31737/22212264_2024_3_171-188","https://www.scopus.com/inward/record.uri?eid=2-s2.0-85208129867&doi=10.31737%2F22212264_2024_3_171-188&partnerID=40&md5=81039ccaa3550c47a8c12514209ea5c1","Moscow School of Management SKOLKOVO, Moscow, Russian Federation","Semerikova, Ekaterina, Moscow School of Management SKOLKOVO, Moscow, Russian Federation","Reaching the finite level of access to financial services governments and financial institutions start redefining their goals towards further improvements in the consumers’ well-being and the state’s economy due to financial services. Cashless payments is one of the most prominent financial services that increases the benefits for all economy participants. Cashless instruments have recently become even more relevant due to the COVID-19 pandemic. The aim of this research is to determine which factors affect the share of cashless payments in consumer spending. The analysis uses a representative sample of 1600 Russian consumers collected in 2021. The results show that those who perceive cashless payment as more beneficial, are from the highest spending group, and have a card with a loyalty program are more likely to have a share of cashless payments in spending of more than 50%. The positive effect of the pandemic after controlling for benefits disappeared. From a practical point of view, the results of this work emphasize a benefit-based approach to stimulate the use of payment instruments, which can be used both within the product strategies of financial service providers and by the regulator in the development of measures to stimulate financial inclusion beyond access. © 2024 Elsevier B.V., All rights reserved.","Cashless Payments; Consumer Payment Choice; Financial Access; Financial Inclusion; Payment Instruments","","","","","Arango-Arango, Carlos A., Cash remains top-of-wallet! International evidence from payment diaries, Economic Modelling, 69, pp. 38-48, (2018); Ecosystems Regulatory Approaches, (2021); Attitude Towards Different Payment Methods of Russian Consumers, (2022); Bedre-Defolie, Özlem, Pricing payment cards, American Economic Journal: Microeconomics, 5, 3, pp. 206-231, (2013); Bank of Canada Staff Discussion Paper no 2021 12, (2021); Cash and Covid 19 the Impact of the Pandemic on the Demand for and Use of Cash, (2020); Cash and Covid 19 the Effects of Lifting Containment Measures on Cash Demand and Use, (2021); Ching, Andrew T., Payment card rewards programs and consumer payment choice, Journal of Banking and Finance, 34, 8, pp. 1773-1787, (2010); van der Cruijsen, Carin A.B., Cash or Card? Unravelling the Role of Socio-Psychological Factors, De Economist, 167, 2, pp. 145-175, (2019); Global Findex Database 2021 Financial Inclusion Digital Payments and Resilience in the Age of Covid 19, (2022)","","New Economic Association","","","","","","22212264","","","","English","Article","Final","All Open Access; Gold Open Access","Scopus","2-s2.0-85208129867"
"Ö.F., Kömürcüoğlu, Ömer Faruk; H., Akyazi, Haydar","Kömürcüoğlu, Ömer Faruk (59390053100); Akyazi, Haydar (55635521000)","59390053100; 55635521000","Novel Analysis on the Impact of FinTech Developments for Monetary Policy: The Case of Türkiye","2024","Ekonomika","103","3","","70","90","0","0","10.15388/Ekon.2024.103.3.5","https://www.scopus.com/inward/record.uri?eid=2-s2.0-85207768684&doi=10.15388%2FEkon.2024.103.3.5&partnerID=40&md5=650524a8b2cf5f758ed737658f18cc2b","Karadeniz Technical University, Trabzon, Turkey","Kömürcüoğlu, Ömer Faruk, ; Akyazi, Haydar, Karadeniz Technical University, Trabzon, Turkey","One of the most noteworthy benefits that new technological opportunities bring to economies is Financial technologies (FinTech), which makes it easier for financial services to be cheap, fast, and accessible, especially by creating more digital payment services. This high rate of digitalization in payment services changes the liquidity preferences of economic agents daily and may affect the demand for central bank money. However, the prerequisite for the central bank to carry out monetary policy and be effective is accurately predicting the demand for its own money. Therefore, the developments in FinTech, in the last decade, are among the most attention-grabbing issues for demand in money, as well as being in the leading position for central banks, which followed intimately. In this context, the aim of this study is to reveal the impacts of developments in FinTech on monetary policy for Türkiye’s real money demand. For this purpose, in order to represent the developments in financial technologies, The FinTech index, which is formed for the first time in the relevant economy using the PCA method over the period 2012:Q1–2021:Q4, is included in the model where national income, interest rate, exchange rate, and inflation are explanatory variables. Results from the ARDL approach show that FinTech developments and demand for money are co-integrated, and also an increase in FinTech reduces money demand both in the short and long-run. The causality analysis handled with the Toda-Yamamoto approach has revealed the existence of a bidirectional causality relationship between FinTech and money demand. Accordingly, Fintech developments in Türkiye have a huge potential to shape economic agents’ liquidity preferences. To maintain the effectiveness of monetary policy, the policymakers in the central bank should closely follow FinTech developments and supervise and regulate activities that will create an alternative to its currency. © 2024 Elsevier B.V., All rights reserved.","Ardl; Financial Technology; Fintech; Monetary Policy; Türkiye","","","","","Agur, Itai, Designing central bank digital currencies, Journal of Monetary Economics, 125, pp. 62-79, (2022); Hacettepe Universitesi Ktisadi Ve Dari Bilimler Fakultesi Dergisi, (2022); Al-Zaqeba, Murad Ali Ahmad, Intelligent matching: Supply chain management and financial accounting technology, Uncertain Supply Chain Management, 10, 4, pp. 1405-1412, (2022); Georgetown Journal of International Law, (2015); Research Foundation Briefs, (2017); Attanasio, Orazio Pedro, The demand for money, financial innovation, and the welfare cost of inflation: An analysis with household data, Journal of Political Economy, 110, 2, pp. 317-351, (2002); Int Journal of Management Economics and Business, (2020); Dumlupnar University Journal of Social Sciences, (2019); Impact of Fintech on Central Bank Governance Key Legal Issues, (2021); Monetary Policy Implications of Financial Innovation in Depth Analysis no 120, (2017)","","Vilnius University Press","","","","","","13921258; 24246166","","","","English","Article","Final","All Open Access; Gold Open Access","Scopus","2-s2.0-85207768684"
"L.V., Schumacher, Leon V.","Schumacher, Leon V. (59341778600)","59341778600","Decoding Digital Assets: Distinguishing the Dream from the Dystopia in Stablecoins, Tokenized Deposits, and Central Bank Digital Currencies","2024","","","","","1","378","0","10","10.1007/978-3-031-54601-3","https://www.scopus.com/inward/record.uri?eid=2-s2.0-85204860805&doi=10.1007%2F978-3-031-54601-3&partnerID=40&md5=2d50965abca335b685683e00204f4d0e","Digital Ekho & Taler Systems, Luxembourg, Luxembourg","Schumacher, Leon V., Digital Ekho & Taler Systems, Luxembourg, Luxembourg","Central bank digital currency (CBDC) is on the horizon, with more than 130 central banks globally considering such projects. But is this beneficial for citizens and the financial system? This book offers a comprehensive guide on the intricate subjects of CBDCs, stablecoins, and tokenized deposits. Authored by an industry expert who has actively participated in the development of CBDC solutions, this book demystifies the complexities of CBDC and digital assets, presenting both the opportunities and challenges with practical examples and real-world contexts. The book covers the history of money and the background of cryptography and technology architectures that are shaping the future of payments. It presents the risks and opportunities that these digital assets and CBDCs mean for our society. It discusses how CBDCs and stablecoins can potentially stabilize digital payment systems, offers opportunities for immediate settlements, and facilitate efficient cross-border payments. However, it also notes the significant challenges, including legal and regulatory complexities, social impacts, privacy concerns, security threats, and the risk of mass-surveillance. The book explores the different characteristics of digital assets, the options available for each characteristic (like privacy, sovereignty,…) and provides detailed knowledge to judge the merits of the solutions proposed by private and public players. A must-read for anyone looking to understand the rapidly evolving world of digital currencies, this book encourages critical thinking about the opportunities and challenges presented by CBDCs and other digital assets and prompts readers to consider the vital aspects of privacy, security, and governance in an increasingly complex digital financial landscape. © 2024 Elsevier B.V., All rights reserved.","Cashless Society; Central Bank Digital Currency (cbdc); Cryptocurrencies; Digital Financial Landscape; Digital Payment Systems; Digital Payments; Financial Innovation; Financial Technology; Stablecoins; Tokenized Deposits","","","","","undefined; Authority Publishing, (2021); undefined; undefined, (2021); undefined; undefined; Working Paper how to Issue A Cbdc David Chaum Christian Grothoff and Thomas Moser, (2021); Digital Pound A New Form of Money for Households and Businesses, (2023); undefined; undefined","","Springer Nature","","","","","","","9783031546013; 9783031546006","","","English","Book","Final","","Scopus","2-s2.0-85204860805"
"P., Ashok, P.; G.G., Hallur, Giri Gundu","Ashok, P. (57189032432); Hallur, Giri Gundu (57192192659)","57189032432; 57192192659","Seamless Mobility: Innovating the Digital Service Landscape in Telecom Industry","2024","Lecture Notes in Networks and Systems","991 LNNS","","","177","188","0","5","10.1007/978-981-97-2550-2_14","https://www.scopus.com/inward/record.uri?eid=2-s2.0-85200962447&doi=10.1007%2F978-981-97-2550-2_14&partnerID=40&md5=940224c3ae3acc3be7e23bf9ff40cef2","Symbiosis Institute of Digital and Telecom Management, Pune, India","Ashok, P., Symbiosis Institute of Digital and Telecom Management, Pune, India; Hallur, Giri Gundu, Symbiosis Institute of Digital and Telecom Management, Pune, India","Digital payment services employ secure electronic transactions to enable smooth monetary exchanges among individuals, corporations, and institutions. By utilizing encryption and authentication mechanisms, these services guarantee the preservation of data accuracy and privacy during the whole transaction process. Digital payment systems combine NFC, QR codes, and mobile apps to streamline transactions. Users may effortlessly transact on smartphones, tablets, and PCs. These services accept credit/debit cards, mobile wallets, and peer-to-peer transfers. This promotes financial inclusivity and improves the effectiveness of monetary transactions in the modern digital economy. Digital payments and mobile governance in India have greatly improved financial inclusion, government efficiency, and public involvement. India is moving toward a cashless economy and expanding access to public services through innovations such as UPI and smartphone applications, which are also promoting socio-economic growth and digital empowerment. This research articles covers the domains of Digital Payment Services and Governance that is made simplified by the advancement in telecom technologies. © 2024 Elsevier B.V., All rights reserved.","Infotainment; Mobile Banking; Mobile Blockchain; Mobile Commerce; Mobile Education; Mobile Entertainment; Mobile Gaming; Mobile Governance; Mobile Health; Payments Bank; Unified Payments Interface; Authentication; Blockchain; Cryptography; Electronic Money; Engineering Education; Global System For Mobile Communications; Mobile Commerce; Smartphones; Block-chain; Infotainment; Mobile Bankings; Mobile Blockchain; Mobile Educations; Mobile Entertainments; Mobile Gaming; Mobile Governance; Payment Bank; Unified Payment Interface; Mhealth","Authentication; Blockchain; Cryptography; Electronic money; Engineering education; Global system for mobile communications; Mobile commerce; Smartphones; Block-chain; Infotainment; Mobile bankings; Mobile blockchain; Mobile educations; Mobile entertainments; Mobile gaming; Mobile governance; Payment bank; Unified payment interface; mHealth","","","","Gupta, Rahul, Acceptance towards digital payments and improvements in cashless payment ecosystem, (2020); Rajendran, Balaji, Secure and privacy preserving digital payment, pp. 1-5, (2018); Vijayan, Akash, Digital Payments: Blockchain based Security Concerns and Future, pp. 429-435, (2020); Nasution, Muhammad Irwan Padli, Face Recognition Login Authentication for Digital Payment Solution at COVID-19 Pandemic, pp. 48-51, (2020); Xin, Hongyan, Research on E-commerce business model based on intelligent terminals mobile, pp. 545-549, (2016); undefined; undefined; undefined; undefined; undefined","Tanwar, S.; Singh, P.K.; Ganzha, M.; Epiphaniou, G.","Springer Science and Business Media Deutschland GmbH","","5th International Conference on Computing, Communications, and Cyber Security, IC4S 2023","","Delhi","316479","23673389; 23673370","9789819652372; 9783031931055; 9789819662968; 9783031999963; 9783031950162; 9783031947698; 9783032004406; 9783031910074; 9783031926105; 9789819639410","","","English","Conference paper","Final","","Scopus","2-s2.0-85200962447"
"A.J., Wójcik-Czerniawska, Agnieszka Jadwiga","Wójcik-Czerniawska, Agnieszka Jadwiga (57936855200)","57936855200","Silver Generation, Digitalization, Cashless Payment and the Phenomenon of Social and Financial Exclusion in the Era of Covid-19","2024","Eurasian Studies in Business and Economics","27","","","349","361","0","1","10.1007/978-3-031-51212-4_20","https://www.scopus.com/inward/record.uri?eid=2-s2.0-85200445563&doi=10.1007%2F978-3-031-51212-4_20&partnerID=40&md5=b52be653a5dca8b03f396b8633b7b7ca","Szkola Glówna Handlowa w Warszawie, Warsaw, Poland","Wójcik-Czerniawska, Agnieszka Jadwiga, Department of Management and Finance, Szkola Glówna Handlowa w Warszawie, Warsaw, Poland","The COVID-19 pandemic has accelerated the shift towards digital payment systems and cashless transactions. However, this shift has also highlighted the issue of social and financial exclusion, particularly among the elderly population who may not have the necessary skills or resources to adapt to these changes. This article proposes the implementation of a “Silver Generation” digitalization program to address this issue, which aims to provide education and resources to the elderly population to help them navigate the digital payment landscape. The program can include workshops, training sessions, and online resources, and businesses can offer incentives for customers who use cashless payment methods. However, we must also be mindful of the potential negative impacts of a cashless society on vulnerable populations and provide alternative payment solutions for those who do not have access to digital payment systems. Overall, by implementing a comprehensive program that addresses the needs of the elderly population, we can create a more inclusive and sustainable financial system. © 2024 Elsevier B.V., All rights reserved.","Cashless Payment; Covid-19; Digitalization; Financial Exclusion; Silver Generation; Social Exclusion","","","","","Akata, Doğancan, The Effect of COVID-19 on Electronic Currencies as They Become Common Payment Methods, Accounting, Finance, Sustainability, Governance and Fraud, pp. 221-237, (2022); International Journal of Retail Distribution Management, (2021); Telecommunications Policy, (2021); Banerjee, Abhijit V., Do firmswant to borrow more? Testing credit constraints using a directed lending program, Review of Economic Studies, 81, 2, pp. 572-607, (2013); Information Technology People, (2021); Journal of Payments Strategy Systems, (2021); International Journal of Environmental Research and Public Health, (2021); Kne Social Sciences, (2021); Telematics and Informatics, (2020); IMF Working Papers, (2020)","","Springer Science and Business Media B.V.","","","","","","23645067; 23645075","","","","English","Book chapter","Final","","Scopus","2-s2.0-85200445563"
"J., Zhang, Jing; C., Liu, Cuicui; Y., Liu, Yang; T., Zhang, Taile; J., Cui, Junfu","Zhang, Jing (58220282700); Liu, Cuicui (58220712100); Liu, Yang (55863841400); Zhang, Taile (58577480800); Cui, Junfu (58220934000)","58220282700; 58220712100; 55863841400; 58577480800; 58220934000","ELECTRONIC PAYMENTS AND MACROECONOMIC REGULATION IN CHINA","2024","Journal of Nonlinear and Convex Analysis","25","4","","747","765","0","0","","https://www.scopus.com/inward/record.uri?eid=2-s2.0-85196265446&partnerID=40&md5=fa292b269b5fb583f2e97963bb4e307c","Qingdao University, Qingdao, China; Shandong Women’s University, Jinan, China; Nanjing University of Aeronautics and Astronautics, Nanjing, China","Zhang, Jing, School of Business, Qingdao University, Qingdao, China; Liu, Cuicui, School of Economics, Shandong Women’s University, Jinan, China; Liu, Yang, School of Economics, Shandong Women’s University, Jinan, China; Zhang, Taile, School of Economics, Shandong Women’s University, Jinan, China; Cui, Junfu, School of Economics, Shandong Women’s University, Jinan, China, College of Economics and Management, Nanjing University of Aeronautics and Astronautics, Nanjing, China","Electronic payments have developed rapidly due to continuous progress in electronic information technology. This study aimed to discuss the impact of the rapid development of electronic payments on the monetary system in terms of an increase in money supply, a reduction in money demand, and an acceleration in the velocity of money circulation. The changes in the monetary system had a huge impact on the policy effects of macroeconomic regulation, which was discussed in this paper with the IS - LM(Investment Equals Savings-Liquidity Preference and Money Supply) model. The changes in money supply compressed the space for expansionary monetary policy, while expanding the space for tightening monetary policy. The changes in money demand were more complex, monetary policy effects were enhanced, and fiscal policy effects were enhanced or weakened under different conditions. Measures should be taken to strengthen the theoretical research, promote the digitization of legal tender, enhance electronic payment monitoring, ensure the security of electronic payments, and optimize macroeconomic regulation policies to achieve a stable and healthy development of the economy of China. This study provided insights for better understanding the impact of electronic payment development and the role of effective macroeconomic regulation policies. © 2024 Elsevier B.V., All rights reserved.","Electronic Payments; Macroeconomic Regulation; Money Demand; Money Supply","","","","This study was funded by Shandong Women's University High-Level Talent Fund (2018RCYJ03) and China Postdoctoral Science Foundation(2019M651830).","Bank of England Quarterly Bulletin, (2014); Psl Quarterly Review, (2002); Journal of Chongqing University Social Science Edition, (2010); Chen, Zhihua, A Dual Chaotic Encryption Method for Lightweight Infrared Image, Mobile Networks and Applications, 27, 2, pp. 767-774, (2022); Journal of Financial Development Research, (2023); Zhejiang Social Sciences, (2020); Explor Econ Issues, (2017); Studies of International Finance, (2019); Journal of World Economy, (2001); Southwest Finance","","Yokohama Publications","","","","","","13454773; 18805221","","","","English","Article","Final","","Scopus","2-s2.0-85196265446"
"S., Vasudevan, Srinidhi; A., Piazza, Anna","Vasudevan, Srinidhi (58070601500); Piazza, Anna (58070548700)","58070601500; 58070548700","Adoption of Bitcoin as a Payment Method: An Empirical Investigation of UK Small and Medium Businesses","2024","","","","","","","0","0","10.1109/ICCR61006.2024.10533124","https://www.scopus.com/inward/record.uri?eid=2-s2.0-85195111536&doi=10.1109%2FICCR61006.2024.10533124&partnerID=40&md5=37c2e644edf936760832b13a0a39f592","University of Greenwich Business School, London, United Kingdom","Vasudevan, Srinidhi, Operations and Strategy, University of Greenwich Business School, London, United Kingdom; Piazza, Anna, Operations and Strategy, University of Greenwich Business School, London, United Kingdom","From the introduction of Bitcoin in 2008 by Satoshi Nakamoto, the cryptocurrency ecosystem can be seen as a disintermediating and disruptive technology which has incited huge growth of the fintech space over the last decade with an estimated 12,000 currencies in circulation. The growth of cryptocurrency is unprecedented and there is a world-wide increase in the number of companies that are accepting digital assets such as crypto currencies for transactional as well as other investment purposes. Despite the innovativeness of cryptocurrencies and the use of public, decentralised ledger through the underlying blockchain technology, small and medium businesses have been slow at adopting it. While several studies have looked at uptake of cryptocurrencies by using quantitative methods, there is a lack of studies employing qualitative data for exploring concepts and themes associated with the adoption of cryptocurrencies. The aim of this study is to uncover the qualitative factors that contribute to the adoption of cryptocurrency, e.g. Bitcoin, as a payment. Furthermore, researchers have paid attention to the adoption of this technology globally and very few studies focus specifically on public adoption and not much heed is given on determinants of cryptocurrency adoption especially among Small and Medium Enterprises (SMEs) and Micro SMEs (MSMEs). Using a sample of 75 SMEs/MSMEs in the UK, this study applies Leximancer qualitative tool to analyse the narrative data and identify the pivotal technology adoption factors. The UK has been chosen for this study as the Government has an ambition to make UK the 'global hub for cryptoassets'. More specifically, the report by FCA showed that 2.3 million individuals in the UK owned cryptocurrencies in 2021 and this was estimated to grow further. This research has empirical and practical contributions related to the understanding of how users adopt new technologies in their own organizations. The findings show that social influence and benefits of the technology play an important role in adoption of Bitcoin, while regulation and lack of knowledge act as detriments in the adoption decision of business users. © 2024 Elsevier B.V., All rights reserved.","Adoption Of Bitcoin; Leximancer Concept Map; Payment; Qualitative Data; Small And Medium Enterprises (smes); United Kingdom; Users' Behavior; Binary Alloys; Bitcoin; Blockchain; Adoption Of Bitcoin; Concept Maps; Leximance Concept Map; Payment; Qualitative Data; Small And Medium Enterprise; Small Business; Small-and-medium Enterprise; United Kingdom; User Behaviors; Economic And Social Effects","Binary alloys; Bitcoin; Blockchain; Adoption of bitcoin; Concept maps; Leximance concept map; Payment; Qualitative data; Small and medium enterprise; Small business; Small-and-medium enterprise; United kingdom; User behaviors; Economic and social effects","","","The authors would like to acknowledge the funding received from the Networks and Urban Systems Centre (NUSC), University of Greenwich.","International Journal of Advanced Computer Research, (2019); Vasudevan, Srinidhi, DeFi: A risky business or silver bullet for SMEs?, (2022); Abbasi, Ghazanfar Ali, The adoption of cryptocurrency as a disruptive force: Deep learning-based dual stage structural equation modelling and artificial neural network analysis, PLOS ONE, 16, 3 March 2021, (2021); Harvard John M Olin Fellow S Discussion Paper Series, (2017); Buhalis, Dimitrios, Technological disruptions in services: lessons from tourism and hospitality, Journal of Service Management, 30, 4, pp. 484-506, (2019); Dehghani, Milad Armani, High interest, low adoption. A mixed-method investigation into the factors influencing organisational adoption of blockchain technology, Journal of Business Research, 149, pp. 393-411, (2022); Frizzo-Barker, Julie, Blockchain as a disruptive technology for business: A systematic review, International Journal of Information Management, 51, (2020); Going Digital Toolkit Note, (2021); Blockchain and Web3 Building the Cryptocurrency Privacy and Security Foundations of the Metaverse, (2022); Idel Mahjoub, Yassine, Blockchain adoption for SMEs: opportunities and challenges, IFAC-PapersOnLine, 55, 10, pp. 1834-1839, (2022)","","Institute of Electrical and Electronics Engineers Inc.","","2nd International Conference on Cyber Resilience, ICCR 2024","","Dubai","199657","","9798350394962","","","English","Conference paper","Final","","Scopus","2-s2.0-85195111536"
"G., Michael, Gregorius; W., Widjaya, William; A., Gui, Anderes","Michael, Gregorius (59093814200); Widjaya, William (57844037100); Gui, Anderes (36816012900)","59093814200; 57844037100; 36816012900","Analysis of Factors Affecting Behavioral Intention to Use QRIS","2024","","","","","","","0","0","10.1109/ic-ETITE58242.2024.10493415","https://www.scopus.com/inward/record.uri?eid=2-s2.0-85192534685&doi=10.1109%2Fic-ETITE58242.2024.10493415&partnerID=40&md5=dae7fe47f93c1632a06b1752464254f0","Bina Nusantara University, Jakarta, Indonesia","Michael, Gregorius, Business Information Systems Program, Bina Nusantara University, Jakarta, Indonesia; Widjaya, William, Business Information Systems Program, Bina Nusantara University, Jakarta, Indonesia; Gui, Anderes, Business Information Systems Program, Bina Nusantara University, Jakarta, Indonesia","QRIS strives to provide affordable payment options and promote financial inclusion for small and midsize businesses. Adopting the modified Unified Theory of Acceptance and Use of Technology (UTAUT), this research analyzed the factors influencing customers' behavioral intention to utilize QRIS within financial applications and aim to identify the factors within variable that has influence behavioural intention for adopting the QRIS payment method. Data collected from 491 respondents in Indonesia who have used QRIS was processed using SmartPLS 4 with PLS-SEM to examine the relationships between variables that were used to analyze factors influencing customers' behavioral intention toward QRIS. The findings showed that performance expectancy, effort expectancy, and personal innovativeness positively affect attitude towards QRIS. In addition, behavioral intention is also affected by social influence, habit, personal innovativeness, and attitude. The result of this research also provides better understanding and valuable insights for developing strategies to increase QRIS adoption in promoting the cashless society in Indonesia. © 2024 Elsevier B.V., All rights reserved.","Behavioral Intention; Digital Payment Systems; Mobile Payment; Qr Code; Behavioral Intention; Digital Payment System; Financial Inclusions; Indonesia; Intention To Use; Mobile Payment; Payment Systems; Personal Innovativeness; Qr Codes; Small And Midsize Business; Electronic Money","Behavioral intention; Digital payment system; Financial inclusions; Indonesia; Intention to use; Mobile payment; Payment systems; Personal innovativeness; QR codes; Small and midsize business; Electronic money","","","This work is supported by Research and Technology Transfer Office, Bina Nusantara University.","Turkish Journal of Computer and Mathematics Education, (2021); Tren Transaksi Qris Meningkat Pesat Sejak Awal Pandemi, (2023); Laporan Perekonomian Provinsi Dki Jakarta Februari, (2023); Kne Social Sciences, (2020); Agarwal, Ritu, A Conceptual and Operational Definition of Personal Innovativeness in the Domain of Information Technology, Information Systems Research, 9, 2, pp. 204-215, (1998); Venkatesh, Viswanath, User acceptance of information technology: Toward a unified view, MIS Quarterly: Management Information Systems, 27, 3, pp. 425-478, (2003); Venkatesh, Viswanath, Consumer acceptance and use of information technology: Extending the unified theory of acceptance and use of technology, MIS Quarterly: Management Information Systems, 36, 1, pp. 157-178, (2012); Slade, Emma L., Exploring consumer adoption of proximity mobile payments, Journal of Strategic Marketing, 23, 3, pp. 209-223, (2015); Liébana-Cabanillas, F., Intention to use new mobile payment systems: A comparative analysis of SMS and NFC payments, Economic Research-Ekonomska Istrazivanja, 30, 1, pp. 892-910, (2017); Patil, Pushp P., Understanding consumer adoption of mobile payment in India: Extending Meta-UTAUT model with personal innovativeness, anxiety, trust, and grievance redressal, International Journal of Information Management, 54, (2020)","","Institute of Electrical and Electronics Engineers Inc.","","2nd International Conference on Emerging Trends in Information Technology and Engineering, ic-ETITE 2024","","Vellore; Vellore Institute of Technology (VIT)","198961","","9798350328202","","","English","Conference paper","Final","","Scopus","2-s2.0-85192534685"
"A.M., Musyaffi, Ayatulloh Michael; B.S., Baxtishodovich, Bobur Sobirov; R.J., Johari, Razana Juhaida; C.W., Wolor, Christian Wiradendi; B., Afriadi, Bambang; A., Muna, Arinal","Musyaffi, Ayatulloh Michael (57226428331); Baxtishodovich, Bobur Sobirov (57221666230); Johari, Razana Juhaida (57193009534); Wolor, Christian Wiradendi (57211787205); Afriadi, Bambang (57976730100); Muna, Arinal (57258604200)","57226428331; 57221666230; 57193009534; 57211787205; 57976730100; 57258604200","Can Financial Advantages and Digital Payments Adoption Provide Effective Solutions to Improve SMEs' Performance?","2024","Montenegrin Journal of Economics","20","2","","75","89","0","8","10.14254/1800-5845/2024.20-2.7","https://www.scopus.com/inward/record.uri?eid=2-s2.0-85192139981&doi=10.14254%2F1800-5845%2F2024.20-2.7&partnerID=40&md5=e274c836f9b5b4d1d7c0186b410088bc","Universitas Negeri Jakarta, Jakarta, Indonesia; Tashkent State University of Economics, Tashkent, Uzbekistan; Universiti Teknologi MARA, Shah Alam, Malaysia; Universitas Islam Syekh-Yusuf, Banten, Indonesia; Universitas Swadaya Gunung Jati, Cirebon, Indonesia","Musyaffi, Ayatulloh Michael, Universitas Negeri Jakarta, Jakarta, Indonesia; Baxtishodovich, Bobur Sobirov, Tashkent State University of Economics, Tashkent, Uzbekistan; Johari, Razana Juhaida, Faculty of Accountancy, Universiti Teknologi MARA, Shah Alam, Malaysia; Wolor, Christian Wiradendi, Universitas Negeri Jakarta, Jakarta, Indonesia; Afriadi, Bambang, Universitas Islam Syekh-Yusuf, Banten, Indonesia; Muna, Arinal, Universitas Swadaya Gunung Jati, Cirebon, Indonesia","The impact of COVID-19 has affected all industries, including SMEs. Digitalization is increasing, so it requires SMEs to adapt. This study's goal is to gain a general understanding of merchant acceptability of the digital payments through the integration of the TAM, Information system success and ECT. The target of this research is SMEs that use digital payments in Indonesia. By using accidental sampling, 342 respondents were obtained. Then, Data were analyzed using SEM-PLS. The main finding show that SMEs satisfaction (SMS) is the most significant factor in improving the performance of SMEs (SP). All TAM constructs, such as perceived usefulness (PUD), perceived ease of use (PEOD) and intention to use digital payment (IUDP), are confirmed to have significant interrelationships. Financial advantage (FA) in this study also has a positive relationship with IUDP. Meanwhile, digital payment quality (DPQ) also relates to PUD and IUDP. Meanwhile, DPQ, PUD, and PEOD were confirmed to have a relationship with SMS. The results of this study also illustrate that FA does have a positive impact, but the contribution of SMEs satisfaction has the most impact in improving the performance of SMEs. So it is crucial to evaluate the satisfaction of SMEs both in terms of quality and features, convenience, and security of digital payment technology. To increase awareness, Digital payment service providers should focus on the system's use and safety. so that SMEs can use digital payment services comfortably. In addition, from the government aspect, it also improves the cashless climate by making supportive policies, such as increasing financial literacy for SMEs and increasing standardized data security. © 2024 Elsevier B.V., All rights reserved.","Digital Payment; Financial Advantage; Satisfaction; Smes Performance; Technology Adoption","","","","The author would like to thank Jakarta State University for providing financial and non-financial support. We also thank the SMEs who are willing to be research respondents.","Abdullah, Mohammed Simko, Analysis of the factors for the successful e-learning services adoption from education providers' and students' perspectives: A case study of private universities in Northern Iraq, Eurasia Journal of Mathematics, Science and Technology Education, 14, 3, pp. 1097-1109, (2018); Asian Small and Medium Sized Enterprise Monitor 2020, (2020); Alrousan, Mohammad Kasem, Determinants of virtual classroom adoption in Jordan: the case of princess Sumaya university for technology, Interactive Technology and Smart Education, 19, 2, pp. 121-144, (2022); Aparicio, Manuela, Gamification: A key determinant of massive open online course (MOOC) success, Information and Management, 56, 1, pp. 39-54, (2019); Ashfaq, Muhammad, I, Chatbot: Modeling the determinants of users’ satisfaction and continuance intention of AI-powered service agents, Telematics and Informatics, 54, (2020); Bossman, Ahmed, Technology and instructor dimensions, e-learning satisfaction, and academic performance of distance students in Ghana, Heliyon, 8, 4, (2022); Chang, Yuwei, What drives organizations to switch to cloud ERP systems? The impacts of enablers and inhibitors, Journal of Enterprise Information Management, 33, 3, pp. 600-626, (2020); Christiansen, Vilde, Factors Affecting Cloud ERP Adoption Decisions in Organizations, Procedia Computer Science, 196, pp. 255-262, (2021); Ebnehoseini, Zahra, Investigation the success rate of hospital information system (HIS): Development of a questionnaire and case study, Journal of Healthcare Quality Research, 36, 2, pp. 103-112, (2021); Franque, Frank Bivar, Understanding the factors of mobile payment continuance intention: empirical test in an African context, Heliyon, 7, 8, (2021)","","Economic Laboratory for Transition Research","","","","","","18006698; 18005845","","","","English","Article","Final","All Open Access; Gold Open Access","Scopus","2-s2.0-85192139981"
"D.V., Dinh, Doan Van","Dinh, Doan Van (55539232200)","55539232200","The factors impact on the cashless payment behavior: the IPA model approach","2024","Journal of Science and Technology Policy Management","","","","","","0","2","10.1108/JSTPM-03-2023-0031","https://www.scopus.com/inward/record.uri?eid=2-s2.0-85191861548&doi=10.1108%2FJSTPM-03-2023-0031&partnerID=40&md5=ec94bed8b13c326a80d74db049e29bcc","Industrial University of Ho Chi Minh City, Ho Chi Minh City, Viet Nam","Dinh, Doan Van, School of Finance and Accounting, Industrial University of Ho Chi Minh City, Ho Chi Minh City, Viet Nam","Purpose: In the context of the Covid-19 pandemic and the trend in industrial development 4.0, the problem is how to conduct transactions of goods and services in the market using cashless payment in Vietnam, as in developed countries. This study aims to investigate, analyze and evaluate the factors affecting cashless payment behavior in Ho Chi Minh City, Vietnam. Design/methodology/approach: The QR codes are used for payments because many factors affect the behavior of cashless payments made using electronic payment tools, including QR code tools. To achieve this goal, this study applied behavioral theory and the importance-performance analysis (IPA) model to measure service quality based on the difference between customer opinions on the importance and performance level of service providers’ targets. Survey results were obtained from 111 people living in HCMC, Vietnam, including 47 men and 64 women, which was a survey for 15 criteria. Findings: According to the IPA results of the first quadrant, managers should focus on allocating their resources toward improving their performance across five key criteria. These criteria are crucial for meeting customers’ expectations and include factors such as product quality, responsiveness to customer queries or complaints, delivery times, pricing and customer service. In addition, the second quadrant of the IPA highlights another set of five criteria that perform well and are essential to the success of the business. These criteria could consist of customer loyalty, employee satisfaction, profitability, market share and innovation Originality/value: These results provide a basis for solutions and recommendations for managers to refer to and apply consistent practices. Therefore, this study examines the cashless payment in Vietnam. Empirical results offer solutions to financial technology policy, marketing policy, cashless payment services and technology, which can help managers provide online payments using QR codes and contribute to monetary policy solutions. © 2024 Elsevier B.V., All rights reserved.","Cash; Cashless Payment; Industry 4.0; Ipa Model; Payment Behavior; Qr Code","","","","","Ajzen and Fishbein S Theory of Reasoned Action, (1977); Second International Symposium on Information Theory, (1973); Balakrishnan, Vimala R., Drivers and inhibitors for digital payment adoption using the Cashless Society Readiness-Adoption model in Malaysia, Technology in Society, 65, (2021); Ranaweera, Chatura, A model of online customer behavior during the initial transaction: Moderating effects of customer characteristics, Marketing Theory, 5, 1, pp. 51-74, (2005); Swiecka, Beata, Consumer financial knowledge and cashless payment behavior for sustainable development in poland, Sustainability (Switzerland), 13, 11, (2021); Marketing Creating Value for Customers, (1998); A Technology Acceptance Model for Empirically Testing New End User Information Systems Theory and Results, (1986); Deufel, Patrick, Pay now or pay later: A cross-cultural perspective on online payments, Journal of Electronic Commerce Research, 20, 3, pp. 141-154, (2019); Econometrica, (1981); Citradika, Didha Putri, The use of non-cash transactions among Batik SMES: An empirical review from Indonesia, International Journal of Business and Society, 20, 1, pp. 397-416, (2019)","","Emerald Publishing","","","","","","20534620; 20534639","","","","English","Article","aip","","Scopus","2-s2.0-85191861548"
"E.I., Dyudikova, Ekaterina I.; N.N., Kunitsyna, Natalia Nikolaevna","Dyudikova, Ekaterina I. (57214911620); Kunitsyna, Natalia Nikolaevna (56128000600)","57214911620; 56128000600","Paradoxes of the digital ruble implementation in monetary turnover","2024","Voprosy Ekonomiki","2024","4","","148","158","0","1","10.32609/0042-8736-2024-4-148-158","https://www.scopus.com/inward/record.uri?eid=2-s2.0-85191349853&doi=10.32609%2F0042-8736-2024-4-148-158&partnerID=40&md5=0bcc20cd5b2c408c50ef230842f6190c","North-Caucasus Federal University, Stavropol, Russian Federation","Dyudikova, Ekaterina I., North-Caucasus Federal University, Stavropol, Russian Federation; Kunitsyna, Natalia Nikolaevna, North-Caucasus Federal University, Stavropol, Russian Federation","Russia, which is actively piloting the Digital Ruble project, has become the first country to legislate the turnover of the central bank’s digital currency. At the same time, the embodiment of the competitive balance between “electronic private and digital honest” for the interaction of the information society in a virtual environment, which makes it possible to turn the lack of understanding (indirect participation) into a trust relationship (direct participation) with full optional financial support in the contour of the national metaverse, has not yet been implemented in practice. The relevance and desirability of the study is due to insufficient research on the integration of high-tech financial products into the monetary system in the focus of a full-scale digital transformation of the entire financial system, as well as the lack of a carefully developed legal framework for the implementation of central banks digital currencies on a global scale. The need to achieve this goal determined a phased study of regulatory, statistical and periodic literature using general scientific and special research methods: systemic and interdisciplinary approaches, formal logic, comparative analysis, classification, etc. The authors have found that the digital ruble does not correspond to the category of ideal digital currency in the context of digital (crypto) units and identified the discussion provisions for regulating the transformation processes of the digital ruble implementation into monetary turnover. As a result, we have specified the nature of monetary innovation at the stage of economic bifurcation metamorphoses. © 2024 Elsevier B.V., All rights reserved.","Cashless Money; Cbdc; Central Bank Digital Currency; Cryptocurrency; Digital Ruble; Distributed Ledger; Electronic Money","","","","Funding: Research is supported by the Russian Science Foundation, No 24-28-00283, https://rscf.ru/en/project/24-28-00283/","Actual Problems of Economics and Law, (2021); A Digital Ruble, (2020); Ecosystems Regulatory Approaches, (2021); Tokenised Deposits, (2023); Lex Russica, (2023); Institutional Nature of Modern Money and Securities, (2006); Kochergin, Dmitrii A., Bigtech-Companies Ecosystems Prospects in the Payment Sector, Finance: Theory and Practice, 26, 6, pp. 32-51, (2022); Bulletin of the Khabarovsk State University of Economics and Law, (2021); Banking Management and Technologies, (2012); Antifragile Things that Gain from Disorder, (2012)","","Russian Presidential Academy of National Economy and Public Administration","","","","","","00428736","","","","Russian","Article","Final","","Scopus","2-s2.0-85191349853"
"V.V.P., Kotni, V. V.Devi Prasad","Kotni, V. V.Devi Prasad (57195595076)","57195595076","E-Wallet Literacy Scale Development and Validation","2024","Indian Journal of Finance","18","1","","8","28","0","2","10.17010/ijf/2024/v18i1/171963","https://www.scopus.com/inward/record.uri?eid=2-s2.0-85188937868&doi=10.17010%2Fijf%2F2024%2Fv18i1%2F171963&partnerID=40&md5=149af1cafd948f8b3e62e2b14659480d","GITAM University, Visakhapatnam, India","Kotni, V. V.Devi Prasad, Department of Marketing, GITAM University, Visakhapatnam, India","Purpose: Many people used cashless payment methods, mostly e-wallets, during the COVID-19 pandemic. This incentivized numerous financial institutions and banks to offer e-wallets to their clientele, facilitating digital financial transactions. Given the importance of assessing e-wallet literacy, a carefully designed and thoroughly examined scale is needed. This study aimed to create and provide a fully validated and tested scale for assessing the literacy levels of e-wallet users. Methodology: This study created and validated the scale using the scientific and statistical procedures for scale development. Stakeholders, including academics, researchers, and e-wallet users (656), participated in this study at different phases. To create and validate the e-wallet literacy measure, the study employed panel interviews, primary data gathering, exploratory factor analysis, and confirmatory factor analysis (using AMOS). Findings: Credit payment transactions (CPT), bill payment transactions (BTT), investment transactions (IT), money transfer transactions (FTT), purchase transactions (PT), and method of payment (MOP) are the six components that the study revealed, which can be used to quantify e-wallet literacy. With 26 scale items, these six constructs were created. Practical Implications: The measure can be employed by e-wallet service providers to evaluate the degree of e-wallet proficiency within their intended customer base. Campaigns to raise consumer awareness can be tailored to these literacy levels to promote more use of e-wallets. Government authorities and policymakers acknowledged E-wallets as essential tools for achieving financial inclusion. Originality: Unlike prior research on e-wallets, the current work constructed a scale to examine the literacy levels of users concerning e-wallets. © 2024 Elsevier B.V., All rights reserved.","Digital Financial Transaction; Digital Wallets; E-wallets; Financial Inclusion; Mobile Payments; Scale Development; Scale Validation","","","","","New Indian Express, (2020); Abdallah Alalwan, Ali Abdallah, Mobile food ordering apps: An empirical study of the factors affecting customer e-satisfaction and continued intention to reuse, International Journal of Information Management, 50, pp. 28-44, (2020); Abdallah Alalwan, Ali Abdallah, Factors influencing adoption of mobile banking by Jordanian bank customers: Extending UTAUT2 with trust, International Journal of Information Management, 37, 3, pp. 99-110, (2017); Anderson, James C., Predicting the Performance of Measures in a Confirmatory Factor Analysis With a Pretest Assessment of Their Substantive Validities, Journal of Applied Psychology, 76, 5, pp. 732-740, (1991); Bagla, Ramesh Kumar, Gaps in customer satisfaction with digital wallets: challenge for sustainability, Journal of Management Development, 37, 6, pp. 442-451, (2018); Boden, Joe, The effect of credit card versus mobile payment on convenience and consumers’ willingness to pay, Journal of Retailing and Consumer Services, 52, (2020); Cattell, Raymond B., The scree test for the number of factors, Multivariate Behavioral Research, 1, 2, pp. 245-276, (1966); Journal of Marketing Research, (1979); Dahlberg, Tomi, A critical review of mobile payment research, Electronic Commerce Research and Applications, 14, 5, pp. 265-284, (2015); Daragmeh, Ahmad, Continuous intention to use e-wallet in the context of the covid-19 pandemic: Integrating the health belief model (hbm) and technology continuous theory (tct), Journal of Open Innovation: Technology, Market, and Complexity, 7, 2, (2021)","","Associated Management Consultants Pvt. Ltd.","","","","","","09738711","","","","English","Article","Final","","Scopus","2-s2.0-85188937868"
"W.L., Chang, Wei Lun; Y.H., Hsieh, Yen Hao; I.T., Lu, I. Ting","Chang, Wei Lun (7404564732); Hsieh, Yen Hao (58953331300); Lu, I. Ting (58953331400)","7404564732; 58953331300; 58953331400","SWITCHING TO CASHLESS? EXPLORING COSTS OF SWITCHING INTENTION IN MOBILE PAYMENT SERVICES","2024","Journal of Organizational Computing and Electronic Commerce","34","2","","134","157","0","3","10.1080/10919392.2024.2321657","https://www.scopus.com/inward/record.uri?eid=2-s2.0-85188505687&doi=10.1080%2F10919392.2024.2321657&partnerID=40&md5=5ce88fd929b1b2867cac9cd1313999af","National Taipei University, Taipei, Taiwan; National Taichung University of Science and Technology, Taichung, Taiwan; Tamkang University, Taipei, Taiwan","Chang, Wei Lun, Department of Business Administration, National Taipei University, Taipei, Taiwan; Hsieh, Yen Hao, Department of Business Administration, National Taichung University of Science and Technology, Taichung, Taiwan; Lu, I. Ting, Department of Banking and Finance, Tamkang University, Taipei, Taiwan","The concept of a cashless society has received increasing attention due to the prevalence of cashless transactions and the circulation of digital currency. The benefit of a cashless society is that mobile payment allows efficient, convenient, transparent, and traceable transactions. This study examined the influence of switching costs on customer satisfaction, stickiness, and intention to switch to mobile payment services. We also studied the effect of financial literacy on mobile payment services. Self-efficacy is irrelevant for experienced mobile payment users in terms of customer satisfaction and stickiness. Financial switching costs and self-efficacy (procedural switching costs) have no influence on user satisfaction and stickiness toward mobile payment services, whereas risk tolerance (procedural switching costs) and social influence (relational switching costs) positively influence these two factors. User stickiness partially mediates the relationship between user satisfaction and users’ switching intention toward mobile payment services. Our findings can help mobile payment enterprises focus on operational strategies and enhance the reputation of social networks to increase user satisfaction. © 2024 Elsevier B.V., All rights reserved.","Financial Literacy; Mobile Payment Service; Risk Tolerance; Social Influence; Switching Cost","","","","","Aboubaker, Ettis Saïd, The Move Towards Cashless Society: How to Improve Consumers' Use of Bank Cards in Retail Stores?, Studies in Business and Economics, 17, 1, pp. 24-40, (2022); Agárdi, Irma, Do digital natives use mobile payment differently than digital immigrants? A comparative study between generation X and Z, Electronic Commerce Research, 24, 3, pp. 1463-1490, (2024); Agarwal, Ritu, Are individual differences germane to the acceptance of new information technologies?, Decision Sciences, 30, 2, pp. 361-391, (1999); Aktepe*, Adnan, Customer satisfaction and loyalty analysis with classification algorithms and Structural Equation Modeling, Computers and Industrial Engineering, 86, pp. 95-106, (2015); Akturan, Ulun, Mobile banking adoption of the youth market: Perceptions and intentions, Marketing Intelligence and Planning, 30, 4, pp. 444-459, (2012); Alnawas, Ibrahim A.M., The effect of benefits generated from interacting with branded mobile apps on consumer satisfaction and purchase intentions, Journal of Retailing and Consumer Services, 31, pp. 313-322, (2016); Alzahrani, Latifa, Investigating the impact of citizens’ trust toward the successful adoption of e-government: A multigroup analysis of gender, age, and internet experience, Information Systems Management, 35, 2, pp. 124-146, (2018); Anaza, Nwamaka A., DPS 2.0: on the road to a cashless society, Marketing Letters, 33, 4, pp. 693-704, (2022); Ege Academic Review, (2010); Advances in Social Science Education and Humanities Research Assehr, (2018)","","Taylor and Francis Ltd.","","","","","","10919392","","","","English","Article","Final","","Scopus","2-s2.0-85188505687"
"E.A., Graziano, Elvira Anna; F., Musella, Flaminia; G., Petroccione, Gerardo","Graziano, Elvira Anna (56445168300); Musella, Flaminia (35071794800); Petroccione, Gerardo (58705529000)","56445168300; 35071794800; 58705529000","Cashless payment: behavior changes and gender dynamics during the COVID-19 pandemic","2024","EuroMed Journal of Business","20","5","","54","74","0","1","10.1108/EMJB-11-2023-0299","https://www.scopus.com/inward/record.uri?eid=2-s2.0-85187899024&doi=10.1108%2FEMJB-11-2023-0299&partnerID=40&md5=232df2db6497c0b239826e9f5da3e5db","Link Campus University, Rome, Italy; Università degli Studi di Roma ""Tor Vergata"", Rome, Italy","Graziano, Elvira Anna, Department of Social Sciences, Link Campus University, Rome, Italy; Musella, Flaminia, Department of Social Sciences, Link Campus University, Rome, Italy; Petroccione, Gerardo, Department of Management and Law, Università degli Studi di Roma ""Tor Vergata"", Rome, Italy","Purpose: The objective of this study is to investigate the impact of the COVID-19 pandemic on the consumer payment behavior in Italy by correlating financial literacy with digital payment awareness, examining media anxiety and financial security, and including a gender analysis. Design/methodology/approach: Consumers’ attitudes toward cashless payments were investigated using an online survey conducted from November 2021 to February 2022 on a sample of 836 Italian citizens by considering the behavioral characteristics and aspects of financial literacy. Structural equation modeling (SEM) was used to test the hypotheses and to determine whether the model was invariant by gender. Findings: The analysis showed that the fear of contracting COVID-19 and the level of financial literacy had a direct influence on the payment behavior of Italians, which was completely different in its weighting. Fear due to the spread of news regarding the pandemic in the media indirectly influenced consumers’ noncash attitude. The preliminary results of the gender multigroup analysis showed that cashless payment was the same in the male and female subpopulations. Originality/value: This research is noteworthy because of its interconnected examination. It examined the effects of the COVID-19 pandemic on people’s payment choices, assessed their knowledge, and considered the influence of media-induced anxiety. By combining these factors, the study offered an analysis from a gender perspective, providing understanding of how financial behaviors were shaped during the pandemic. © 2025 Elsevier B.V., All rights reserved.","Cashless Payment; Covid-19; Financial Literacy; Financial Security; Gender Analysis; Sem; Social Media Anxiety","","","","","Alaimo, Leonardo S., Measuring consumers’ level of satisfaction for online food shopping during COVID-19 in Italy using POSETs, Socio-Economic Planning Sciences, 82, (2022); Bank of Italy Occasional Paper, (2020); Armey, Laura Elizabeth, The impact of electronic financial payments on crime, Information Economics and Policy, 29, pp. 46-57, (2014); Geography of Financial Literacy, (2011); Carrasco Picazo, Juan Pablo, Spanish media coverage of youth mental health issues during the COVID-19 pandemic, BMC Psychiatry, 23, 1, (2023); Chaudhuri, Ranjan, Antecedents of privacy concerns and online information disclosure: moderating role of government regulation, EuroMed Journal of Business, 18, 3, pp. 467-486, (2023); Chen, Fuzhong, The Roles of FinTech with Perceived Mediators in Consumer Financial Satisfaction with Cashless Payments, Mathematics, 10, 19, (2022); Chen, Sijian, The Relationship Between Social Media Use and Negative Emotions Among Chinese Medical College Students: The Mediating Role of Fear of Missing Out and the Moderating Role of Resilience, Psychology Research and Behavior Management, 16, pp. 2755-2766, (2023); Aea Papers and Proceedings, (2021); Dahlberg, Tomi, Past, present and future of mobile payments research: A literature review, Electronic Commerce Research and Applications, 7, 2, pp. 165-181, (2008)","","Emerald Publishing","","","","","","14502194; 1758888X","","","","English","Article","Final","All Open Access; Hybrid Gold Open Access","Scopus","2-s2.0-85187899024"
"N., Holov, Nabijon","Holov, Nabijon (57433853200)","57433853200","Electronic Money System and the Need to Use This System in the Republic of Uzbekistan","2024","Lecture Notes in Networks and Systems","733","","","667","675","0","0","10.1007/978-3-031-37978-9_66","https://www.scopus.com/inward/record.uri?eid=2-s2.0-85186705038&doi=10.1007%2F978-3-031-37978-9_66&partnerID=40&md5=75e45b9d23212acf03702a61666fa051","Tashkent State University of Economics, Tashkent, Uzbekistan","Holov, Nabijon, Tashkent State University of Economics, Tashkent, Uzbekistan","According to the economic dictionary, non-cash payments are understood as a form of money circulation, in which the storage of funds and their movement is carried out without the participation of cash, by entering money into a bank ac-count and transferring it from the payer's account to the recipient's account. This article is devoted to the relevance of the electronic money system and its use in the financial sector of the economy. With the increasing relevance of the electronic money system in the form of cashless payment, the work carried out on the use of this system and its regulation in the banking sector of the Republic of Uzbekistan, and the formed mechanisms have been studied. Also, in the article, the issues of ensuring information security in the use of electronic money system were considered, and in order to create favorable conditions for the development of electronic commerce in our country, expanding the market of payment services, the relevance of using the electronic money system was proven. © 2024 Elsevier B.V., All rights reserved.","Cash Payment; Electronic Money System; Electronic Money System Operator; Electronic Payments; Interbank Payment System; National Database Of Bank Depositors; Non-cash Payment; Security Of Data; Cash Payments; Electronic Money System; Electronic Money System Operator; Electronic Payment; Interbank Payment System; National Database; National Database Of Bank Depositor; Non-cash Payment; Payment Systems; System Operator; Electronic Money","Security of data; Cash payments; Electronic money system; Electronic money system operator; Electronic payment; Interbank payment system; National database; National database of bank depositor; Non-cash payment; Payment systems; System operator; Electronic money","","","","Kodirova, Dilrabo Abdukarimovna, Creating a digital model of regional relief using GIS technologies to evaluate degradation processes, E3S Web of Conferences, 258, (2021); Namozov, Normamat Chorievich, Effectiveness of application of mineral fertilizers in growing food plants in desert pasture conditions of Uzbekistan, IOP Conference Series: Earth and Environmental Science, 1068, 1, (2022); Namozov, Normamat Chorievich, Effective methods of preventing degradation of desert pasture soils of Uzbekistan, IOP Conference Series: Earth and Environmental Science, 1068, 1, (2022); Abdullaev, Zafar S., Innovative approach of distance learning in the form of online courses, (2019); Shadmanova, Gulchera, Numerical solution of nonlinear integro-differential equations, IOP Conference Series: Materials Science and Engineering, 896, 1, (2020); Charzyński, Przemysław, A global perspective on soil science education at third educational level; knowledge, practice, skills and challenges, Geoderma, 425, (2022); E3s Web of Conferences Vol 284 P 02007, (2021); Paper Presented at the International Conference Science and Education 15 May, (2021); Iop Conf Ser Earth Environ Sci, (2022); Canada, (2022)","Zokirjon ugli, K.S.; Muratov, A.; Ignateva, S.","Springer Science and Business Media Deutschland GmbH","","International Scientific Conference on Fundamental and Applied Scientific Research in the Development of Agriculture in the Far East, AFE 2022","","Tashkent","302829","23673389; 23673370","9789819652372; 9783031931055; 9789819662968; 9783031999963; 9783031950162; 9783031947698; 9783032004406; 9783031910074; 9783031926105; 9789819639410","","","English","Conference paper","Final","","Scopus","2-s2.0-85186705038"
"R., Thetlek, Ruangchan; T., Kraiwanit, Tanpat; P., Limna, Pongsakorn; Y., Shaengchart, Yarnaphat; P., Moolngearn, Papon","Thetlek, Ruangchan (58515292800); Kraiwanit, Tanpat (57226276574); Limna, Pongsakorn (58315906900); Shaengchart, Yarnaphat (57970523600); Moolngearn, Papon (58203507200)","58515292800; 57226276574; 58315906900; 57970523600; 58203507200","THE STRATEGY OF VIRTUAL BANKING ADOPTION IN THE DIGITAL ECONOMY","2024","Corporate and Business Strategy Review","5","1 Special Issue","","264","272","0","6","10.22495/cbsrv5i1siart1","https://www.scopus.com/inward/record.uri?eid=2-s2.0-85185971380&doi=10.22495%2Fcbsrv5i1siart1&partnerID=40&md5=6d56449771f93409379187a7379668dd","Rangsit University, Pathum Thani, Thailand","Thetlek, Ruangchan, Faculty of Economics, Rangsit University, Pathum Thani, Thailand; Kraiwanit, Tanpat, Faculty of Economics, Rangsit University, Pathum Thani, Thailand; Limna, Pongsakorn, Faculty of Economics, Rangsit University, Pathum Thani, Thailand; Shaengchart, Yarnaphat, Faculty of Economics, Rangsit University, Pathum Thani, Thailand; Moolngearn, Papon, Faculty of Economics, Rangsit University, Pathum Thani, Thailand","Most traditional banks offer digital services, promoting cashless payments. Digital-only banks, operating solely through mobile apps, are a growing trend. These virtual banks have no physical branches and reshape individuals’ financial habits (Windasari et al., 2022). This study aims to explore virtual banking adoption in Thailand, using a qualitative approach. In-depth interviews with ten informants were conducted through purposive sampling. Data analysis involved content analysis and NVivo. The findings reveal Thailand as a recent adopter of virtual banks, driven by technology firms meeting regional demand. Virtual banks aim to enhance financial inclusion through improved accessibility and cutting-edge online experiences, emphasising simplicity, personalization, and client focus. However, technological advancements may deepen financial exclusion for those unable to access or utilise technology, creating unbanked or underbanked segments. To address this, banks must prioritise user-friendly digital platforms; ensuring customers can access services anytime, anywhere, like branchless banking. In regard to further research, it is recommended that researchers study ethical and policy issues related to virtual banking. In addition, quantitative research, such as an online questionnaire, should be considered to explain the relationship phenomenon in a large group in general. © 2024 Elsevier B.V., All rights reserved.","Financial; Technology; Virtual Banking","","","","","International Journal of Digital Content Management, (2022); Digital Transformation Management Challenges and Futures in the Asian Digital Economy, (2022); Alzuod, Mohammad Abdalkarim, THE ROLE OF STRATEGIC FLEXIBILITY IN ENHANCING CRISIS MANAGEMENT IN THE COMMERCIAL BANKING SECTOR DURING THE COVID-19 PANDEMIC, Corporate Governance and Organizational Behavior Review, 6, 2, pp. 104-112, (2022); Asif, Mohammad, The Impact of Fintech and Digital Financial Services on Financial Inclusion in India, Journal of Risk and Financial Management, 16, 2, (2023); Bangkok Post, (2023); undefined, (2023); Int J Electron Bank, (2022); Chaiyasoonthorn, Wornchanok, The diffusion and adoption of electronic payment systems in Bangkok, International Journal of e-Business Research, 15, 2, pp. 102-115, (2019); Virtual Banking and Beyond, (2022); Chowdhury, Emon Kalyan, Role of Financial Inclusion in Human Development: Evidence from Bangladesh, India and Pakistan, Journal of the Knowledge Economy, 15, 1, pp. 3329-3354, (2024)","","Virtus Interpress","","","","","","27089924; 27084965","","","","English","Article","Final","All Open Access; Hybrid Gold Open Access","Scopus","2-s2.0-85185971380"
"A., Rossi, Arthur","Rossi, Arthur (57225899517)","57225899517","Central Bank Digital Currencies: A New Nexus Between Central and Commercial Banks?","2024","","","","","67","82","0","0","10.4324/9781003258261-6","https://www.scopus.com/inward/record.uri?eid=2-s2.0-85184545021&doi=10.4324%2F9781003258261-6&partnerID=40&md5=9e20c5cd6d76e105171dbae948da01f6","Saudi Central Bank, Riyadh, Saudi Arabia","Rossi, Arthur, Saudi Central Bank, Riyadh, Saudi Arabia","Central bank digital currencies raise old questions about the structure of the banking system and the monetary role central banks and commercial banks play in modern societies. Given that cryptocurrencies were initially designed to cut off intermediaries when transacting online because of the instability that affected commercial banks during the Global Financial Crisis, a one-tier CBDC design would place the central bank as a layer between peer-to-peer transactions. Therefore, such a design can change the balance achieved through centuries of central banking and financial sector development. Indeed, in most jurisdictions, commercial banks offer digital money to non-financial customers—while central banks issue (i) physical cash—i.e., banknotes to non-financial customers—and (ii) digital central bank money (required and supplementary reserves) to commercial banks. Overall, these two layers of digital money coexist reasonably well. However, the decline in cash use seen in several (but not all) jurisdictions as they move to cashless societies has tilted this balance towards commercial banks and attracted deposits that would typically have been held in central bank money. Depending on its design features, CBDCs could potentially reverse this tide by offering the public a default-free, presumably cheap medium of exchange with potentially higher anonymity. © 2024 Elsevier B.V., All rights reserved.","","","","","","How Money is Created by the Central Bank and the Banking System, (2018); Evolution of Central Banks, (1988); Amsterdamsche Wisselbank, (1974); History of the Bank of England, (1909); Rationale of Central Banking, (1936); A Short Account of the Bank of England, (1695); A Guide to the ATM and Debit Card Industry, (2003); Market Research Report, (2020); Sveriges Riksbank Working Papers, (2020); 2020 Mckinsey Global Payments Report, (2020)","","Taylor and Francis","","","","","","","9781003853305; 9781032192277","","","English","Book chapter","Final","All Open Access; Green Accepted Open Access; Green Open Access","Scopus","2-s2.0-85184545021"
"I., Niankara, Ibrahim; R.I., Traoret, Rachidatou Ingrid","Niankara, Ibrahim (57200579496); Traoret, Rachidatou Ingrid (57208080604)","57200579496; 57208080604","The digital payment-financial inclusion nexus and payment system innovation within the global open economy during the COVID-19 pandemic","2023","Journal of Open Innovation: Technology, Market, and Complexity","9","4","100173","","","0","17","10.1016/j.joitmc.2023.100173","https://www.scopus.com/inward/record.uri?eid=2-s2.0-85177585538&doi=10.1016%2Fj.joitmc.2023.100173&partnerID=40&md5=2ceb2e40ab972b61d46954597785f287","Al Ain University, Al Ain, United Arab Emirates; College of Business and Economics, Al Ain, United Arab Emirates","Niankara, Ibrahim, College of Business, Al Ain University, Al Ain, United Arab Emirates; Traoret, Rachidatou Ingrid, Department of Statistics and Business Analytics, College of Business and Economics, Al Ain, United Arab Emirates","This paper retrospectively examines how the digital payment-financial inclusion nexus fostered demand-driven payment system innovation and diffusion within the global open economy during the COVID-19 crisis. To that end, the paper uses a cross-sectional sample of 127854 respondents from across 123 economies, extracted from the 2021 wave of the Global Findex Survey. Together with a hybrid theoretical framework that bridges the quadruple helix (QH) innovation model with random utility theory (RUT), the study characterizes individuals’ stated preferences for cashless payment across the three consumption domains of in-store shopping, online shopping, and regular bills settlement. The parameters of the resulting econometric model are estimated within the R software version 3.6.3. The findings from all nine considered demand side financial inclusion indicators reveal that globally, during the crisis, formal financial inclusion had a significantly positive impact on the marginal utility, and thus likelihood that individuals use digital payment solutions (DPS) for in-store and online shopping experiences, as well as regular bills settlement. Additionally, DPS uptake for online shopping highlighted a significant gender-based gradient in favor of males. Moreover, higher education levels, labor market participation, rising income levels, reduced COVID-19 related financial worries, mobile phone ownership, and internet access, are all found to have positively contributed to individuals’ DPS uptake likelihood during the crisis. Furthermore, a cross-country heterogeneity in individuals’ cashless payment preferences remained persistent across the three consumption domains due to macroeconomic, regulatory, cultural, and digital infrastructural readiness differences between countries. Overall, the findings provide support for evidence-based decision making by all digital payment ecosystem stakeholders. © 2023 Elsevier B.V., All rights reserved.","Cashless Society; Digital Economy; Digital Payment Solution; Electronic Payment System; Global Economy; Open Innovation","","","","","Abdullah, undefined, Determining mobile payment adoption: A systematic literature search and bibliometric analysis, Cogent Business and Management, 8, 1, (2021); Adams, Michael, An integrated approach for electronic identification and central bank digital currencies, Journal of Payments Strategy and Systems, 15, 3, pp. 287-304, (2021); Ajzen, Icek, Attitude-behavior relations: A theoretical analysis and review of empirical research, Psychological Bulletin, 84, 5, pp. 888-918, (1977); Alaassar, Ahmad, Facilitating innovation in FinTech: a review and research agenda, Review of Managerial Science, 17, 1, pp. 33-66, (2023); Allen, Jeff, Assessing incentives to increase digital payment acceptance and usage: A machine learning approach, PLOS ONE, 17, 11 November, (2022); Al-Saedi, Karrar, Developing a general extended UTAUT model for M-payment adoption, Technology in Society, 62, (2020); Amry, Dwitya K., The new inclusive role of university technology transfer: Setting an agenda for further research, International Journal of Innovation Studies, 5, 1, pp. 9-22, (2021); Aytaş, Baran, Open banking: Opening up the ‘walled gardens’, Journal of Payments Strategy and Systems, 15, 4, pp. 419-431, (2021); Barykin, Sergey Evgenievich, Economics of digital ecosystems, Journal of Open Innovation: Technology, Market, and Complexity, 6, 4, pp. 1-16, (2020); Ben-Akiva, Moshe E., Foundations of stated preference elicitation: Consumer Behavior and Choice-based Conjoint Analysis, Foundations and Trends in Econometrics, 10, 1-2, pp. 1-144, (2019)","","Elsevier B.V.","","","","","","21998531","","","","English","Article","Final","All Open Access; Gold Open Access","Scopus","2-s2.0-85177585538"
"F., Tronnier, Frédéric; D., Harborth, David; P., Biker, Patrick","Tronnier, Frédéric (57218403718); Harborth, David (57200565323); Biker, Patrick (58236351300)","57218403718; 57200565323; 58236351300","Applying the extended attitude formation theory to central bank digital currencies","2023","Electronic Markets","33","1","13","","","0","14","10.1007/s12525-023-00638-3","https://www.scopus.com/inward/record.uri?eid=2-s2.0-85157998584&doi=10.1007%2Fs12525-023-00638-3&partnerID=40&md5=94dce29145e8bdc813f9d831be834a30","Goethe-Universität Frankfurt am Main, Frankfurt am Main, Germany; Capgemini, Frankfurt am Main, Germany; Ebner Stolz, Koln, Germany","Tronnier, Frédéric, Goethe-Universität Frankfurt am Main, Frankfurt am Main, Germany; Harborth, David, Capgemini, Frankfurt am Main, Germany; Biker, Patrick, Ebner Stolz, Koln, Germany","This work analyzes the attitude formation process of individuals for central bank digital currencies (CBDCs), specifically for the digital euro. CBDCs are heavily researched, with pilot projects being conducted worldwide. Following the emergence of cryptocurrencies and a decrease in cash usage for retail transactions, CBDCs are viewed as the possible payment solution of the future. Using a qualitative approach, we conduct expert and non-expert interviews to apply and extend existing research on attitude formation to study how individuals form attitudes towards a CBDC in Germany. We find that individuals form their attitudes towards a digital euro through the perceived benefits, limitations, and concerns regarding related payment solutions, moderated through the perceived equivalence of these related technologies and the CBDC. The results contribute to the literature on CBDC and can be used by practitioners to develop a digital euro that offers a competitive advantage for retail transactions over established payment solutions. © 2023 Elsevier B.V., All rights reserved.","Attitude Formation Theory; Attitudes; Cbdc; Central Bank Digital Currency; Digital Euro; Technology Adoption","","","","","Ajzen, Icek, Attitude-behavior relations: A theoretical analysis and review of empirical research, Psychological Bulletin, 84, 5, pp. 888-918, (1977); Understanding Attitudes and Predicting Social Behavior, (1980); Ajzen, Icek, The theory of planned behavior, Organizational Behavior and Human Decision Processes, 50, 2, pp. 179-211, (1991); Abdallah Alalwan, Ali Abdallah, Factors influencing adoption of mobile banking by Jordanian bank customers: Extending UTAUT2 with trust, International Journal of Information Management, 37, 3, pp. 99-110, (2017); Alashoor, Tawfiq M., Familiarity with big data, privacy concerns, and self-disclosure accuracy in social networking websites: An APCO model, Communications of the Association for Information Systems, 41, pp. 62-96, (2017); Angino, Siria, The cultural origins of institutional trust: The case of the European Central Bank, European Union Politics, 23, 2, pp. 212-235, (2022); Arvidsson, Niklas, Consumer attitudes on mobile payment services - results from a proof of concept test, International Journal of Bank Marketing, 32, 2, pp. 150-170, (2014); Vanderbilt J Entertainment Technol Law, (2021); Available at Ssrn, (2020); Awh, Robert Y., A DISCRIMINANT ANALYSIS OF ECONOMIC, DEMOGRAPHIC, AND ATTITUDINAL CHARACTERISTICS OF BANK CHARGE‐CARD HOLDERS: A CASE STUDY, Journal of Finance, 29, 3, pp. 973-980, (1974)","","Springer Science and Business Media Deutschland GmbH","","","","","","14228890; 10196781","","","","English","Article","Final","All Open Access; Green Final Open Access; Green Open Access; Hybrid Gold Open Access","Scopus","2-s2.0-85157998584"
"A., Welte, Angelika; J., Wu, Joy","Welte, Angelika (57193121619); Wu, Joy (58891917200)","57193121619; 58891917200","The acceptance of cash by Canadian merchants: Evidence from the 2021–22 Merchant Acceptance Survey","2023","Journal of Payments Strategy and Systems","17","3","","238","249","0","1","","https://www.scopus.com/inward/record.uri?eid=2-s2.0-85185323065&partnerID=40&md5=c819a297de9e7d69d7e06216088dd01e","Banque du Canada, Ottawa, Canada","Welte, Angelika, Currency Department, Banque du Canada, Ottawa, Canada; Wu, Joy, Currency Department, Banque du Canada, Ottawa, Canada","In recent years, the rise in digital payments has spurred discussion about the future of cash at the point of sale. The COVID-19 pandemic has also contributed to this discussion. To better under¬stand cash acceptance and the impact of payment innovations such as mobile payments in Canada, the Bank of Canada conducted the 2021–22 Merchant Acceptance Survey Pilot Study — a survey of around 500 small and medium-sized businesses. We find that 97 per cent of small and medium-sized businesses in Canada accepted cash in 2021–22 and only 3 per cent have plans to stop accepting cash. For cards and digital pay¬ments, merchant acceptance has increased over the last few years. Therefore, cash and digital pay¬ments continue to co-exist at the point of sale, and Canada is far from being a cashless society. © 2024 Elsevier B.V., All rights reserved.","Banknotes; Central Banks; Demand For Cash; Digital Payments; Payment Innovations; Retailers; Surveys","","","","","Rochet, Jean Charles, Two-sided markets: A progress report, RAND Journal of Economics, 37, 3, pp. 645-667, (2006); Cash and Covid 19 What Happened in 2021, (2022); Equilibrium in Two Sided Markets for Payments Consumer Awareness and the Welfare Cost of the Interchange Fee, (2022); A Reference Guide for the Business Outlook Survey, (2020); Monthly Business Barometer; Defining and Measuring Business Exits Using Monthly Data Series on Business Openings and Closures, (2022); Starr, Martha A., Qualitative and mixed-methods research in economics: Surprising growth, promising future, Journal of Economic Surveys, 28, 2, pp. 238-264, (2014); Bank of Canada 2015 Retailer Survey on the Cost of Payment Methods Sampling, (2017); Merchant Acceptance Costs and Perceptions of Retail Payments A Canadian Survey, (2008); Acceptance and Use of Payments at the Point of Sale in Canada, (2017)","","Henry Stewart Publications","","","","","","17501814; 17501806","","","","English","Article","Final","","Scopus","2-s2.0-85185323065"
"R.A., Rahadi, Raden Aswin; G.N., Putri, Gianina Nadya; B.A., Nugraha, Bagus Aditya; T., Faturohman, Taufik; A., Boediman, Alfred; K.F., Afgani, Kurnia Fajar; J., Saputra, Jumadil","Rahadi, Raden Aswin (56656538200); Putri, Gianina Nadya (58480890600); Nugraha, Bagus Aditya (58480890700); Faturohman, Taufik (57210431066); Boediman, Alfred (58627766300); Afgani, Kurnia Fajar (57299103600); Saputra, Jumadil (57195569546)","56656538200; 58480890600; 58480890700; 57210431066; 58627766300; 57299103600; 57195569546","Does parental socialization affect financial literacy in Indonesia?","2023","International Journal of Advanced and Applied Sciences","10","5","","60","71","0","0","10.21833/ijaas.2023.05.008","https://www.scopus.com/inward/record.uri?eid=2-s2.0-85164399671&doi=10.21833%2Fijaas.2023.05.008&partnerID=40&md5=c7be2bd6d305ed09e33b388e48fcc556","Institut Teknologi Bandung, Bandung, Indonesia; The University of Chicago Booth School of Business, Chicago, United States; Universiti Malaysia Terengganu, Kuala Terengganu, Malaysia","Rahadi, Raden Aswin, Institut Teknologi Bandung, Bandung, Indonesia; Putri, Gianina Nadya, Institut Teknologi Bandung, Bandung, Indonesia; Nugraha, Bagus Aditya, Institut Teknologi Bandung, Bandung, Indonesia; Faturohman, Taufik, Institut Teknologi Bandung, Bandung, Indonesia; Boediman, Alfred, The University of Chicago Booth School of Business, Chicago, United States; Afgani, Kurnia Fajar, Institut Teknologi Bandung, Bandung, Indonesia; Saputra, Jumadil, Economics and Social Development, Universiti Malaysia Terengganu, Kuala Terengganu, Malaysia","The technological advancement of Industry 4.0 embarked on a trend of digital payment in Indonesia to promote a cashless society. However, the rapid advancement of financial digitalization in the world should be prepared for the changes of a well-literate society. In Indonesia, a cashless society has been intensively promoted. But the low level of literacy index from its younger generation, this campaign has struggled. Among several factors, this study seeks to investigate the effect of parental socialization on improving financial literacy from this generation dominated by undergraduate students in Bandung, West Java, Indonesia. This study is designed using qualitative and quantitative approaches. The qualitative data was collected by interviewing as many as 10 parents. Also, the quantitative data were gathered by distributing the online survey questionnaire to 204 public, and private undergraduate students aged 20-24 in Bandung using Google form started January to May 2020. The data collection process was chosen to solve some constraints during the pandemic of COVID-19. This study has successfully produced a conceptual framework based on parents' perspectives. Through a data analysis process using multiple linear regression, this study found that money allowance and trust variables significantly positively affect financial literacy among undergraduate students in Bandung, West Java, Indonesia. In conclusion, this study has successfully investigated the effect of parental socialization on improving financial literacy. The parents' decisions will determine their children's proficiency in money management. Also, this study found a new model that differs from the previously developed model in the United States. For the Bandung context, these two factors are perceived as effective socialization factors from the perspective of undergraduate students. © 2023 Elsevier B.V., All rights reserved.","Financial Literacy; Financial Socialization; Parental Socialization; Undergraduate Students","","","","We would like to thank the School of Business and Management-Institut Teknologi Bandung, Indonesia, and Universiti Malaysia Terengganu (UMT) that have supported this research publication and everyone who has volunteered to participate.","Social Foundations of Thought and Action A Social Cognitive Theory, (1986); Financial Services Review, (1998); Clarke, Maribeth C., The acquisition of family financial roles and responsibilities, Family and Consumer Sciences Research Journal, 33, 4, pp. 321-340, (2005); Danes, Sharon M., Parental perceptions of children's financial socialization, Journal of Financial Counseling and Planning, 5, pp. 127-149, (1994); Hanson, Thomas A., Financial literacy and family communication patterns, Journal of Behavioral and Experimental Finance, 19, pp. 64-71, (2018); Cross Cultural Communication, (2009); Ilham, Rico Nur, Comparative of the supply chain and block chains to increase the country revenues via virtual tax transactions and replacing future of money, International Journal of Supply Chain Management, 8, 5, pp. 1066-1069, (2019); Determining Sample Size, (1992); Financial Literacy of College Students Parental and Peer Influences, (2007); Jorgensen, Bryce L., Financial literacy of young adults: The importance of parental socialization, Family Relations, 59, 4, pp. 465-478, (2010)","","Institute of Advanced Science Extension (IASE)","","","","","","2313626X; 23133724","","","","English","Article","Final","All Open Access; Gold Open Access","Scopus","2-s2.0-85164399671"
"I., Skibińska-Fabrowska, Ilona","Skibińska-Fabrowska, Ilona (57296822600)","57296822600","Demand for Cash and its Determinants - a Post-Crisis Approach1","2023","Journal of Central Banking Theory and Practice","12","2","","103","131","0","1","10.2478/jcbtp-2023-0016","https://www.scopus.com/inward/record.uri?eid=2-s2.0-85160682717&doi=10.2478%2Fjcbtp-2023-0016&partnerID=40&md5=fb681cc359bb2dd9d8cf1f2c9e117e72","Uniwersytet Marii Curie-Sklodowskiej w Lublinie, Lublin, Poland; Narodowy Bank Polski, Warsaw, Poland","Skibińska-Fabrowska, Ilona, Department of Insurance and Investments, Uniwersytet Marii Curie-Sklodowskiej w Lublinie, Lublin, Poland, Narodowy Bank Polski, Warsaw, Poland","The use of cashless payment instruments has been on an increase over many years now. At the same time, demand for cash has been on the rise as well and we can observe a particularly high level of growth demand for banknotes during crisis times. The increase in demand for cash known as the ""banknote paradox""is a phenomenon observed in many economies. It results from the existence of two streams of demand for cash - transactional and precautionary, and the differences in the directions of their changes from the point of view of the central bank and other entities involved in cash transactions, since it enables the optimization of cash supply management, which allows, on the one hand, to reduce the costs of cash processing and, on the other hand, to improve the effectiveness of monetary policy. This paper estimates the share of the transaction demand for cash with the aggregate demand. The strength and direction of the impact of selected macroeconomic and behavioural factors (uncertainty caused by the Global Financial Crisis and the Pandemic Crisis) on transaction and precautionary demand for cash were also assessed. A novel approach to the problem of demand for cash is based on considering the impact of macroeconomic shocks in the form of crises on the demand for cash. © 2023 Elsevier B.V., All rights reserved.","Central Bank; Crisis; Demand For Cash; Supply Of Cash","","","","","Bbva Research Madrid, (2018); Álvez, Marcelo, The Cost of Using Cash and Checks in Uruguay, Journal of Central Banking Theory and Practice, 9, 2, pp. 109-129, (2020); New England Economic Review, (1977); International Cash Conference 2017 War on Cash is there A Future for Cash, (2017); Demand for Swiss Banknotes Some New Evidence, (2019); Bis Bulletin, (2020); Bagnall, John, Consumer cash usage: A cross-country comparison with payment diary survey data∗, International Journal of Central Banking, 12, 4, pp. 1-61, (2016); Bahmani-Oskooee, Mohsen, Do exchange rate changes have symmetric or asymmetric effects on the demand for money in Turkey?, Applied Economics, 49, 42, pp. 4261-4270, (2017); Ball, Laurence M., Short-run money demand, Journal of Monetary Economics, 59, 7, pp. 622-633, (2012); Speech at the Banknote 2009 Conference, (2009)","","Sciendo","","","","","","18009581; 23369205","","","","English","Article","Final","All Open Access; Gold Open Access","Scopus","2-s2.0-85160682717"
"J., Chiu, Jonathan; S.M., Davoodalhosseini, Seyed Mohammadreza; J.H., Jiang, Janet Hua; Y., Zhu, Yu","Chiu, Jonathan (35799720400); Davoodalhosseini, Seyed Mohammadreza (57209879655); Jiang, Janet Hua (23392553100); Zhu, Yu (59791417800)","35799720400; 57209879655; 23392553100; 59791417800","Bank Market Power and Central Bank Digital Currency: Theory and Quantitative Assessment","2023","Journal of Political Economy","131","5","","1213","1248","0","57","10.1086/722517","https://www.scopus.com/inward/record.uri?eid=2-s2.0-85160672225&doi=10.1086%2F722517&partnerID=40&md5=8281fe16fb3995af7bd55912b547cdf5","Banque du Canada, Ottawa, Canada; Renmin University of China, Beijing, China","Chiu, Jonathan, Banque du Canada, Ottawa, Canada; Davoodalhosseini, Seyed Mohammadreza, Banque du Canada, Ottawa, Canada; Jiang, Janet Hua, Banque du Canada, Ottawa, Canada; Zhu, Yu, Renmin University of China, Beijing, China","This paper develops a micro-founded general equilibrium model of payments to study the impact of a central bank digital currency (CBDC) on intermediation of private banks. If banks have market power in the deposit market, a CBDC can enhance competition, raising the deposit rate, expanding intermediation, and increasing output. A calibration to the US economy suggests that a CBDC can raise bank lending by 1.57% and output by 0.19%. These crowding-in effects remain robust, albeit with smaller magnitudes, after taking into account endogenous bank entry. We also assess the role of a non-interest-bearing CBDC as the use of cash declines. © 2023 Elsevier B.V., All rights reserved.","Banking; Capital Market; Central Bank; Market System; Quantitative Analysis; United States","banking; capital market; central bank; market system; quantitative analysis; United States","","","","Agur, Itai, Designing central bank digital currencies, Journal of Monetary Economics, 125, pp. 62-79, (2022); Andolfatto, David, ASSESSING THE IMPACT OF CENTRAL BANK DIGITAL CURRENCY ON PRIVATE BANKS, Economic Journal, 131, 634, pp. 525-540, (2021); Ashenfelter, Orley C., Labor market monopsony, Journal of Labor Economics, 28, 2, pp. 203-210, (2010); Barrdear, John, The macroeconomics of central bank digital currencies, Journal of Economic Dynamics and Control, 142, (2022); Benigno, Pierpaolo, Cryptocurrencies, currency competition, and the impossible trinity, Journal of International Economics, 136, (2022); Berentsen, Aleksander, Money, credit and banking, Journal of Economic Theory, 135, 1, pp. 171-195, (2007); Bis Papers, (2021); Boyd, John Hayden, The theory of bank risk taking and competition revisited, Journal of Finance, 60, 3, pp. 1329-1343, (2005); Brunnermeier, Markus K., On the equivalence of private and public money, Journal of Monetary Economics, 106, pp. 27-41, (2019); Econometrica, (1983)","","University of Chicago Press","","","","","","00223808; 1537534X","","","","English","Article","Final","All Open Access; Green Final Open Access; Green Open Access","Scopus","2-s2.0-85160672225"
"M., Noman, Muhammad; A., Maydybura, Alina; K.A., Channa, Khalil Ahmed; W., Wong, Wingkeung; B.H., Chang, Bisharat Hussain","Noman, Muhammad (58203857800); Maydybura, Alina (57202252335); Channa, Khalil Ahmed (57202684717); Wong, Wingkeung (57025339400); Chang, Bisharat Hussain (57208421115)","58203857800; 57202252335; 57202684717; 57025339400; 57208421115","Impact of cashless bank payments on economic growth: Evidence from G7 countries","2023","Advances in Decision Sciences","27","1","","1","22","0","43","10.47654/V27Y2023I1P23-42","https://www.scopus.com/inward/record.uri?eid=2-s2.0-85153968054&doi=10.47654%2FV27Y2023I1P23-42&partnerID=40&md5=4c2423e613fad8d48c31234b173abb40","Shaheed Zulfikar Ali Bhutto Institute of Science and Technology, Karachi, Karachi, Pakistan; Rochester Institute of Technology Dubai, Dubai, United Arab Emirates; Sukkur IBA University, Sukkur, Pakistan; Asia University, Taichung, Taiwan; China Medical University Shenyang, Shenyang, China","Noman, Muhammad, Department of Management, Shaheed Zulfikar Ali Bhutto Institute of Science and Technology, Karachi, Karachi, Pakistan; Maydybura, Alina, Department of Business and Management, Rochester Institute of Technology Dubai, Dubai, United Arab Emirates; Channa, Khalil Ahmed, Department of Business Administration, Sukkur IBA University, Sukkur, Pakistan; Wong, Wingkeung, Fintech & Blockchain Research Center, Asia University, Taichung, Taiwan, Department of Economics and Finance, China Medical University Shenyang, Shenyang, China; Chang, Bisharat Hussain, Department of Business Administration, Sukkur IBA University, Sukkur, Pakistan","Purpose: This paper examines the impact of cashlessbankpayments on the economic growth of G7 countries, namely Canada, Germany, Japan, France, Italy, the United Kingdom and the United States. Design/methodology/approach: The paper employed annual data from 2012 to 2020 and the latest Panel ARDL model to examine the relationshipdescribed above. Findings: The study's findings suggest that in the long run the cashless mode of payments considered in this study, which includes card & e-money, credit transfer and cheque, have a strong positive relationship withthe real GDP of G7 countries.In the short run, card & e-money and cheque payments positively and significantly affect the real GDP. Credit transfer is found to have an insignificant relationship in the short run. Originality/value: As the world is moving towards digitization and a cashless economy, the impact of cashless payments and digital finance is becoming an important topic for researchers. Further, existing literature focused only on European Countries that used traditional methodologies and provided mixed results. Therefore, this study aims to extend the existing literature in context of G7 countries by employing latest Panel ARDL model. Practical implications:This study is beneficial for policymakers, in particular, of G7 countries, as it indicates the role of digitization and cashless payments in the growth and development of the economy. © 2023 Elsevier B.V., All rights reserved.","Cashless Society; Cashlessbankpayments; Digital Finance; Economic Growth; Financial Inclusion; G7 Countries; Panel Ardl","","","","","Ali, Waheed, Revisiting the impacts of globalization, renewable energy consumption, and economic growth on environmental quality in South Asia, Advances in Decision Sciences, 26, 3, (2022); Indonesian Journal of Economics Entrepreneurship and Inno Vation, (2020); Arun, Thankom G., Financial inclusion: Policies and practices, IIMB Management Review, 27, 4, pp. 267-287, (2015); Asteriou, Dimitrios, Public debt and economic growth: panel data evidence for Asian countries, Journal of Economics and Finance, 45, 2, pp. 270-287, (2021); Public Debt and Economic Growth Nexus A Dynamic Panel Ardl Approach, (2019); Bwigenge, Sosthene, Passengers acceptance of cashless payment system for public bus transportation system in Kigali City (Rwanda), pp. 341-350, (2020); Journal of Economic Studies, (2022); Chang, Bisharat Hussain, Exchange rate response to economic policy uncertainty: evidence beyond asymmetry, Humanities and Social Sciences Communications, 9, 1, (2022); Chang, Bisharat Hussain, Do the changes in macroeconomic variables have a symmetric or asymmetric effect on stock prices? Evidence from Pakistan, South Asian Journal of Business Studies, 7, 3, pp. 312-331, (2018); Chang, Bisharat Hussain, Dynamic analysis of the relationship between stock prices and macroeconomic variables: An empirical study of Pakistan stock exchange, South Asian Journal of Business Studies, 8, 3, pp. 229-245, (2019)","","Asia University","","","","","","20903359; 20903367","","","","English","Article","Final","","Scopus","2-s2.0-85153968054"
"N.A., Abu, Nor Azman; Z., Kedah, Zulkarnain; U., Rahardja, Untung; B.E., Sibarani, Blasius Erik; S., Kosasi, Sandy; S., Dewi, Susanti; I.S., Fadli, Ihya Syihabul","Abu, Nor Azman (6506357105); Kedah, Zulkarnain (55597540600); Rahardja, Untung (57193410112); Sibarani, Blasius Erik (58820241600); Kosasi, Sandy (57189346678); Dewi, Susanti (58939647000); Fadli, Ihya Syihabul (58284935000)","6506357105; 55597540600; 57193410112; 58820241600; 57189346678; 58939647000; 58284935000","Digital Ringgit: A New Digital Currency with Traditional Attributes","2023","","","","","","","0","9","10.1109/CITSM60085.2023.10455426","https://www.scopus.com/inward/record.uri?eid=2-s2.0-85187775363&doi=10.1109%2FCITSM60085.2023.10455426&partnerID=40&md5=79016b8ebcd15b9c4466254a14cece6d","Universiti Teknikal Malaysia Melaka, Malacca, Malaysia; Genovasi University College, Kuala Lumpur, Malaysia; Universitas Raharja, Tangerang, Indonesia; Universitas Gadjah Mada, Yogyakarta, Indonesia; Universitas Raharja, Tangerang, Indonesia","Abu, Nor Azman, Faculty of ICT, Universiti Teknikal Malaysia Melaka, Malacca, Malaysia; Kedah, Zulkarnain, Academic Facilitator, Genovasi University College, Kuala Lumpur, Malaysia; Rahardja, Untung, Department of Information Systems, Universitas Raharja, Tangerang, Indonesia; Sibarani, Blasius Erik, Faculty of Economics and Business, Universitas Gadjah Mada, Yogyakarta, Indonesia; Kosasi, Sandy, ; Dewi, Susanti, Magister of Information Technology, Universitas Raharja, Tangerang, Indonesia; Fadli, Ihya Syihabul, Department of Information Systems, Universitas Raharja, Tangerang, Indonesia","The development of central bank digital currencies (CBDCs) is underway around the world. They are essential for modernizing the national financial network. While most countries are calling for proof of concept for CBDCs, central banks have taken various approaches to designing CBDCs and are progressing their research and development efforts. Independence. Without CBDCs, private digital currencies will increasingly be dominated by non-financial companies. The appeal and instant recognition of paper money has been established for over 100 years. It is designed to have the appearance of a sovereign currency. Even if there is a serial number written on it, the carrier is still considered the owner without any conditions. Launching a CBDC poses some major challenges. The first technical challenge was to provide an offline device for trading digital currencies. The second technical challenge is called the double spending problem. The third technical challenge is measuring and controlling the velocity of money flow in digital transactions. This project will propose and develop a digital ringgit in light of these challenges. A digital Malaysian ringgit (DRM) note can be uniquely assigned to multiple session numbers. Here there is a need for a blockchain on the digital ringgit. Digital currency initiatives will bring significant benefits to developing economies; hence the cashless system will be useful in the fight against corruption and money laundering. Eventually, the digital ringgit will provide a control mechanism to a central bank, such as Bank Negara Malaysia, on its monetary velocity and growth of electronic money in a cashless society. A digital ringgit has an enormous potential to spur a financial cycle in Malaysia. © 2024 Elsevier B.V., All rights reserved.","Blockchain; Central Bank Digital Currency (cbdc); Digital Money; Velocity Of Money; Blockchain; Finance; Block-chain; Central Bank; Central Bank Digital Currency; Digital Money; Financial Networks; Malaysia; Proof Of Concept; Research And Development; Technical Challenges; Velocity Of Money; Electronic Money","Blockchain; Finance; Block-chain; Central bank; Central bank digital currency; Digital money; Financial networks; Malaysia; Proof of concept; Research and development; Technical challenges; Velocity of money; Electronic money","","","","Imf World Bank and Bis Champion Central Bank Digital Currencies at G20; Financial Times, (2021); Central Bank Digital Currencies Get Full Bis Backing Business Reuters; Fiat Free for all Currency Creation Vs Gold and Silver Production, (2021); Self Sovereign Personal Cryptocurrencies Foundations for Grassroots Cryptoeconomy, (2022); Aptisi Transactions on Management ATM, (2023); Aptisi Trans Manag, (2023); Economy, (2020); Bank of Russia Presents Digital Ruble Concept; International Transactions on Education Technology, (2023)","","Institute of Electrical and Electronics Engineers Inc.","","11th International Conference on Cyber and IT Service Management, CITSM 2023","","Hybrid, Makassar","197876","","9798350305968","","","English","Conference paper","Final","","Scopus","2-s2.0-85187775363"
"A.D., Contrino, Angelo Davide; S.M., Ronco, Stefano Maria","Contrino, Angelo Davide (57212411133); Ronco, Stefano Maria (57195038493)","57212411133; 57195038493","Cashless Society and Central Bank Digital Currencies: Tax Aspects and Taxpayer Protection","2023","International Tax Studies","2023","6","","","","0","0","10.59403/2pcwgc4","https://www.scopus.com/inward/record.uri?eid=2-s2.0-85185674313&doi=10.59403%2F2pcwgc4&partnerID=40&md5=0ec47d3e42f76b211feea2a544c5546c","Università Bocconi, Milan, Italy; Università degli Studi di Torino, Turin, Italy","Contrino, Angelo Davide, Department of Legal Studies, Università Bocconi, Milan, Italy; Ronco, Stefano Maria, Department of Law, Università degli Studi di Torino, Turin, Italy","This study addresses the developments surrounding the emergence of societal models where the relevance of traditional means of payment, namely cash, is reduced or outright eliminated and the adoption of payment instruments relying on digital technology platforms is encouraged, the so-called “cashless society”. The path towards a cashless society implies the elimination of cash and its replacement with electronic means of payment and, in the long run, with central bank digital currencies. Questions about the effects of these developments for tax purposes have been, to date, relatively neglected. In this study, the authors will then focus on: (i) the risks for the protection of fundamental rights; (ii) the impact of the cashless society with respect to monetary policies in light of certain tax spillover effects; and (iii) the effect of this evolution toward a fully-fledged cashless society on the structure of the tax system. © 2024 Elsevier B.V., All rights reserved.","","","","","","Scarcella, Luisa, The implications of adopting a European Central Bank Digital Currency: A Tax Policy Perspective, EC Tax Review, 30, 4, pp. 177-188, (2021); Xvi Dir Prat Trib Int, (2019); Journal Articles Opinion Pieces Ibfd, (2020); Xvi Dir Prat Trib Int, (2019)","","International Bureau of Fiscal Documentation (IBFD)","","","","","","25901117","","","","English","Article","Final","","Scopus","2-s2.0-85185674313"
"E.M., Andreeva, Elena M.","Andreeva, Elena M. (57222223432)","57222223432","Central bank digital currencies: From idea to implementation; Фиатные цифровые валюты: от идеи до реализации","2023","Vestnik Sankt-Peterburgskogo Universiteta. Pravo","14","4","","1087","1104","0","0","10.21638/spbu14.2023.416","https://www.scopus.com/inward/record.uri?eid=2-s2.0-85183036646&doi=10.21638%2Fspbu14.2023.416&partnerID=40&md5=159acb769727f60cdc71776b0b8ba09c","Saint Petersburg State University, Saint Petersburg, Russian Federation","Andreeva, Elena M., Saint Petersburg State University, Saint Petersburg, Russian Federation","This publication is devoted to the study of a new financial and legal instrument central bank digital currencies (CBDC) that is had distributed worldwide. Fiat digital currencies are being issued already in some countries, in others the issue of their introduction is under discussion only. Based on the method of comparative law and other methods of scientific resurch, the author opens out the common legal features of digital currencies of various countries and their differences as well. The foreign experience made it possible for author to generate the advantages and disadvantages of the digital currencies of central banks. Among the first, the simplification of cashless payments, the reduction in the costs of making money transfers, transparency for central banks and financial supervisory authorities of operations with digital currency, an increase the level of security and safety of funds, etc. Disadvantages CBDC are the distrust of citizens in digital currencies, the inability to solve the problem of weakness and instability national currency with the help of a new digital tool, the enormous costs of the Central Bank of the Russian Federation, credit institutions of creating this system, developing special programs for clients integrated with the digital platform, the possibility of leakage of personal information, as well as full openness of information about users. The Russian practice of introducing the digital ruble has not been left without attention. The publication also touches upon some legal problems of this subject and proposes their solutions. The author, in addition to general scientific methods, primarily uses such special methods of scientific knowledge as the formal legal method, the method of comparative law, empirical methods such as collecting of the data on the distribution of digital currencies of the central banks of the world, comparative analysis of legal documents, observation. © 2024 Elsevier B.V., All rights reserved.","Central Bank Digital Currencies; Digital Platform; Digital Ruble; Digital Wallet; Fiat Currency; Financial Law; Financial System; Monetary System","","","","","undefined; Vestnik Grazhdanskogo Prava, (2022); Reuters, (2021); Finansovoe Pravo, (2018); undefined, (2022); Gaurdian, (2022); undefined, (2021); Aljazeera 10, (2021); South China Morning Post, (2022)","","Saint Petersburg State University","","","","","","20741243; 25875833","","","","Russian","Article","Final","All Open Access; Gold Open Access","Scopus","2-s2.0-85183036646"
"A., Febrianto, Andika; E.C.A.R., Siga, Ellyas C.Alviano Rani; D.M., Kristin, Desi Maya; M.R.K., Pratama, Muhammad Rafli Kana","Febrianto, Andika (58810619800); Siga, Ellyas C.Alviano Rani (58810544800); Kristin, Desi Maya (57193380899); Pratama, Muhammad Rafli Kana (58810851200)","58810619800; 58810544800; 57193380899; 58810851200","Digital Payment Adoption Research of SMEs in Emerging Countries: A Systematic Literature Review","2023","","","","","432","439","0","1","10.1109/ICIMCIS60089.2023.10349051","https://www.scopus.com/inward/record.uri?eid=2-s2.0-85182264338&doi=10.1109%2FICIMCIS60089.2023.10349051&partnerID=40&md5=ff9e18731e2282248db27354073b7c8c","Bina Nusantara University, Jakarta, Indonesia","Febrianto, Andika, Department of Information Systems, Bina Nusantara University, Jakarta, Indonesia; Siga, Ellyas C.Alviano Rani, Department of Information Systems, Bina Nusantara University, Jakarta, Indonesia; Kristin, Desi Maya, Department of Information Systems, Bina Nusantara University, Jakarta, Indonesia; Pratama, Muhammad Rafli Kana, Department of Information Systems, Bina Nusantara University, Jakarta, Indonesia","The adoption of digital payment solutions has become increasingly important as the business landscape continues to shift towards a more digital-centric environment. SMEs are the backbone of many emerging economies, contributing significantly to employment and GDP (Gross Domestic Product) [1]. Their integration into the digital payment ecosystem not only streamlines their financial operations but also enhances their competitiveness on a global scale. This abstract underlines the factors driving digital payment adoption, including the need for financial inclusion and the increasing demand for cashless transactions. It then pivots to address the core problem [2]: the glaring disparity in digital infrastructure. The primary research interest is to explore the factors influencing the adoption of digital payment methods by these SMEs, along with the challenges and opportunities they encounter. This Systematic Literature Review (SLR) uses descriptive analysis to review the factors of digital payment adoption in SMEs. Based on a search for the keyword Digital Payment Adoption of SMEs via Google Scholar yielded 2,650 studies on March 24, 2023. The search results found 88 articles. After eliminating and analyzing several titles and abstracts, 53 research articles were found suitable from 7 database sources. The result of this literature review is to look for factors affecting the adoption of digital payments in SMEs, including User Convenience, Digital Adoption, User Perspectives, and Organization Readiness. This result provides insight into the adoption of digital payment solutions among SMEs in emerging countries and the potential benefits that can be realized through their implementation. © 2024 Elsevier B.V., All rights reserved.","Adoption; Digital Payment; Literature Review; Smes; Adoption; Digital Payment; Emerging Countries; Emerging Economies; Financial Operations; Global Scale; Gross Domestic Products; Literature Reviews; Sme; Systematic Literature Review","Adoption; Digital payment; Emerging countries; Emerging economies; Financial operations; Global scale; Gross domestic products; Literature reviews; SME; Systematic literature review","","","","Msmes the Backbone of Economies and the World of Work, (2023); Digital Divide What It is and What S Being Done to Close It, (2023); Worldbank Org, (2017); Kriteria Umkm Terbaru Pp no 7 Tahun 2021, (2022); Effect of Mobile Money Transsfer Services on the Growth of Small and Medium Enterprises in Informal Sector of Nairobi County Kenya; Journal of International Conference Proceedings, (2021); Thai Business Owners Service Awareness S Risk Perception and Usefulness Perception on Digital Payment Technology, (2019); Omiss Operations Management and Information System Studies Adoption of Qris Payment System on the Intensity of Interest in Use on Micro Small and Medium Enterprises; Epra Int J Econ Bus Rev, (2019); Najib, M., Investigating the adoption of digital payment system through an extended technology acceptance model: An insight from the Indonesian small and medium enterprises, International Journal on Advanced Science, Engineering and Information Technology, 10, 4, pp. 1702-1708, (2020)","","Institute of Electrical and Electronics Engineers Inc.","","2023 International Conference on Informatics, Multimedia, Cyber and Information Systems, ICIMCIS 2023","","Virutal, Online","195520","","9798350307306","","","English","Conference paper","Final","","Scopus","2-s2.0-85182264338"
"K., Khando, Khando; M.S., Islam, M. Sirajul; S., Gao, Shang","Khando, Khando (57223121286); Islam, M. Sirajul (57225862389); Gao, Shang (57204536571)","57223121286; 57225862389; 57204536571","Factors Influencing Merchants’ Adoption of Cashless Payment Systems in Sweden","2023","Lecture Notes in Computer Science","14316 LNCS","","","372","384","0","1","10.1007/978-3-031-50040-4_27","https://www.scopus.com/inward/record.uri?eid=2-s2.0-85180549406&doi=10.1007%2F978-3-031-50040-4_27&partnerID=40&md5=bf0a7dfaddaddd7dc115c272ccc843df","Örebro University School of Business, Orebro, Sweden","Khando, Khando, Department of Informatics, Örebro University School of Business, Orebro, Sweden; Islam, M. Sirajul, Department of Informatics, Örebro University School of Business, Orebro, Sweden; Gao, Shang, Department of Informatics, Örebro University School of Business, Orebro, Sweden","Sweden is practically becoming a cashless society and possesses a clear sign of future competitiveness in cashless payment which has a wider impact on businesses and society at large. However, according to the existing research, there is a lack of comprehensive understanding of how this cashless society has shaped up and how such competitiveness can be sustained over time. There has been much research on consumer adoption of cashless payment systems, but the research on adoption by merchants is scant. Thus, considering the critical role they play in the cashless payment ecosystem, this study aims to understand the factors influencing the adoption of cashless payment systems from Swedish merchants’ perspective. The study used qualitative thematic analysis to identify seven factors: convenience, cost, trust, risks, norm, regulation, and customer preference. The findings contribute to limited knowledge of cashless payment systems in the context of Sweden and can be transferable to other countries. © 2023 Elsevier B.V., All rights reserved.","Adoption Factors; Cashless Payment Systems; Cashless Society; Swedish Merchants; Thematic Analysis; Electronic Commerce; Factor Analysis; Risk Assessment; Adoption Factors; Business And Societies; Cashless Payment System; Cashless Society; Consumer Adoptions; Payment Systems; Risk Preference; Swedish Merchant; Swedishs; Thematic Analysis; Competition","Electronic commerce; Factor analysis; Risk assessment; Adoption factors; Business and societies; Cashless payment system; Cashless society; Consumer adoptions; Payment systems; Risk preference; Swedish merchant; Swedishs; Thematic analysis; Competition","","","","Arvidsson, Niklas, Cashless society: When will merchants stop accepting cash in Sweden - a research model, Lecture Notes in Business Information Processing, 276, pp. 105-113, (2017); Fabris, Nikola, Cashless Society - The Future of Money or a Utopia?, Journal of Central Banking Theory and Practice, 8, 1, pp. 53-66, (2019); Proceedings of 15th International Marketing Trends Conference, (2016); International Journal of Accounting, (2019); Rahman, Mahfuzur, Analysing consumer adoption of cashless payment in Malaysia, Digital Business, 1, 1, (2020); Garcia-Monleon, Fernando, A value-based approach to the adoption of cryptocurrencies, Journal of Innovation and Knowledge, 8, 2, (2023); Ecosystem Assessment and Status Report, (2015); European Scientific Journal, (2017); Capgemini World Payments Report, (2020); International Journal of Social Political and Economic Research, (2020)","Janssen, M.; Matheus, R.; Pinheiro, L.; Frankenberger, F.; Dwivedi, Y.K.; Pappas, I.O.; Mäntymäki, M.","Springer Science and Business Media Deutschland GmbH","","22nd IFIP WG 6.11 Conference on e-Business, e-Services and e-Society, I3E 2023","","Curitiba","305539","16113349; 03029743","9789819698936; 9789819698042; 9789819698110; 9789819698905; 9789819512324; 9783032026019; 9783032008909; 9783031915802; 9789819698141; 9783031984136","","","English","Conference paper","Final","","Scopus","2-s2.0-85180549406"
"N., Rohmalia, Nima; I.G.B., Baskara Nugraha, I. Gusti Bagus","Rohmalia, Nima (58703594400); Baskara Nugraha, I. Gusti Bagus (58148771200)","58703594400; 58148771200","Designing a Central Bank Digital Currency (CBDC) Retail Model as a Payment System","2023","","","","","","","0","2","10.1109/ICISS59129.2023.10291775","https://www.scopus.com/inward/record.uri?eid=2-s2.0-85177430569&doi=10.1109%2FICISS59129.2023.10291775&partnerID=40&md5=0bbe0c2c9cfe9f3b21dd16fe96326f0a","Institut Teknologi Bandung, Bandung, Indonesia","Rohmalia, Nima, Institut Teknologi Bandung, Bandung, Indonesia; Baskara Nugraha, I. Gusti Bagus, Institut Teknologi Bandung, Bandung, Indonesia","Currency is the value of a currency established as a valid means of payment in a country. The development of digitalization has made people accustomed to doing digital transactions by keeping physical money in bank accounts and digital wallets. This, makes banking institutions and non-bank institutions race for payment systems, debit cards, digital wallets, and digital money. Cash usage is declining significantly and can pose challenges in managing payment systems and policies. The central bank is difficult to monitor because the data is stored separately and not in one system. Then came the emergence of virtual currencies, which have a high risk because there is no official administrator overseeing them. It affects the stability of the financial system and is detrimental to society. The Central Bank is planning to introduce a new digital currency system called the Central Bank Digital Currency (CBDC). CBDC is a digital coin used to facilitate digital payments and reduce the risk of using unofficial virtual money. The research focuses on the design of a CBDC retail model that is used by the public to conduct transactions that leverage blockchain technology with the Hyperledger Fabric platform. The research proposes a business model and architecture for the blockchain network. The implementation of CBDC retail with Hyperledge Fabric responds to the challenges of the era of digitalization, which has a high level of privacy and data security. The central bank can monitor money flows and have direct access to the CBDC payment system. © 2023 Elsevier B.V., All rights reserved.","Blockchain; Cbdc; Hyperledger Fabric; Blockchain; Distributed Ledger; Sales; Bank Accounts; Bank Institution; Banking Institutions; Block-chain; Central Bank; Central Bank Digital Currency; Debit Cards; Digital Wallets; Hyperledg Fabric; Payment Systems; Electronic Money","Blockchain; Distributed ledger; Sales; Bank accounts; Bank institution; Banking institutions; Block-chain; Central bank; Central bank digital currency; Debit cards; Digital wallets; Hyperledg fabric; Payment systems; Electronic money","","","","Accenture, (2017); Dashkevich, Natalia, Blockchain Application for Central Banks: A Systematic Mapping Study, IEEE Access, 8, pp. 139918-139952, (2020); Project Garuda Navigating the Architecture of Digital Rupiah, (2022); Jurist Diction, (2025); Central Bank Digital Currency Cbdc, (2021); Internet Society, (2017); Financial System, (2017); Future is Here Project Ubin Sgd, (2017); Ijns Indonesian Journal on Networking and Security, (2015); Jae Jurnal Akuntansi Dan Ekonomi, (2021)","","Institute of Electrical and Electronics Engineers Inc.","Bluebird; et al.; IndiHealth; Lintasarta; Sevima; Tower Bersama Group (TBG)","10th International Conference on ICT for Smart Society, ICISS 2023","","Bandung","194000","","9798350339543","","","English","Conference paper","Final","","Scopus","2-s2.0-85177430569"
"A., Bhatia-Kalluri, Aditi","Bhatia-Kalluri, Aditi (57245616300)","57245616300","Fostering Adoption of Digital Payments in India for Financial Inclusion: Policies and Environment for Implementation","2023","Lecture Notes in Networks and Systems","693 LNNS","","","673","682","0","2","10.1007/978-981-99-3243-6_54","https://www.scopus.com/inward/record.uri?eid=2-s2.0-85174681954&doi=10.1007%2F978-981-99-3243-6_54&partnerID=40&md5=7de5c6287cd107686aa2c65a754bf3f2","University of Toronto, Toronto, Canada","Bhatia-Kalluri, Aditi, Faculty of Information, University of Toronto, Toronto, Canada","This paper analyses the regulations for digital payment policies that are assessed and amended based on any gaps regarding its penetration nationwide. The demonetization of the Indian banknotes led to the facilitation of various modes of digital payment. While adopting these modes, the citizens faced perils of surcharges, the inconvenience of non-real-time transactions, and stagnation of cash in the digital wallet without interest and more. Such as credit and debit cards requiring point of sale (PoS) terminals with high operational cost impeding their adoption for micro and small merchants. Hence, upon remonetization, a surge in cash usage was noticed because of the convenience of transparency it provides. The key policymakers such as the Reserve Bank of India (RBI), the Ministry of Electronics & Information Technology (MeitY), and the National Payment Corporation of India (NPCI) aim to lead India towards a less-cash society and sustain digital payment adoption. The policies and regulations around digital payments should strive to provide access to user-friendly and cost-effective financial service mobile applications to empower both merchants and consumers with a stable digital payment infrastructure. To ease the challenge for users of having to experiment and choose from various modes of digital payments, the government has mandated unified payment interface (UPI) system that consolidates the digital payment experience to promote a low-cost QR code payment acceptance solution. The paper provides policy solutions by recommending policies to ease the adoption of digital payments for the financial inclusion of every citizen and its long-term sustenance. © 2023 Elsevier B.V., All rights reserved.","Digital Policies; Financial Exclusion; Information Policies; Low-cost Payment Acceptance Solution; Electronic Money; Point Of Sale Terminals; Digital Policy; Digital Wallets; Financial Exclusion; Financial Inclusions; Information Policy; Low-cost Payment Acceptance Solution; Low-costs; Paper Analysis; Payment Policy; Real-time Transactions; Cost Effectiveness","Electronic money; Point of sale terminals; Digital policy; Digital wallets; Financial exclusion; Financial inclusions; Information policy; Low-cost payment acceptance solution; Low-costs; Paper analysis; Payment policy; Real-time transactions; Cost effectiveness","","","","undefined; undefined; undefined; undefined; undefined; Retrieved from, (2017); Indias Demonetization Spurs Digital Payment Services, (2017); undefined; undefined; Retrieved from, (2017)","Yang, X.-S.; Sherratt, R.S.; Dey, N.; Joshi, A.","Springer Science and Business Media Deutschland GmbH","","8th International Congress on Information and Communication Technology, ICICT 2023","","London","298799","23673389; 23673370","9789819652372; 9783031931055; 9789819662968; 9783031999963; 9783031950162; 9783031947698; 9783032004406; 9783031910074; 9783031926105; 9789819639410","","","English","Conference paper","Final","","Scopus","2-s2.0-85174681954"
"R., Didier, Raphaël; T., Lagoarde-Segot, Thomas","Didier, Raphaël (58633203000); Lagoarde-Segot, Thomas (17434515800)","58633203000; 17434515800","Exploring Monetary Systems","2023","","","","","89","122","0","0","10.1007/978-3-031-14232-1_4","https://www.scopus.com/inward/record.uri?eid=2-s2.0-85173377741&doi=10.1007%2F978-3-031-14232-1_4&partnerID=40&md5=84a0ac9ea902cf1720e68929ab79872e","Université de Lorraine, Nancy, France; KEDGE Business School, Talence, France","Didier, Raphaël, Université de Lorraine, Nancy, France; Lagoarde-Segot, Thomas, KEDGE Business School, Talence, France","Modern monetary system are complex social constructs. Monetary aggregates—which serve as medium exchange and as a store of value—are all denominated in a unit of account (e.g. the euro), and are classified according to their liquidity: that is, the speed with which they can be converted into cash. But what is the role of private banks in money creation and destruction? How does interbank clearing work, and why are Central Bank necessary to maintain the stability of the payment system? What are the main implications of 21st century monetary contestations (such as cryptocurrencies and local complementary currencies) for sustainability? These are some the main questions adressed in this chapter. © 2023 Elsevier B.V., All rights reserved.","","","","","","Clement Juglar, (1999); Charles Leopold Mayer, (2016); Atlantic Books, (2020); Small is Beautiful, (1973); Political Economy of Money and Finance, (1999); Peacock, Mark S., Introducing money, pp. 1-212, (2013)","","Springer International Publishing","","","","","","","9783031142314; 9783031142321","","","English","Book chapter","Final","","Scopus","2-s2.0-85173377741"
"R., Rahmawati, Rahmawati; S., Hudayah, Syarifah; A., Paminto, Ardi","Rahmawati, Rahmawati (57216370675); Hudayah, Syarifah (57202190269); Paminto, Ardi (57194433575)","57216370675; 57202190269; 57194433575","Social media, saving the food & beverages business in the COVID-19 era?","2023","Cogent Business and Management","10","3","2258637","","","0","3","10.1080/23311975.2023.2258637","https://www.scopus.com/inward/record.uri?eid=2-s2.0-85172018462&doi=10.1080%2F23311975.2023.2258637&partnerID=40&md5=1bb47ea4ed586e783257a6f627a3a7fa","Universitas Mulawarman, Samarinda, Indonesia","Rahmawati, Rahmawati, Department of Management, Universitas Mulawarman, Samarinda, Indonesia; Hudayah, Syarifah, Department of Management, Universitas Mulawarman, Samarinda, Indonesia; Paminto, Ardi, Department of Management, Universitas Mulawarman, Samarinda, Indonesia","Covid-19 has caused an economic recession, including uncertainty over the food and beverage sector. One of the layers of business that is vulnerable to pandemic attacks is cafés and restaurants. In early 2020–2022, many café and restaurant businesses have been closed as a series of polemics that have resulted in operational cost losses. At the same time, the government issued regulations related to tightening regional quarantines. Automatically, these rules stimulate a toward in reforming innovation. Based on shifts in consumer behavior since the pandemic, this paper is dedicated to investigating the effects of product delivery innovation (PDI), cashless payments (CP), and social media engagement (SME) on marketing performance (MP). The object of this study is oriented towards 146 cafés and restaurants spread across many major cities in Indonesia. The online survey is centered on café and restaurant management. Systematics and data interpretation via SEM-PLS. The empirical output proves that product delivery innovation and cashless payments have no impact on marketing performance. Uniquely, social media engagement actually has an impact on marketing performance. Besides that, product delivery innovation and cashless payments through social media engagement have an impact on marketing performance. The emergence of COVID-19 in Indonesia shows that social media trends can develop a harmonious relationship between producers and customers. Going forward, the findings of this study have the obsession of promoting a more complex literary lens. © 2023 Elsevier B.V., All rights reserved.","Cashless Payment; Food And Beverages; Marketing Performance; Product Delivery Innovation; Social Media Engagement","","","","This research received internal financial assistance from the Faculty of Economics and Business–Universitas Mulawarman as stated in ”Decree of the Rector of Universitas Mulawarman Number: 2090/UN17/HK.02.03/2022 dated 30 June 2022 We appreciate anonymous reviewers who leave constructive comments. The authors are solely responsible for the questionnaire data and sections in this paper.","European Journal of Business Management and Research, (2022); International Journal of Management and Business Studies, (2025); Abdallah Alalwan, Ali Abdallah, Mobile food ordering apps: An empirical study of the factors affecting customer e-satisfaction and continued intention to reuse, International Journal of Information Management, 50, pp. 28-44, (2020); Al-Hattami, Hamood Mohammed, Determinants of interaction intention to purchase online in less developed countries: The moderating role of technology infrastructure, Cogent Social Sciences, 9, 1, (2023); Al-Hattami, Hamood Mohammed, Determinants of intention to continue usage of online shopping under a pandemic: COVID-19, Cogent Business and Management, 8, 1, (2021); Al Jabri, Madhad Ali Said, Enhancing Products Delivery Through the Application of Innovative Operating Model Based on Hybrid Agile Delivery Method: Case Information Communication Technologies “ICT” Service Providers, Lecture Notes in Civil Engineering, 320 LNCE, pp. 35-46, (2023); Almaqtari, Faozi A., The moderating role of information technology governance in the relationship between board characteristics and continuity management during the Covid-19 pandemic in an emerging economy, Humanities and Social Sciences Communications, 10, 1, (2023); International Journal of Entrepreneurship, (2021); Ambler, Tim F.J., Measures of marketing success, Journal of Marketing Management, 13, 7, pp. 665-678, (1997); Open Journal of Business and Management, (2018)","","Cogent OA","","","","","","23311975","","","","English","Article","Final","All Open Access; Gold Open Access; Green Final Open Access; Green Open Access","Scopus","2-s2.0-85172018462"
"D., Torre, Dominique; Q., Xu, Qing","Torre, Dominique (7101601649); Xu, Qing (59870417900)","7101601649; 59870417900","Central Bank Digital Currencies in the Post-pandemic Era","2023","","","","","34","52","0","2","10.4324/9781003323280-4","https://www.scopus.com/inward/record.uri?eid=2-s2.0-85168858974&doi=10.4324%2F9781003323280-4&partnerID=40&md5=4bc7eb1107f61eafa6222c20cd5b8350","Université Catholique de Lille, Lille, France","Torre, Dominique, ; Xu, Qing, Faculté de Gestion, Université Catholique de Lille, Lille, France","Many major central banks and peripheral institutions have scheduled the introduction of a Central Bank Digital Currency (CBDC) or researched the possible implementation of one. Some banks even engage with CBDC pilots through cross-border payment tests. Such projects mobilize advanced technologies with a reputation for security and efficiency, constituting the post-pandemic period transition to contactless and cashless currencies. This chapter aims to analyze this new phase in developing these forms of money/means of payment. In which ways do the various types of CBDCs differentiate? Which technology will make them operational? What are the motivations of central banks choosing to implementation? How to create compatibility with the time-tested model of the banking industry? How to explain some big central banks promotion of such currencies given the Federal Reserve System’s disinterest?. © 2023 Elsevier B.V., All rights reserved.","","","","","","Allen, Franklin, Fintech, Cryptocurrencies, and CBDC: Financial Structural Transformation in China, Journal of International Money and Finance, 124, (2022); Cohen, Benjamin J., The Future of Money, pp. 1-294, (2018); Aráuz, Andrés Fernández, Dinero Electrónico: The rise and fall of Ecuador's central bank digital currency, Latin American Journal of Central Banking, 2, 2, (2021); A Unified Framework for Cbdc Design Remuneration Collateral Haircuts and Quantity Constraints, (2021); Central Bank Digital Currency Tracker, (2022); Bis Quarterly Review, (2020); Central Bank Digital Currencies Motives Economic Implications and the Research Frontier, (2021); Aysan, Ahmet Faruk, China's transition to a digital currency does it threaten dollarization?, Asia and the Global Economy, 2, 1, (2022); Blockchain Consensus Mechanisms A Primer for Supervisors, (2022); Central Bank Digital Currency, (2025)","","Taylor and Francis","","","","","","","9781000935790; 9781032346700","","","English","Book chapter","Final","All Open Access; Green Accepted Open Access; Green Open Access","Scopus","2-s2.0-85168858974"
"R., Kumar, Ranjan; M., Shrestha, Maheshwor","Kumar, Ranjan (58532096900); Shrestha, Maheshwor (56414415400)","58532096900; 56414415400","Impacts of Digital Payments on Socio-Economic Factors in Emerging Markets and Developing Economies","2023","","","","","147","171","0","0","10.4018/978-1-6684-6873-9.ch010","https://www.scopus.com/inward/record.uri?eid=2-s2.0-85167732327&doi=10.4018%2F978-1-6684-6873-9.ch010&partnerID=40&md5=3519eb5d0bf56401891c2ac23be730dd","Asian Institute of Technology Thailand, Khlong Luang, Thailand","Kumar, Ranjan, Asian Institute of Technology Thailand, Khlong Luang, Thailand; Shrestha, Maheshwor, Asian Institute of Technology Thailand, Khlong Luang, Thailand","Digital payments are increasingly becoming popular worldwide, especially in underdeveloped and developing countries, despite the challenges these countries face regarding required infrastructure and digital literacy. Digital payments have emerged as an important tool for governments to distribute the funds for social welfare schemes to their citizens directly in their accounts with zero corruption and delays. Socio-financial inclusion of society’s deprived and marginalized section is another advantage of digital payments. Having access to transaction accounts, credit, savings products, and insurance helps the poor raise their incomes and become more resilient. Paperless and cashless transactions are a huge advantage of digital payments. This chapter aims to discuss the impacts of digital payments on the socio-economic factors in emerging markets and developing economies. In addition, it highlights the solution and recommendations for policymakers. © 2023 Elsevier B.V., All rights reserved.","","","","","","Akter, Shahriar, How does value co-creation transform quality of life at the bottom of the pyramid?, Journal of Marketing Management, 37, 9-10, pp. 962-992, (2021); Al-Okaily, Manaf, The Determinants of Digital Payment Systems’ Acceptance under Cultural Orientation Differences: The Case of Uncertainty Avoidance, Technology in Society, 63, (2020); International Journal of Engineering Business and Management, (2021); Bank of England Quarterly Bulletin, (2014); Alkhowaiter, Wassan Abdullah, Digital payment and banking adoption research in Gulf countries: A systematic literature review, International Journal of Information Management, 53, (2020); Allen, Franklin, The foundations of financial inclusion: Understanding ownership and use of formal accounts, Journal of Financial Intermediation, 27, pp. 1-30, (2016); Amiram, Dan, Financial reporting fraud and other forms of misconduct: a multidisciplinary review of the literature, Review of Accounting Studies, 23, 2, pp. 732-783, (2018); Business History Review, (2017); Arner, Douglas W., Sustainability, FinTech and Financial Inclusion, European Business Organization Law Review, 21, 1, pp. 7-35, (2020); Aurazo, Jose, Why people use digital payments: Evidence from micro data in Peru, Latin American Journal of Central Banking, 2, 4, (2021)","","IGI Global","","","","","","","9781668468739; 9781668468753","","","English","Book chapter","Final","","Scopus","2-s2.0-85167732327"
"F., Ahamed, Fayaz; V.K., Kumar Shukla, Vinod Kumar","Ahamed, Fayaz (57797821700); Kumar Shukla, Vinod Kumar (57208721890)","57797821700; 57208721890","The Rise of the Omani Digital Payment Sector: Trends, Adoption, and Future","2023","","","","","181","185","0","2","10.1109/ICCIKE58312.2023.10131889","https://www.scopus.com/inward/record.uri?eid=2-s2.0-85163052113&doi=10.1109%2FICCIKE58312.2023.10131889&partnerID=40&md5=e1ddd42e264aac801ed0b42cc6f2a3da","University of Technology and Applied Sciences Ibri, Ibri, Oman; Amity University Dubai, Dubai, United Arab Emirates","Ahamed, Fayaz, Department of Business Administration, University of Technology and Applied Sciences Ibri, Ibri, Oman; Kumar Shukla, Vinod Kumar, Amity University Dubai, Dubai, United Arab Emirates","In Oman, cash has traditionally been the most common form of payment. Making the switch from cash to digital payments has the potential to support and promote technological advancements and advanced electronic goods and services in numerous industries. Unbanked people can use digital payment networks to enter the world of digital finance. The Central Bank of Oman has granted licensing requests to two businesses to offer electronic payment services nationwide. The Omani e-commerce sector recorded strong growth throughout the pandemic and is anticipated to grow further due to the nation's digital transformation, the introduction of 5G telecom services, the quick adoption of digital payment methods, and the growth of vibrant online marketplaces. This article examines the current state of knowledge in the digital payments sector, particularly emphasizing the Omani economy. In this study, an attempt has been made to investigate how digital payment businesses may assist Oman's objectives for digitalization. By expanding the information and communications technology industry as an enabler for other economic sectors, Oman has achieved significant progress in creating the groundwork for a successful digital economy. Furthermore, the residents are on the verge of a dramatic transition that will usher in an era of cashless economies, with emerging technologies such as Artificial Intelligence and Analytics facilitating payment options. Our analysis concludes that Oman has correctly recognized and encouraged electronic payments technology, and an additional intensive strategy would be advantageous. The study's results will benefit the sector in recognizing the significance of digital payment services, particularly in Oman, to accomplish the objective of a digital economy. © 2023 Elsevier B.V., All rights reserved.","Digital Payments Sector; Fintech Companies; Knowledge Economy; Oman; Electric Switches; Electronic Commerce; Advanced Electronics; Digital Economy; Digital Payment Sector; Electronic Payment; Electronic Services; Fintech Company; Knowledge Economy; Oman; Payment Services; Technological Advancement; 5g Mobile Communication Systems","Electric switches; Electronic commerce; Advanced Electronics; Digital economy; Digital payment sector; Electronic payment; Electronic services; Fintech company; Knowledge economy; Oman; Payment services; Technological advancement; 5G mobile communication systems","","","","Central Bank of Oman Cbo Publications, (2022); Times of Oman, (2023); Ministry of Transport Communications and Information Technology, (2023); Oman Observer, (2023); Muscat Daily, (2023); International Trade Administration Trade Gov, (2022); Ministry of Justice, (2022); Portulans Institute, (2022); Alkhowaiter, Wassan Abdullah, Digital payment and banking adoption research in Gulf countries: A systematic literature review, International Journal of Information Management, 53, (2020); Alraja, Mansour Naser, The adoption of internet banking: Clients’ perspective in Oman, International Review of Management and Marketing, 6, 4, pp. 926-929, (2016)","Kumar, A.; Mishra, V.P.; Naranje, V.; Yadav, A.","Institute of Electrical and Electronics Engineers Inc.","","3rd IEEE International Conference on Computational Intelligence and Knowledge Economy, ICCIKE 2023","","Dubai; Amity University Dubai","189041","","9798350338263","","","English","Conference paper","Final","","Scopus","2-s2.0-85163052113"
"O.F., Alabi, Olubunmi F.; A.A., David, Amos A.","Alabi, Olubunmi F. (57678006900); David, Amos A. (57217466212)","57678006900; 57217466212","Framework for Detection of Fraud at Point of Sale on Electronic Commerce sites using Logistic Regression","2023","EAI Endorsed Transactions on Scalable Information Systems","10","2","e16","","","0","5","10.4108/eetsis.v10i2.1596","https://www.scopus.com/inward/record.uri?eid=2-s2.0-85162158320&doi=10.4108%2Feetsis.v10i2.1596&partnerID=40&md5=96809c429d01472bbf4ef8e617792fc0","African University of Science and Technology, Abuja, Nigeria; Université de Lorraine, Nancy, France","Alabi, Olubunmi F., Department of Computer Science, African University of Science and Technology, Abuja, Nigeria; David, Amos A., Department of Computer Science, Université de Lorraine, Nancy, France","Many businesses have been positively impacted by electronic commerce (ecommerce). It has enabled enterprises and consumers transact business digitally and experience diversity as long as the internet is accessible and there is a gadget to surf the internet. Several governments have gradually adopted electronic payment throughout the country. The Nigerian government has also done a lot of prodding toward the adoption of a cashless economy, which includes embracing ecommerce. As ecommerce expands, so does actual and attempted fraud through this channel. According to the Nigerian Central Bank, electronic fraud reached trillions of Naira by 2021. The purpose of this work was to employ logistic regression as a decision-making tool for detecting fraud in e-commerce platforms at either the virtual or physical point of sale. The main contribution of this research is a model developed using logistic regression for detecting fraud at the point of sale on electronic commerce platforms. The accuracy of the result is 97.8 percent. The result of this study will provide key decision makers in ecommerce firms with information on fraud patterns on their ecommerce platforms, this will enable them take quick actions to forestall these fraudulent attempts. Further research should be carried out using data from other developing countries. © 2023 Elsevier B.V., All rights reserved.","Decision Making; E-commerce; Fraud Detection; Logistic Regression; Point Of Sale; Crime; Developing Countries; Electronic Commerce; Logistic Regression; Central Bank; Commerce Platforms; Decision Making Tool; Decisions Makings; E- Commerces; Electronic Payment; Fraud Detection; Logistics Regressions; Nigerians; Point Of Sale; Decision Making","Crime; Developing countries; Electronic commerce; Logistic regression; Central bank; Commerce platforms; Decision making tool; Decisions makings; E- commerces; Electronic payment; Fraud detection; Logistics regressions; Nigerians; Point of sale; Decision making","","","The authors would like to express their gratitude to African University of Science and Technology. The African Development Bank provided funding for this project.","Tims 2016 International Conference; Global Cyber Executive Briefing E Commerce Online Payments, (2019); Types of Pos Systems; Proc 9th Latin American Web Congress; Maintaining A Safe Environment for Payment Cards Examining Evolving Threats Posed by Fraud, (2009); Apacs 2008 Fraud Loss Figures; Economic Impact of Cybercrime, (2018); Electronic Fraud Will Hit N6 1 Trillion by 2021 Internet, (2018); Point of Sale Transaction Hits N6 4tn Cheques Usage Up 3 9 in 2021, (2022); Jain, Yashvi, A comparative analysis of various credit card fraud detection techniques, International Journal of Recent Technology and Engineering, 7, 5, pp. 402-407, (2019)","","European Alliance for Innovation","","","","","","20329407","","","","English","Article","Final","All Open Access; Gold Open Access; Green Accepted Open Access; Green Open Access","Scopus","2-s2.0-85162158320"
"J.A., Afolabi, Joshua Adeyemi; B.U., Olanrewaju, Blessing Ufuoma","Afolabi, Joshua Adeyemi (57226284093); Olanrewaju, Blessing Ufuoma (57944682200)","57226284093; 57944682200","Cryptocurrencies and central banks' monetary policy roles","2023","International Journal of Electronic Finance","12","2","","97","116","0","4","10.1504/IJEF.2023.129912","https://www.scopus.com/inward/record.uri?eid=2-s2.0-85153620645&doi=10.1504%2FIJEF.2023.129912&partnerID=40&md5=66d5dfe53d35e8bfef312eac165a3a1a","Nigerian Institute of Social and Economic Research, Ibadan, Nigeria; Nigerian Institute of Social and Economic Research, Ibadan, Nigeria","Afolabi, Joshua Adeyemi, Innovation and Technology Policy Department, Nigerian Institute of Social and Economic Research, Ibadan, Nigeria; Olanrewaju, Blessing Ufuoma, Economics and Business Policy Department, Nigerian Institute of Social and Economic Research, Ibadan, Nigeria","The advent of cryptocurrencies has tremendously revolutionised the global financial system, facilitating borderless and seamless financial transactions. However, the high volatility in the value of cryptocurrencies, its decentralised network and lack of formal regulation pose severe threats to the monetary policy role of central banks. Hence, this study explored the dynamics of cryptocurrencies and how it affects the monetary policy roles of central banks. The study showed that cryptocurrencies help foster the actualisation of cashless economies and seamless international transactions but its lack of international coordination has continued to undermine tapping optimally into its inherent benefits. Therefore, this study emphasised the imperativeness of central bank digital currencies (CBDCs) for effective financial sector regulation and protection of users of this financial innovation. This would broaden the central banks' horizon and expand their capacities to harness the potential of this novel financial innovation for the effective administration of conventional and unconventional monetary policies. © 2023 Elsevier B.V., All rights reserved.","Blockchain Technology; Central Bank; Cryptocurrency; Global Financial System; Monetary Policy","","","","","Afolabi, Joshua Adeyemi, Financial Development, Trade Openness, and Economic Growth in Nigeria, Iranian Economic Review, 26, 1, pp. 237-254, (2022); Ammous, Saifedean, Can cryptocurrencies fulfil the functions of money?, Quarterly Review of Economics and Finance, 70, pp. 38-51, (2018); Bis Quarterly Review, (2020); Central Bank Digital Currency, (2025); Baur, Dirk G., Bitcoin: Medium of exchange or speculative assets?, Journal of International Financial Markets, Institutions and Money, 54, pp. 177-189, (2018); Monetary Policy in A World of Cryptocurrencies, (2019); Berentsen, Aleksander, The case for central bank electronic money and the non-case for central bank cryptocurrencies, Federal Reserve Bank of St. Louis Review, 100, 2, pp. 97-106, (2018); Böhme, Rainer, Bitcoin: Economics, technology, and governance, Journal of Economic Perspectives, 29, 2, pp. 213-238, (2015); Bolaji, Morolake, The imperative of research and development in Nigeria: Lessons from the COVID-19 pandemic, International Journal of Technological Learning, Innovation and Development, 13, 2, pp. 168-189, (2021); Where Cash is Still King, (2019)","","Inderscience Publishers","","","","","","17460077; 17460069","","","","English","Article","Final","","Scopus","2-s2.0-85153620645"
"S., Lee, Seunghyeon; J., Lee, Jae-won; W., Park, Woongyong","Lee, Seunghyeon (57344465500); Lee, Jae-won (55865672800); Park, Woongyong (55274550300)","57344465500; 55865672800; 55274550300","CBDC and its Implications for Reserve Markets and Central Bank Balance Sheets","2023","Journal of Economic Theory and Econometrics","34","1","","84","117","0","0","","https://www.scopus.com/inward/record.uri?eid=2-s2.0-85153492996&partnerID=40&md5=57c8ddb061b06cb6dbabaf5f949ec26c","Bank of Korea, Seoul, South Korea; Seoul National University, Seoul, South Korea","Lee, Seunghyeon, Economic Research Institute, Bank of Korea, Seoul, South Korea; Lee, Jae-won, Department of Economics, Seoul National University, Seoul, South Korea; Park, Woongyong, Department of Economics, Seoul National University, Seoul, South Korea","The introduction of CBDC is expected to make extensive changes to the financial markets, the financial industries, and the composition of short-term assets held by the private sector, thereby affecting the implementation and the transmission mechanism of monetary policy. In this regard, this paper an-alyzes the impact of CBDC introduction on the reserve market, central bank balance sheet, and seigniorage, with the aim to contribute to stable and secure policy operations. Rather than building a new general equilibrium model that structurally reflects CBDC demand, we evaluate and investigate the effects of the introduction by realistically expanding a simple money multiplier model to enable intuitive scenario-based analyses. © 2023 Elsevier B.V., All rights reserved.","Central Bank Balance Sheet; Central Bank Digital Currency (cbdc); Money Demand; Open Market Operation; Reserve Market","","","","*We thank the editor and two anonymous referees for their invaluable comments and suggestions. This work was supported by the Bank of Korea. †Economic Research Institute, Bank of Korea, Tel: 02-759-5447, Email address: se-unghyeon.lee@bok.or.kr ‡Department of Economics, Seoul National University, Tel: 02-880-6368, Email address: jwlee7@snu.ac.kr §Department of Economics, Seoul National University, Tel: 02-880-2295, Email address: woongyong.park@snu.ac.kr","Andolfatto, David, ASSESSING THE IMPACT OF CENTRAL BANK DIGITAL CURRENCY ON PRIVATE BANKS, Economic Journal, 131, 634, pp. 525-540, (2021); Digital Money and Central Banks Balance Sheet, (2022); Journal of Economic Literature, (1989); Brunnermeier, Markus K., On the equivalence of private and public money, Journal of Monetary Economics, 106, pp. 27-41, (2019); Central Bank Digital Currencies Financial Stability Implications, (2021); Central Bank Digital Currencies System Design and Interoperability, (2021); Central Bank Digital Currency, (2025); Money and Payments the U S Dollar in the Age of Digital Transformation, (2022); Feds Notes, (2020); Central Bank Digital Currency and Privacy A Randomized Survey Experiment, (2023)","","Korean Econometric Society","","","","","","12292893","","","","English","Article","Final","","Scopus","2-s2.0-85153492996"
"Y., Bublyk, Yevhen; Y., Shapoval, Yuliia; O., Shpanel-Yukhta, Oleksii; S., Brus, Svitlana","Bublyk, Yevhen (57209207983); Shapoval, Yuliia (57209218282); Shpanel-Yukhta, Oleksii (57224115311); Brus, Svitlana (57209213766)","57209207983; 57209218282; 57224115311; 57209213766","EFFECT OF FINANCIAL ACCESS ON CASHLESS ECONOMY: THE CASE OF UKRAINE","2023","Banks and Bank Systems","18","1","","91","102","0","3","10.21511/bbs.18(1).2023.08","https://www.scopus.com/inward/record.uri?eid=2-s2.0-85149023417&doi=10.21511%2Fbbs.18%281%29.2023.08&partnerID=40&md5=7e223e05c778ed4615e824280f872e6c","National Academy of Sciences of Ukraine, Kyiv, Ukraine","Bublyk, Yevhen, Department of Monetary Relations, National Academy of Sciences of Ukraine, Kyiv, Ukraine; Shapoval, Yuliia, Department of Monetary Relations, National Academy of Sciences of Ukraine, Kyiv, Ukraine; Shpanel-Yukhta, Oleksii, Department of Monetary Relations, National Academy of Sciences of Ukraine, Kyiv, Ukraine; Brus, Svitlana, Department of Monetary Relations, National Academy of Sciences of Ukraine, Kyiv, Ukraine","The pandemic and wartime in Ukraine confirmed the importance of cashless payments for financial stability. The purpose of the paper is to examine the effect of technological infrastructure and financial access factors on cashless economy development. The impact of the infrastructure factor is assessed in case of Ukraine, using NBU’s data on payment infrastructure during 2001–2022. The hypothesis of the boosting effect of financial access towards a cashless economy has been tested using the method of correlation between M0/M3 and different indicators of financial access (usage of essential technologies, financial services) based on data of World Bank, IMF, and Triple-A in 2021. The study’s results show that globally there is an almost linear relationship between the number of open financial accounts and the increase in the level of cashless (0.954). It is also revealed that the rise of the share of the population making electronic payments decreases the share of cash in the economy. It is determined that the spread of the crypto-assets has a significant impact on the reduction of cash in the economy (an increase in the share of the population operating with cryptocurrencies by 1% reduces the share of cash by 0.5%). Regarding regulatory policies, it is proposed to stimulate the coverage of the population with open financial accounts, making mandatory payments with electronic payment systems and developing their infrastructure. © 2023 Elsevier B.V., All rights reserved.","Banks; Electronic Money; Fintech; Monetary Policy; Payment System","","","","The paper was funded as part of the “Determination of institutional conditions for the development of the exchange segment of the gas market” research project (No. 0122U002205), conducted at the State Institution “Institute for Economics and Forecasting of the NAS of Ukraine”.","Allen, Franklin, Improving Access to Banking: Evidence from Kenya, Review of Finance, 25, 2, pp. 403-447, (2021); Anderloni, Luisa, New frontiers in banking services: Emerging needs and tailored products for untapped markets, pp. 1-377, (2007); Simplice, Asongu Anutechia, Information asymmetry, financialization, and financial access, International Finance, 21, 3, pp. 297-315, (2018); Batiz-Lazo, Bernardo, Origins of the modern concept of a cashless society, 1950s-1970s, pp. 95-106, (2016); Beck, Thorsten, The basic analytics of access to financial services, Financial Markets, Institutions and Instruments, 16, 2, pp. 79-117, (2007); Beck, Thorsten, Payment instruments, finance and development, Journal of Development Economics, 133, pp. 162-186, (2018); undefined, (2022); Economy and Forecasting, (2016); Scientific Notes of Ostroh Academy National University Series Economics, (2014); International Journal of Business Management Research Ijbmr, (2018)","","LLC CPC Business Perspectives","","","","","","18167403; 19917074","","","","English","Article","Final","All Open Access; Gold Open Access","Scopus","2-s2.0-85149023417"
"K., Khando, Khando; M.S., Islam, M. Sirajul; S., Gao, Shang","Khando, Khando (57223121286); Islam, M. Sirajul (57225862389); Gao, Shang (57204536571)","57223121286; 57225862389; 57204536571","The Emerging Technologies of Digital Payments and Associated Challenges: A Systematic Literature Review","2023","Future Internet","15","1","21","","","0","55","10.3390/fi15010021","https://www.scopus.com/inward/record.uri?eid=2-s2.0-85146796685&doi=10.3390%2Ffi15010021&partnerID=40&md5=090ef947a3a78ee575d54fcd77bb5959","Örebro University School of Business, Orebro, Sweden","Khando, Khando, Department of Informatics, Örebro University School of Business, Orebro, Sweden; Islam, M. Sirajul, Department of Informatics, Örebro University School of Business, Orebro, Sweden; Gao, Shang, Department of Informatics, Örebro University School of Business, Orebro, Sweden","The interplay between finance and technology with the use of the internet triggered the emergence of digital payment technologies. Such technological innovation in the payment industry is the foundation for financial inclusion. However, despite the continuous progress and potential of moving the payment landscape towards digital payments and connecting the population to the ubiquitous digital environment, some critical issues need to be addressed to achieve a more harmonious inclusive and sustainable cashless society. The study aims to provide a comprehensive literature review on the emerging digital payment technologies and associated challenges. By systematically reviewing existing empirical studies, this study puts forward the state-of-the-art classification of digital payment technologies and presents four categories of digital payment technologies: card payment, e-payment, mobile payment and cryptocurrencies. Subsequently, the paper presents the key challenges in digital payment technologies categorized into broad themes: social, economic, technical, awareness and legal. The classification and categorization of payment technologies and associated challenges can be useful to both researchers and practitioners to understand, elucidate and develop a coherent digital payment strategy. © 2023 Elsevier B.V., All rights reserved.","Card Payment; Challenges; Cryptocurrency; Digital Payment System; Digital Payment Technology; E-payment; Mobile Payment; Systematic Review; Global System For Mobile Communications; Card Payments; Challenge; Digital Payment System; Digital Payment Technology; E-payments; Emerging Technologies; Mobile Payment; Payment Systems; Systematic Literature Review; Systematic Review; Electronic Money","Global system for mobile communications; Card payments; Challenge; Digital payment system; Digital payment technology; E-payments; Emerging technologies; Mobile payment; Payment systems; Systematic literature review; Systematic Review; Electronic money","","","","Borzenko, Olena O., Problems and risks of digital technologies introduction into e-payments, Transformations in Business and Economics, 14, 1, pp. 225-235, (2015); International Journal of Emerging Technology and Advanced Engineering, (2015); 2020 World Payments Report Transforming into Digital Masters in the Next Normal World Payments Report 2020; 2021 Digital Payments Report Statista Digital Market Outlook, (2021); Khando, Khando, FACTORS SHAPING THE CASHLESS PAYMENT ECOSYSTEM: UNDERSTANDING THE ROLE OF PARTICIPATING ACTORS, pp. 161-186, (2022); 2 May 2018 Digital Payments Economic Growth Video Youtube; Goodell, Geoffrey, A digital currency architecture for privacy and owner-custodianship, Future Internet, 13, 5, (2021); Akanfe, Oluwafemi O., Assessing country-level privacy risk for digital payment systems, Computers and Security, 99, (2020); International Journal for Research in Management and Pharmacy, (2013); ICT Strategic Review, (2010)","","MDPI","","","","","","19995903","","","","English","Review","Final","All Open Access; Gold Open Access","Scopus","2-s2.0-85146796685"
"S.R., Moiseev, Sergey R.","Moiseev, Sergey R. (57197759109)","57197759109","Monetary aggregation: Concept, critics and modern alternatives","2023","Voprosy Ekonomiki","2023","1","","26","44","0","0","10.32609/0042-8736-2023-1-26-44","https://www.scopus.com/inward/record.uri?eid=2-s2.0-85145984898&doi=10.32609%2F0042-8736-2023-1-26-44&partnerID=40&md5=a637d9d1126da4af2519b21e42570e28","Bank of Russia, Moscow, Russian Federation","Moiseev, Sergey R., Bank of Russia, Moscow, Russian Federation","The concept of monetary aggregates has always followed changes in monetary policy. Its development reflects the victories and mistakes of monetary authorities. Although they played the roles of operational and intermediate targets in the past, today they are used in the analysis of the banking sector and financial stability. Some economists believe that broad monetary aggregates such as Divisia help explain macroeconomic dynamics and should be included in the central bank’s interest rate decision rules. In addition, functional monetary aggregates are proposed as an alternative, behind which there are complex calcu-lations. In the near future, the introduction of central bank digital currencies must lead to a redefinition of the monetary base and simple aggregates. © 2023 Elsevier B.V., All rights reserved.","Aggregation; Central Bank; Flexible Functional Forms; Index Numbers; Monetary Aggregates; Monetary Policy","","","","","Consumer Price Index Manual Theory and Practice, (2007); Finansovaya Analitika Problemy I Resheniya, (2008); Barnett, William A., Economic monetary aggregates an application of index number and aggregation theory, Journal of Econometrics, 14, 1, pp. 11-48, (1980); Barnett, William A., Is money demand really unstable? Evidence from Divisia monetary aggregates, Economic Analysis and Policy, 74, pp. 606-622, (2022); Theory of Monetary Aggregation, (2000); Belongia, Michael T., Interest Rates and Money in the Measurement of Monetary Policy, Journal of Business and Economic Statistics, 33, 2, pp. 255-269, (2015); Role of Money, (2008); American Economic Review, (1975); Federal Reserve Bank of St Louis Review, (1994); Supply and Control of Money in the United States, (1934)","","Russian Presidental Academy of National Economy and Public Administration","","","","","","00428736","","","","Russian","Article","Final","","Scopus","2-s2.0-85145984898"
"A., Thommandru, Abhishek; B., Chakka, Benarji","Thommandru, Abhishek (57703914700); Chakka, Benarji (57703681400)","57703914700; 57703681400","The Globalization of Cashless Transactions Using Blockchain Technology to Preventing Money Laundering and the Changing Trends in the Cryptocurrency Market: A Learning Experience of Polish and EU Laws","2022","European Studies: The Review of European Law, Economics and Politics","9","2","","213","233","0","2","10.2478/eustu-2022-0021","https://www.scopus.com/inward/record.uri?eid=2-s2.0-85152707948&doi=10.2478%2Feustu-2022-0021&partnerID=40&md5=088486c6a3a5c503c3e1e02b8e52b5f3","VIT-AP University, Amaravati, India","Thommandru, Abhishek, VIT-AP University, Amaravati, India; Chakka, Benarji, VIT-AP University, Amaravati, India","Summary The COVID-19 pandemic experience has driven us to rely on technology so much on the development and expansion of technology, including cashless transactions. Criminal groups may become more interested in electronic payments and virtual currencies because of increased traffic in these areas. When comparing the second half of the 2019 to the first half of the 2020, the number of fraudulent card transactions increased by 11.4%. New developments in virtual currency trading regulations, including the digital finance package, which includes, among other things, a draught regulation from the European Parliament and an amended act to combat money laundering and terrorist financing, among others. For the reasons stated above, these regulations may lead to a virtual currency market collapse and the withdrawal of investors and the siphoning of money into Asian markets as a result. The current regulations are a manifestation of total regulation and do not encourage technological advancement. © 2023 Elsevier B.V., All rights reserved.","Aml; Counteracting; Ctf; Fintech; Knf (pfsa); Mica Regulation; Money Laundering; Regtech","","","","","Martin, Antoine, Endogenous multiple currencies, Journal of Money, Credit and Banking, 38, 1, pp. 245-262, (2006); Maurer, Bill, Data-mining for development? Poverty, payment, and platform, pp. 126-143, (2015); Maurer, Bill, Alternative globalizations: Community and conflict in New Cultures of Finance, PoLAR: Political and Legal Anthropology Review, 23, 1, pp. 155-172, (2000); Business Lawyer, (2013); Mosakowski, Elaine M., The Global Configuration of a Speculative Trading Operation: An Empirical Study of Foreign Exchange Trading, Organization Science, 10, 4, pp. 401-423, (1999); Satanic Purses Money Myth and Misinformation in the War on Terror, (2006); Business Lawyer, (1978); Tax Lawyer, (1983); O'Malley, Pat T., Simulated justice: Risk, money and telemetric policing, British Journal of Criminology, 50, 5, pp. 795-807, (2010); Park, Y. S., Currency Swaps As a Long-Term International Financing Technique, Journal of International Business Studies, 15, 3, pp. 47-54, (1984)","","Sciendo","","","","","","24646695; 18058809","","","","English","Article","Final","All Open Access; Hybrid Gold Open Access","Scopus","2-s2.0-85152707948"
"J., Srouji, Jeremy; D., Torre, Dominique","Srouji, Jeremy (58030305500); Torre, Dominique (7101601649)","58030305500; 7101601649","The Global Pandemic, Laboratory of the Cashless Economy?","2022","International Journal of Financial Studies","10","4","109","","","0","4","10.3390/ijfs10040109","https://www.scopus.com/inward/record.uri?eid=2-s2.0-85144640541&doi=10.3390%2Fijfs10040109&partnerID=40&md5=e94331b415d6b833e6ab4a7db1fa1756","International Institute of Social Studies, The Hague, Netherlands; Groupe de Recherche en Droit, Économie et Gestion, Sophia Antipolis, France","Srouji, Jeremy, International Institute of Social Studies, The Hague, Netherlands, Groupe de Recherche en Droit, Économie et Gestion, Sophia Antipolis, France; Torre, Dominique, Groupe de Recherche en Droit, Économie et Gestion, Sophia Antipolis, France","The COVID-19 pandemic has had a profound impact on payment systems and preferences around the world, reducing the use of cash in favor of digital payment instruments and accelerating the discussion around the need for a central bank digital currency. This article presents the digital payments and cashless agenda before and after the pandemic, focusing on how the changing payments landscape has influenced the priorities and decisions of regulators, banks and other financial intermediaries, with regards to the future shape of payment systems. It finds that while the pandemic demonstrated the benefits associated with building an advanced, competitive and integrated digital payments eco-system, it has also brought to the forefront more fragmentation than convergence between payment systems in different regions of the world. © 2022 Elsevier B.V., All rights reserved.","Cashless; Central Bank Digital Currencies (cbdc); Digital Payments; E-wallets; Mobile Money; Nfc; Payment Systems","","","","The funding for this article was provided by the Development Economics research group of the International Institute of Social Studies (ISS), Erasmus University Rotterdam.","Daqar, Mohannad Abu, The role of fintech in predicting the spread of covid-19, Banks and Bank Systems, 16, 1, pp. 1-16, (2021); Should the Bank of Japan Issue A Digital Currency, (2019); Building A Cashless Society the Swedish Route to the Future of Cash Payments, (2019); Consumer Payment Choice and the Heterogeneous Impact of Indias Demonetization, (2020); Covid 19 and Cashless Paymentshas Coronavirus Changed Europeans Love of Cash, (2020); Medios De Pago Usados Durante La Pandemia, (2020); Bis Papers, (2019); Cash Remains King in Chile but Its Days could Be Numbered, (2015); Bis Quarterly Review, (2018); Le Projet Des Banques Europeennes Pour Contrer Visa Et Mastercard, (2019)","","MDPI","","","","","","22277072","","","","English","Article","Final","All Open Access; Gold Open Access; Green Final Open Access; Green Open Access","Scopus","2-s2.0-85144640541"
"D., Jain, Deepa; M.K., Dash, Manoj Kumar; K.S., Thakur, Keshav Singh","Jain, Deepa (57216459730); Dash, Manoj Kumar (57394911300); Thakur, Keshav Singh (57217017824)","57216459730; 57394911300; 57217017824","Development of research agenda on demonetization based on bibliometric visualization","2022","International Journal of Emerging Markets","17","10","","2584","2604","0","10","10.1108/IJOEM-12-2019-1085","https://www.scopus.com/inward/record.uri?eid=2-s2.0-85102519750&doi=10.1108%2FIJOEM-12-2019-1085&partnerID=40&md5=2f2ae4c3d281da9c1ab671c6853edbeb","Jiwaji University, Gwalior, India; ABV-Indian Institute of Information Technology and Management, Gwalior, India","Jain, Deepa, Jiwaji University, Gwalior, India; Dash, Manoj Kumar, ABV-Indian Institute of Information Technology and Management, Gwalior, India; Thakur, Keshav Singh, Jiwaji University, Gwalior, India","Purpose: The purpose of present study is to identify influential aspects of published literature, research streams and future research questions to set forth future research agenda based on comprehensive literature review using bibliometric and content analysis. Design/methodology/approach: The study analyzed 285 documents from the international Scopus database using bibliometric analysis and content analysis. VOSviewer software is used for bibliometric analysis. Findings: The study identified influential aspects of published literature; identified five significant research streams: (1) Demonetization and financial system, (2) Demonetization and financial technology, (3) Demonetization and financial market, (4) Demonetization and digital payment system and (5) Demonetization and governance and proposed 27 key future research questions to develop future research agenda. Practical implications: The present study makes significant contribution to the literature by providing a framework for future research. The framework provides opportunities to future researchers to explore the web of relations among five identified research streams as future research agenda. Originality/value: The present work is unique in its way of contribution, as to the best of researchers' knowledge no work was witnessed in published literature to cover demonetization in a detailed and comprehensive manner. The present study fills this gap by conducting bibliometric analysis and content analysis. The study proposed conceptual framework for demonetization characterization to understand the demonetization literature well; and also proposed framework for future researcher to be explored further. © 2022 Elsevier B.V., All rights reserved.","Bibliometric Analysis; Cashless; Citation Analysis; Demonetization; Digital","","","","On behalf of all authors, the corresponding author states that there is no conflict of interest.","Bahoo, Salman, Corruption in international business: A review and research agenda, International Business Review, 29, 4, (2020); Bahoo, Salman, Sovereign wealth funds: Past, present and future, International Review of Financial Analysis, 67, (2020); Banerjee, Sumanta, Narendra Modi, Bob Dylan and demonetisation, Economic and Political Weekly, 51, 48, pp. 21-22, (2016); Chandrasekhar, C. P., Erroneous understanding of macroeconomic challenges reliance on supply-side responses, Economic and Political Weekly, 52, 9, pp. 30-33, (2017); Chaurasia, Sushil S., Exploring the intention to use M-payment in India: Role of extrinsic motivation, intrinsic motivation and perceived demonetization regulation, Transforming Government: People, Process and Policy, 13, 3-4, pp. 276-305, (2019); Dasgupta, Dipankar, Theoretical analysis of 'demonetisation, Economic and Political Weekly, 51, 51, pp. 67-71, (2016); de Almeida, Pedro, Societal risks of the end of physical cash, Futures, 104, pp. 47-60, (2018); DeCanio, Samuel, Populism, paranoia, and the politics of free silver, Studies in American Political Development, 25, 1, pp. 1-26, (2011); Dhanraj, Swapnil, Demonetisation catastrophe, Economic and Political Weekly, 51, 51, (2016); Ghandy, Kobad, Demonetisation: One step forward, two steps back, Economic and Political Weekly, 51, 50, pp. 28-30, (2016)","","Emerald Publishing","","","","","","17468817; 17468809","","","","English","Review","Final","","Scopus","2-s2.0-85102519750"
"S., Awasthy, Sakshi; R., Misra, Rekha; S.C., Dhal, Sarat Chandra","Awasthy, Sakshi (57578174400); Misra, Rekha (57191631931); Dhal, Sarat Chandra (55602956900)","57578174400; 57191631931; 55602956900","Cash versus Digital Payment Transactions in India: Decoding the Currency Demand Paradox","2022","Reserve Bank of India Occasional Papers","43","2","","","","0","1","","https://www.scopus.com/inward/record.uri?eid=2-s2.0-85178451907&partnerID=40&md5=1e3476630aab866498430277a37281a3","Bank of India, Mumbai, India","Awasthy, Sakshi, Bank of India, Mumbai, India; Misra, Rekha, Bank of India, Mumbai, India; Dhal, Sarat Chandra, Bank of India, Mumbai, India","While the digital payments ecosystem in India has taken off, the demand for currency persists-a trend accentuated by the pandemic. The simultaneous increase in digital payments and currency in circulation might appear paradoxical, which warrants an analysis of the various motives for holding cash. Using descriptive analysis and empirical insights, this paper finds that the sustained growth in currency demand is influenced by the precautionary and store-of-value motives, while the use of cash as a payment medium continues to fall. This is indicative of the growing substitution of cash by digital payments for transactional purposes. Although income remains the dominant driver of currency demand in India, the rapid growth momentum in digital payments, combined with its statistically significant inverse association with cash, has the potential to moderate the positive income effect. © 2023 Elsevier B.V., All rights reserved.","Ardl Model; Currency In Circulation; Monetary Policy; Money Demand; Payment Paradox; Payment Systems","","","","","Its Prime Time for Real Time 2023, (2023); How do Electronic Transfers Compare Evidence from A Mobile Money Cash Transfer Experiment in Niger, (2013); Alvarez, Fernando E., Financial innovation and the transactions demand for cash, Econometrica, 77, 2, pp. 363-402, (2009); Amromin, Gene, Whither loose change? the diminishing demand for small-denomination currency, Journal of Money, Credit and Banking, 41, 2-3, pp. 315-335, (2009); Arango-Arango, Carlos A., Digital payments adoption and the demand for cash: New international evidence, Journal of Payments Strategy and Systems, 14, 4, pp. 392-410, (2020); Bank of Italy Occasional Paper, (2020); Ashworth, Jonathan P., The surprising recovery of currency usage, International Journal of Central Banking, 16, 3, pp. 239-277, (2020); Attanasio, Orazio Pedro, The demand for money, financial innovation, and the welfare cost of inflation: An analysis with household data, Journal of Political Economy, 110, 2, pp. 317-351, (2002); Speech at the Banknote 2009 Conference, (2009); Baker, Scott R., Measuring economic policy uncertainty, Quarterly Journal of Economics, 131, 4, pp. 1593-1636, (2016)","","Reserve Bank of India","","","","","","09727493","","","","English","Article","Final","","Scopus","2-s2.0-85178451907"
"F., Chen, Fuzhong; G., Jiang, Guohai","Chen, Fuzhong (35069260100); Jiang, Guohai (57211939153)","35069260100; 57211939153","The Roles of FinTech with Perceived Mediators in Consumer Financial Satisfaction with Cashless Payments","2022","Mathematics","10","19","3531","","","0","10","10.3390/math10193531","https://www.scopus.com/inward/record.uri?eid=2-s2.0-85139777336&doi=10.3390%2Fmath10193531&partnerID=40&md5=a8fac4ca675261bc943650290f4bffea","University of International Business and Economics, Beijing, China","Chen, Fuzhong, School of International Trade and Economics, University of International Business and Economics, Beijing, China; Jiang, Guohai, School of International Trade and Economics, University of International Business and Economics, Beijing, China","The purpose of this paper is to investigate the association between FinTech payments and consumer financial satisfaction with cashless payments using data from the 2017 China Household Finance Survey. This study defines computer payment and mobile terminal payment using a cell phone or pad as payments with FinTech. The results indicate that payments with FinTech are positively associated with financial satisfaction with cashless payments. Furthermore, this result holds in the eastern and central groups of China, but not in the western group, where payments with FinTech are not associated with financial satisfaction with cashless payments. Similarly, the positive association does not hold for consumers with low financial literacy. Moreover, analyses on the mediating effects imply that payments with FinTech play roles through three perceived mediators. Specifically, payments with FinTech help increase consumers’ perceived convenience and perceived popularity as well as reduce perceived risk, which eventually improves financial satisfaction with cashless payments. These findings have implications for consumer policymakers, such as improving the development of FinTech, noticing the heterogeneity in terms of location, and guiding consumers to correctly understand the risks associated with FinTech. Surrounding this issue, future studies may also explore other mediators related to psychology and expand the connotation of Fintech from payments with FinTech to lending and portfolio investments with FinTech. © 2022 Elsevier B.V., All rights reserved.","Cashless Payments; Financial Satisfaction; Fintech; Heterogeneity; Perceived Mediators","","","","This research was funded by Social Science Foundation of the Ministry of Education of China (Grant No. 16YJC790006).","Leong, Carmen, Nurturing a FinTech ecosystem: The case of a youth microloan startup in China, International Journal of Information Management, 37, 2, pp. 92-97, (2017); Fujiki, Hiroshi, The use of noncash payment methods for regular payments and the household demand for cash: evidence from Japan, Japanese Economic Review, 71, 4, pp. 719-765, (2020); Rosenberg, Arnold S., Better than cash? Global proliferation of payment cards and consumer protection policy, Columbia Journal of Transnational Law, 44, 2, pp. 520-601, (2006); Czepiel, John A., Consumer satisfaction: Concept and measurement, Journal of the Academy of Marketing Science, 5, 4, pp. 403-411, (1977); Schierz, Paul Gerhardt, Understanding consumer acceptance of mobile payment services: An empirical analysis, Electronic Commerce Research and Applications, 9, 3, pp. 209-216, (2010); Mark Sci Res Organ, (2020); Kim, Changsu, An empirical examination of factors influencing the intention to use mobile payment, Computers in Human Behavior, 26, 3, pp. 310-322, (2010); Arner, Douglas W., Sustainability, FinTech and Financial Inclusion, European Business Organization Law Review, 21, 1, pp. 7-35, (2020); Tsai, Hueiting, The influences of system usability and user satisfaction on continued Internet banking services usage intention: Empirical evidence from Taiwan, Electronic Commerce Research, 14, 2, pp. 137-169, (2014); Buchak, Greg, Fintech, regulatory arbitrage, and the rise of shadow banks, Journal of Financial Economics, 130, 3, pp. 453-483, (2018)","","MDPI","","","","","","22277390","","","","English","Article","Final","All Open Access; Gold Open Access","Scopus","2-s2.0-85139777336"
"M., Pretorius, Maurits; J., Wang, Jason; J., Buitendag, Johan","Pretorius, Maurits (57932382500); Wang, Jason (57931678900); Buitendag, Johan (57932382600)","57932382500; 57931678900; 57932382600","An overview of developments in South Africa’s pay­ments industry","2022","Journal of Payments Strategy and Systems","16","3","","318","334","0","1","","https://www.scopus.com/inward/record.uri?eid=2-s2.0-85140060144&partnerID=40&md5=ff068be7254c7666ef30c866e2a2f162","Cancer Association of South Africa, Johannesburg, South Africa","Pretorius, Maurits, Cancer Association of South Africa, Johannesburg, South Africa; Wang, Jason, Cancer Association of South Africa, Johannesburg, South Africa; Buitendag, Johan, Cancer Association of South Africa, Johannesburg, South Africa","South Africa has robust interoperable payment systems, and most adults have bank accounts. Societal realities and financial inclusion continue to play significant roles in payments. While cash remains a dominant payment method, digitisation and new payment technologies are responding to the changing demands of consumers and new regulatory requirements. As a result, South Africa continues to modernise its payment systems to comply with ISO 20022 while addressing the needs of those dependent on cash with innovative payment alternatives. This paper discusses the efforts of the payments industry to modernise the country’s national payment system to support the South African Reserve Bank’s National Payment System Vision 2025 and its goals, including financial inclusion. © 2022 Elsevier B.V., All rights reserved.","Digitisation; Financial Inclusion; Iso 20022; Nps Vision 2025; Payments Modernisation; Real-time","","","","","World Inequality Report 2022, (2022); South African Gdp Far from Pre Covid Levels Even as Recession Ends, (2020); South African Economy Still Down from Pre Pandemic Levels, (2021); 2022 Financial Sector Outlook Study Report by Genesis Analytics in Partnership with the Financial Sector Conduct Authority, (2022); South Africa Data Portal; Finscope South Africa Consumer 2021 Results Webinar, (2022); Financial Conduct Authority; Finmark Trust; Financial Inclusion Policy an Inclusive Financial Sector for all, (2020); undefined","","Henry Stewart Publications","","","","","","17501814; 17501806","","","","English","Article","Final","","Scopus","2-s2.0-85140060144"
"P., Kaczmarek, Patryk","Kaczmarek, Patryk (59427776400)","59427776400","Central Bank Digital Currency: Scenarios of Implementation and Potential Consequences for Monetary System","2022","Journal of Central Banking Theory and Practice","11","3","","137","154","0","16","10.2478/jcbtp-2022-0027","https://www.scopus.com/inward/record.uri?eid=2-s2.0-85139100054&doi=10.2478%2Fjcbtp-2022-0027&partnerID=40&md5=52f1258d9018fc238123a0b75f6d0b94","Uniwersytet Gdański, Gdansk, Poland","Kaczmarek, Patryk, Department of Banking and Finance, Uniwersytet Gdański, Gdansk, Poland","Computerization of social life enabled market participants to search for new forms of electronic payments. The share of cash in total payments is systematically decreasing, which poses the risk of being supplanted by other instruments, including cryptocurrencies. Central banks, therefore, faced the challenge of adjusting their issuing activities to the current social and market conditions, which resulted in the emergence of the concept and discussion of the introduction of digital cash. The purpose of this paper is to examine the abovementioned issues and indication of potential scenarios for the introduction of central bank digital currency with an indication of potential consequences for the banking sector. The thesis of this paper is the following statement: The emergence of digital money of the central bank may significantly change the nature of commercial banks' activities - including potentially eliminating their role in issuing cashless money. © 2022 Elsevier B.V., All rights reserved.","Cash; Central Bank Digital Currency; Central Banking; Checks; Commodity Money; Cryptocurrencies; Deposits","","","","","Journal of Entertainment Technology Law, (2020); Banco De Espana Occasional Paper no 2005, (2020); Discussion Paper, (2023); Tiered Cbdc and the Financial System, (2020); Who Should Make Kroner, (2018); Operation and Demise of the Bretton Woods System 1958 to 1971 Nber Working Paper no W23189, (2017); A Proposal for A Canadian Cbdc, (2021); New York University Journal of Legislation and Public Policy, (2019); Ssrn Electronic Journal, (2021); German Undervaluation Regime Under Bretton Woods how Germany Became the Nightmare of the World Economy, (2019)","","Sciendo","","","","","","18009581; 23369205","","","","English","Article","Final","All Open Access; Gold Open Access","Scopus","2-s2.0-85139100054"
"T., Pelagidis, Theodore; E., Kostika, Eleftheria","Pelagidis, Theodore (6603454853); Kostika, Eleftheria (54909247500)","6603454853; 54909247500","Investigating the role of central banks in the interconnection between financial markets and cryptoassets","2022","Journal of Industrial and Business Economics","49","3","","481","507","0","13","10.1007/s40812-022-00227-z","https://www.scopus.com/inward/record.uri?eid=2-s2.0-85134708751&doi=10.1007%2Fs40812-022-00227-z&partnerID=40&md5=a2e65d210d7efb108ac257b5e1253e55","Bank of Greece, Athens, Greece; University of Piraeus, Piraeus, Greece","Pelagidis, Theodore, Bank of Greece, Athens, Greece, Department of Maritime Studies, University of Piraeus, Piraeus, Greece; Kostika, Eleftheria, Bank of Greece, Athens, Greece","Over the past two years, financial markets have been heavily affected by central banks’ unconventional monetary policies, in particular quantitative easing (QE). Accommodative monetary policies have also brought interest rates down to zero and/or negative territory as a mean to stimulate business investments. The recent rise of cryptocurrencies (The terms cryptocurrencies and crypto assets are used interchangeably.) poses, in turn, urgent challenges to central banks’ efforts to face the multiple pandemic-driven unprecedented consequences. Private currencies may lead to a relatively cashless society, thereby threatening central bank monopoly of issuance, a situation in which businesses, households and financial markets could lose access to risk-free central bank money. In addition, Decentralized Finance (DeFi) promises to transform the traditional financial system into an open, permission-less and autonomous financial system. The present paper discusses the rise of digital payments across the euro area, the spread of cryptocurrency trading and the intention of the European Central Bank (ECB) to issue a central bank digital currency (CBDC). We provide evidence on the existence of cointegration between selected cryptocurrencies, stablecoins and traditional financial assets. Both the rise of digital payments and the increased popularity of cryptocurrencies can be seen as the main drivers behind the prospective issuance of the digital euro, significantly affecting financial markets and business models alike. © 2022 Elsevier B.V., All rights reserved.","Cbdc; Cointegration; Cryptocurrencies; Decentralized Finance; Digital Payments; Stableocoins","","","","","Bis Bulletin, (2021); Bis Quarterly Review, (2021); New Forms of Digital Money, (2021); Barber, Brad M., The internet and the investor, Journal of Economic Perspectives, 15, 1, pp. 41-54, (2001); Bis Quarterly Review, (2017); Berentsen, Aleksander, The case for central bank electronic money and the non-case for central bank cryptocurrencies, Federal Reserve Bank of St. Louis Review, 100, 2, pp. 97-106, (2018); Bianchi, Daniele, Cryptocurrencies as an asset class? An empirical assessment, Journal of Alternative Investments, 23, 2, pp. 162-179, (2020); Tiered Cbdc and the Financial System, (2020); 2019 State of Stablecoins, (2019); Bis Papers, (2021)","","Springer Science and Business Media Deutschland GmbH","","","","","","19724977; 03912078","","","","English","Article","Final","All Open Access; Bronze Open Access","Scopus","2-s2.0-85134708751"
"A., Golub, Aaron; A.E., Brown, Anne E.; C.E., Brakewood, Candace E.; J.H., MacArthur, John H.; S., Lee, Sangwan; A., Ziedan, Abubakr","Golub, Aaron (22950743900); Brown, Anne E. (57161547100); Brakewood, Candace E. (54912111900); MacArthur, John H. (54791300100); Lee, Sangwan (57221386212); Ziedan, Abubakr (57202577115)","22950743900; 57161547100; 54912111900; 54791300100; 57221386212; 57202577115","Equity and exclusion issues in cashless fare payment systems for public transportation","2022","Transportation Research Interdisciplinary Perspectives","15","","100628","","","0","20","10.1016/j.trip.2022.100628","https://www.scopus.com/inward/record.uri?eid=2-s2.0-85133799427&doi=10.1016%2Fj.trip.2022.100628&partnerID=40&md5=892b2532fc7e12775a6eef88610dec3c","Portland State University, Portland, United States; University of Oregon, Eugene, United States; Tickle College of Engineering, Knoxville, United States; Portland State University, Portland, United States","Golub, Aaron, Toulan School of Urban Studies and Planning, Portland State University, Portland, United States; Brown, Anne E., Public Policy, University of Oregon, Eugene, United States; Brakewood, Candace E., Tickle College of Engineering, Knoxville, United States; MacArthur, John H., Transportation Research and Education Center, Portland State University, Portland, United States; Lee, Sangwan, Toulan School of Urban Studies and Planning, Portland State University, Portland, United States; Ziedan, Abubakr, Tickle College of Engineering, Knoxville, United States","Many transit agencies in the United States plan to automate their fare collection and limit–or even eliminate–the use of cash fares, with the goals of expediting boarding, collecting data, and lowering costs. Yet about 10% of US adults lack a bank account or credit card, and many rely on restrictive cellphone data plans or do not have access to the internet or a smartphone. These riders will find it difficult to access transit in the future. This paper examines transit users’ experiences with fare technologies using a survey of riders in three cities. Our analysis reveals which riders are most at risk of being excluded, and how mitigation strategies could work to overcome barriers to cash-less transit. We find that a significant number of riders (∼30%) currently use cash on-board buses. If on-board cash fares were to be removed, a significant share of these riders appear able to switch to other options, though many imagine they will continue to use cash in some way (e.g. at retail or ticket vending machines); a small number claim they would no longer be able to ride transit if on-board cash fares were removed. Older and lower-income riders are more at risk of exclusion as they often lack access to smartphones or the internet. A significant number rely on less dependable internet sources, such as public Wi-Fi, potentially inhibiting some from using smartphone and internet-based payment systems. Findings suggest approaches to reduce the number of riders excluded from transit during fare technology adoption. © 2022 Elsevier B.V., All rights reserved.","Banking Divide; Digital Divide; Equity; Fare Payment Technology; Smartphones","","","","This project is supported by joint funding from the City of Eugene, OR, City of Gresham, OR, Lane Transit District, Eugene, Oregon, Clevor Consulting Group, RTD Denver and the National Institute for Transportation and Communities at Portland State University (NITC-RR-1268). The following students provided data collection support for this project: Grace McDonough, Claire Swearingen, Christina Winberry, Miranda Menard, Corrie Parrish, Dana Shinners, Carson States, Priya Vellaipandian, and Gareth Warr.","undefined, (2019); 2017 Fdic National Survey of Unbanked and Underbanked Households, (2022); undefined, (2010); undefined, (2011); Brakewood, Candace E., Forecasting mobile ticketing adoption on commuter rail Forecasting Mobile ticketing adoption on commuter rail, Journal of Public Transportation, 17, 1, pp. 1-19, (2014); Brakewood, Candace E., An evaluation of the benefits of mobile fare payment technology from the user and operator perspectives, Transport Policy, 93, pp. 54-66, (2020); Tcrp Synthesis 163 Considering the Unbanked in Cashless Fare Payment at Point of Service for Bus Demandresponse Services, (2022); Brown, Anne E., Redefining Car Access: Ride-Hail Travel and Use in Los Angeles, Journal of the American Planning Association, 85, 2, pp. 83-95, (2019); undefined; Brown, Anne E., Fair fares? How flat and variable fares affect transit equity in Los Angeles, Case Studies on Transport Policy, 6, 4, pp. 765-773, (2018)","","Elsevier Ltd","","","","","","25901982","","","","English","Article","Final","All Open Access; Gold Open Access","Scopus","2-s2.0-85133799427"
"G.K.S., Tan, Gordon Kuo Siong","Tan, Gordon Kuo Siong (56498452500)","56498452500","Citizens go digital: A discursive examination of digital payments in Singapore’s Smart Nation project","2022","Urban Studies","59","12","","2582","2598","0","18","10.1177/00420980211039407","https://www.scopus.com/inward/record.uri?eid=2-s2.0-85113463111&doi=10.1177%2F00420980211039407&partnerID=40&md5=7745b1e2ef2c7d74c0b96858ea71970b","Singapore University of Technology and Design, Singapore City, Singapore","Tan, Gordon Kuo Siong, Singapore University of Technology and Design, Singapore City, Singapore","The Covid-19 pandemic has accelerated digitalisation efforts in many countries as they try to contain the virus. With the physical handling of cash posing as a potential virus transmission risk, digital payments have become important in the urgent transition to a cashless society and a key feature of smart city projects. Critical analyses have typically framed smart cities as neoliberalist developmental projects that see the partnering of the state with private corporations. However, it is unclear how the smart city emerges under the technocratic inclinations of the developmental state. Focusing on the digital payments project under Singapore’s Smart Nation initiative, this paper unpacks the discursive practices employed in mobilising citizen support for electronic payments through a critical analysis of publicly available government materials and recent initiatives. The discourse surrounding digital payments is bound up in narratives surrounding economic competitiveness, technological progress and public health and safety, and strongly rooted in a technocratic governance ethos that limits genuine citizen participation in shaping smart payments technologies. This paper argues that such discursive framings represent a missed opportunity to build a smart city that is truly citizen-centric. This reorientation requires more bottom-up and grassroots-based modes of governance that reformulate smart citizenship into one that pays greater attention to the affective and social contexts behind digital technologies. © 2022 Elsevier B.V., All rights reserved.","Developmental State; Digital Payments; Governance; Infrastructure; Policy; Smart Cities; Technology; Citizenship; Critical Analysis; Governance Approach; Government; Infrastructure Planning; Policy Making; Public Health; Smart City; Virus; Singapore [southeast Asia]","citizenship; critical analysis; governance approach; government; infrastructure planning; policy making; public health; smart city; virus; Singapore [Southeast Asia]","","","","Albino, Vito, Smart cities: Definitions, dimensions, performance, and initiatives, Journal of Urban Technology, 22, 1, pp. 3-21, (2015); Straits Times, (2020); Anttiroiko, Ari Veikko, U-cities reshaping our future: Reflections on ubiquitous infrastructure as an enabler of smart urban development, AI and Society, 28, 4, pp. 491-507, (2013); Rise of the Central Bank Digital Currencies Drivers Approaches and Technologies, (2020); Barns, Sarah, Digital Infrastructures and Urban Governance, Urban Policy and Research, 35, 1, pp. 20-31, (2017); Barr, Michael D., Singapore: The limits of a technocratic approach to health care, Journal of Contemporary Asia, 38, 3, pp. 395-416, (2008); How to Define Digital Payments; Rodríguez Bolívar, Manuel Pedro, Governance in smart cities: A comparison of practitioners' perceptions and prior research, International Journal of E-Planning Research, 7, 2, pp. 1-19, (2018); Caprotti, Federico, Spaces of visibility in the smart city: Flagship urban spaces and the smart urban imaginary, Urban Studies, 56, 12, pp. 2465-2479, (2019); Caprotti, Federico, Varieties of smart urbanism in the UK: Discursive logics, the state and local urban context, Transactions of the Institute of British Geographers, 44, 3, pp. 587-601, (2019)","","SAGE Publications Ltd","","","","","","1360063X; 00420980","","","","English","Article","Final","","Scopus","2-s2.0-85113463111"
"J., Barrdear, John; M., Kumhof, Michael","Barrdear, John (57224526490); Kumhof, Michael (6507261967)","57224526490; 6507261967","The macroeconomics of central bank digital currencies","2022","Journal of Economic Dynamics and Control","142","","104148","","","0","120","10.1016/j.jedc.2021.104148","https://www.scopus.com/inward/record.uri?eid=2-s2.0-85107740207&doi=10.1016%2Fj.jedc.2021.104148&partnerID=40&md5=607d443322fbeed619f49e23c0652db3","Bank of England, London, United Kingdom","Barrdear, John, Bank of England, London, United Kingdom; Kumhof, Michael, Bank of England, London, United Kingdom","We study the macroeconomic consequences of issuing central bank digital currency (CBDC) - a universally-accessible and interest-bearing central bank liability that competes with bank deposits as medium of exchange. In a DSGE model calibrated to match the pre-2008 US, we find that CBDC issuance of 30% of GDP, against government bonds, could permanently raise GDP by 3%, due to lower real interest rates, distortionary taxes, and monetary transaction costs. Countercyclical CBDC policy rules, as a second monetary policy tool, could substantially improve the central bank's ability to stabilise the business cycle. Risks to banks can be minimized through appropriate issuance arrangements. © 2022 Elsevier B.V., All rights reserved.","Bank Lending; Banks; Blockchain; Central Bank Digital Currency; Countercyclical Policy; Distributed Ledgers; Endogenous Money; Financial Intermediation; Money Creation; Money Demand; Seigniorage","","","","The authors thank a number of policymakers, and seminar participants at Austrian National Bank, Bank for International Settlements, Bank of Canada, Bank of England, Bank Negara Malaysia, Bundesbank, Central Bank of Brasil, Central Bank of Ecuador, Central Bank of Hungary, Central Bank of Ireland, Central Bank of Lithuania, Central Bank of South Korea, Central Bank of Russia, Czech National Bank, European Central Bank, Humboldt University Berlin, Imperial College London, International Monetary Fund, National Institute of Economic and Social Research, Norges Bank, People's Bank of China, Qatar Centre at King's College, Swedish Riksbank, University College London, University of Columbia SIPA, University of Helsinki, University of Ottawa, University of Wisconsin, World Bank, the 2016 ECB-IMF Money Markets Workshop, the 2016 Reinvent Money Conference at Delft University, the 2016 AEA meetings, the 2017 Konstanz Seminar on Monetary Theory and Policy, the 2017 MMCN Conference, the 2017 Cambridge Conference for Alternative Finance, the 2017 World Finance Conference, the 2017 Annual Meetings of Verein für Socialpolitik, the 2017 OFR/Cleveland Fed Conference on Financial Stability and Fintech, the 2018 EUROFORUM Conference Bank-IT, the 2018 Alpha Trust (Athens) Conference on Money Creation, the 2018 Monetative Conference on The Future of Money, the 2018 European Blockchain Convention, the 2019 Axess Think Tank Conference on Crypto Assets Investing, the 2019 Crypto Valley Conference, the 2019 The Future of Money Conference in Stockholm, the 2019 Third Vaduz Roundtable, the 2019 ABFER-BIS-CEPR Conference on Fintech and Digital Currencies, the 2020 Symposium on the Future of Finance at Stanford GSB, the 2020 conference of Bank of Canada/Rutgers University/JEDC on The Economics of Digital Currencies, and the 2021 Warwick Business School Gillmore Centre Symposium on Central Bank Digital Currencies, for many helpful comments.","Bank of England Quarterly Bulletin, (2014); undefined, (2018); undefined, (2008); undefined, (2015); Ball, Laurence M., Another look at long-run money demand, Journal of Monetary Economics, 47, 1, pp. 31-44, (2001); undefined, (2020); undefined, (2012); Macroeconomics of Central Bank Issued Digital Currencies, (2016); American Economic Review, (1988); Esparza-Rodríguez, Saúl Alfonso, Chapter 21 The financial accelerator in a quantitative business cycle framework, Handbook of Macroeconomics, 1, PART C, pp. 1341-1393, (1999)","","Elsevier B.V.","","","","","","01651889","","JEDCD","","English","Article","Final","","Scopus","2-s2.0-85107740207"
"J., Wudkowski, Jan","Wudkowski, Jan (59527431400)","59527431400","The process of financial inclusion in the least developed countries - the opportunities and threats for socio-economic development","2022","","","","","93","116","0","0","10.7172/978-83-235-5939-9.swwz.13.5","https://www.scopus.com/inward/record.uri?eid=2-s2.0-85216022350&doi=10.7172%2F978-83-235-5939-9.swwz.13.5&partnerID=40&md5=10e833b94ab01c4d3f53505931f30ac4","Cardinal Stefan Wyszynski University in Warsaw, Warsaw, Poland","Wudkowski, Jan, Cardinal Stefan Wyszynski University in Warsaw, Warsaw, Poland","The steady and rapid expansion of cashless payments continues worldwide, including in the poorest societies. This article aims to discuss the phenomenon of financial inclusion and to show the opportunities and threats related to its implementation in the least developed countries (LDCs). The scale of socio-technological changes in the group of the poorest countries was described. It was also explained that financial inclusion is a very relevant issue for the ongoing socio-political discourse. The applied research methodology consisted of an analysis of papers and reports prepared primarily by the World Bank and by selected organisations, such as UNCTAD. The FinTech sector plays a special role in the financial inclusion process, including the LDCs. The prominent examples of financial technologies include mobile payments or algorithms that analyze the digital footprint for credit scoring purposes. The research problem discussed in this article examines a difference in perception of motives behind the promotion of financial inclusion in underdeveloped regions, which has been undertaken by numerous influential organisations, as well as various political and philanthropic groups. This could be seen as an element of the ongoing transformation of the global financial system, aimed at building debt-credit relations between the Global North and the Global South. The Conclusions section outlines a way of implementing financial inclusion in the least developed countries that would allow it to reduce its potential threats. © 2025 Elsevier B.V., All rights reserved.","Endogenous Money; Financial Globalization; Financial Inclusion; Fintech; Least Developed Countries; Mobile Money","","","","","Launch of the Africa Digital Financial Inclusion Facility, (2019); 2021 Maya Declaration Progress Report A Decade Long Journey, (2021); State of the Industry Report on Mobile Money 2021, (2021); Joint Statement of the 7th Asean Finance Ministers and Central Bank Governors Meeting, (2021); Law Democracy and Development, (2014); Members, (2022); Ruch Prawniczy Ekonomiczny I Socjologiczny, (2018); Brune, Lasse, Facilitating savings for agriculture: Field experimental evidence from Malawi, Economic Development and Cultural Change, 64, 2, pp. 187-220, (2016); Choudhury, Nafay, The Regulation of Informal Trade Credit (Ograyi) in Afghanistan, Asian Journal of Law and Society, 10, 3, pp. 347-375, (2023); Cesifo Forum, (2021)","","Wydawnictwa Uniwersytetu Warzawskiego","","","","","","","9788323559313; 9788323559399","","","Polish","Book chapter","Final","","Scopus","2-s2.0-85216022350"
"J., Yang, Jiemeng; G., Zhou, Guangyou","Yang, Jiemeng (57790095800); Zhou, Guangyou (55859034200)","57790095800; 55859034200","A study on the influence mechanism of CBDC on monetary policy: An analysis based on e-CNY","2022","PLOS ONE","17","7 July","e0268471","","","0","29","10.1371/journal.pone.0268471","https://www.scopus.com/inward/record.uri?eid=2-s2.0-85133700546&doi=10.1371%2Fjournal.pone.0268471&partnerID=40&md5=ea5c18f8880d98a9b8166f76abb7919b","Fudan University, Shanghai, China","Yang, Jiemeng, School of Economics, Fudan University, Shanghai, China; Zhou, Guangyou, School of Economics, Fudan University, Shanghai, China","This paper attempts to introduce central bank digital currency (CBDC) into the analysis framework of monetary policy, and studies the influence mechanism of e-CNY, central bank digital currency in China, on the monetary policy of the central bank from the aspects of money demand, money supply and monetary policy transmission mechanism. The research finds that e-CNY will have significant impact on monetary policy: (1) E-CNY will change the structure of money demand, speed up currency circulation, make central bank reserves more controllable and money supply more intelligent; (2) E-CNY will increase the volatility and expansion effect of currency multiplier to a certain extent; (3) E-CNY will dredge the transmission channel of monetary policy so as to improve the transmission effect of existing monetary policy tools. At the same time, based on the organic combination with structural monetary policy tools, it will achieve precise implementation of medium-term lending facilities (MLF), pledged supplementary lending (PSL), and it may bring new monetary policy tools. (4) E-CNY will make the intermediate target of monetary policy more controllable and reliable, and have a positive impact on the target of monetary policy through the smooth transmission of monetary policy channels. Therefore, it is necessary to strengthen the research on CBDC, give full play to the positive role of e-CNY in monetary policy, and improve the effectiveness of monetary policy. © 2022 Elsevier B.V., All rights reserved.","Article; China; Cryptocurrency; Velocity; Policy; Policy","article; China; cryptocurrency; velocity; policy; Policy","","","This paper is supported by the Major Program of the National Social Science Foundation of China (Grant No. 21&ZD117). The funders had no role in study design, data collection and analysis, decision to publish, or preparation of the manuscript.","Bank of England Quarterly Bulletin, (2014); Economic Analysis of the Digital Economy, (2015); Chuen, David Lee Kuo, Handbook of Digital Currency: Bitcoin, Innovation, Financial Instruments, and Big Data, pp. 1-588, (2015); Berentsen, Aleksander, A short introduction to the world of cryptocurrencies, Federal Reserve Bank of St. Louis Review, 100, 1, pp. 1-16, (2018); Scottish Economics Conference, (2018); Adrian, Tobias, The Rise of Digital Money, Annual Review of Financial Economics, 13, pp. 57-77, (2021); Mikhaylov, Alexey Yu, Development of Friedrich von Hayekʼs theory of private money and economic implications for digital currencies, Terra Economicus, 19, 1, pp. 53-62, (2021); Bis Quarterly Review, (2017); Hastings Science Technology Law Journal, (2011); Yermack, David L., Is Bitcoin a Real Currency? An Economic Appraisal, pp. 31-43, (2015)","","Public Library of Science","","","","","","19326203","","POLNC","35802595","English","Article","Final","All Open Access; Gold Open Access; Green Final Open Access; Green Open Access","Scopus","2-s2.0-85133700546"
"N., Iwashita, Naoyuki","Iwashita, Naoyuki (57604640500)","57604640500","Why Fintech Is Not Changing Japanese Banking","2022","Asian Economic Policy Review","17","2","","297","310","0","12","10.1111/aepr.12390","https://www.scopus.com/inward/record.uri?eid=2-s2.0-85128554539&doi=10.1111%2Faepr.12390&partnerID=40&md5=1cdeb5d70197adece79cd63e16321210","Kyoto University, Kyoto, Japan","Iwashita, Naoyuki, Kyoto University, Kyoto, Japan","Several years have passed since fintech first attracted attention in Japan. Although various new fintech services have emerged due to deregulation and policies to promote fintech's development and adoption, the overall composition and functioning of Japan's financial industry has not changed significantly despite fintech advances in other economies. The industry in Japan continues to be dominated by face-to-face interactions and has experienced little digitization. In Japan, sophisticated financial services were available before the widespread use of the internet, and most people have resisted conducting financial transactions using their smartphones. In addition, there has been almost no progress in digitizing accounting work in corporations. However, this stagnation in digitization on the demand side of financial services is changing for several reasons. Digitization in the government sector and the introduction of a new invoice system in 2023 will provide an opportunity for change. This time, Japan's financial services should undergo a significant digital transformation. © 2022 Elsevier B.V., All rights reserved.","Cashless Payment; Digital Divide; Digital Transformation; Financial Inclusion; Fintech; G20; G21; G28; Internet Banking","","","","","Agarwal, Sumit, FinTech, Lending and Payment Innovation: A Review, Asia-Pacific Journal of Financial Studies, 49, 3, pp. 353-367, (2020); Bis Quarterly Review, (2018); Financial Information Systems in Japan Kin Yuu Jouhou Shisutemu, (2019); Global Findex Database 2017 Measuring Financial Inclusion and the Fintech Revolution, (2018); Does Fintech Substitute for Banks Evidence from the Paycheck Protection Program, (2020); Fintech Support Desk, (2015); Report of Study Group for Review of Written Stamped Face to Face Procedures in the Financial Industry December in Japanese, (2020); Fintech Adoption and Household Risk Taking, (2020); Designing A Governance Framework for the Global Financial Systemsregulations and Promotion T20 Tf2 Policy Brief, (2019); Covid 19 and Digital Financial Inclusion in Africa, (2020)","","John Wiley and Sons Inc","","","","","","17483131; 18328105","","","","English","Review","Final","All Open Access; Green Accepted Open Access; Green Open Access","Scopus","2-s2.0-85128554539"
"M.A., Gobena, Messay Asgedom; D.G., Kebede, Daniel Gebreegziabher","Gobena, Messay Asgedom (57226571690); Kebede, Daniel Gebreegziabher (57193953071)","57226571690; 57193953071","Cash economy, criminality and cash regulation in Ethiopia","2022","Journal of Money Laundering Control","25","3","","645","655","0","4","10.1108/JMLC-06-2021-0065","https://www.scopus.com/inward/record.uri?eid=2-s2.0-85111976185&doi=10.1108%2FJMLC-06-2021-0065&partnerID=40&md5=d0ae6df6546fe95a6a6829c6b4e781df","Addis Ababa University, Addis Ababa, Ethiopia","Gobena, Messay Asgedom, Institute for Peace and Security Studies, Addis Ababa University, Addis Ababa, Ethiopia; Kebede, Daniel Gebreegziabher, Institute for Peace and Security Studies, Addis Ababa University, Addis Ababa, Ethiopia","Purpose: This paper aims to examine the contribution of Ethiopia’s cash economy to financial crimes. It also investigates the regulation of cash in the context of controlling crime stemming from the cash economy. Design/methodology/approach: This study relies on primary data generated from 20 interviewees drawn from the National Bank of Ethiopia, Ethiopian Financial Intelligence Center, selected commercial banks and law enforcement agencies and document review from government reports, media press and statutes, as well as secondary data from online and offline sources. Findings: The cash-intensive nature of Ethiopia’s economy has enabled a significant amount of cash to circulate outside of the formal financial system. This money is partly to blame for the prevalence of criminal activities such as cash hoarding, corruption and illicit financial flows. To address the threat of crime posed by the cash economy, the Ethiopian Government has taken measures such as restricting cash withdrawals from financial institutions, limiting the amount of cash individuals can hold and demonetizing the banknotes. The measures enable the banks to collect the cash circulating outside of the formal financial sector. However, the effect of these measures on reducing future criminality remains uncertain. Improving the financial inclusivity of the country, specifically expanding basic financial products to the rural areas, digitalizing the country’s payment system, raising general financial awareness and establishing a strong financial consumer protection framework would play a critical role in reducing future criminality and transforming the cash-intensive into a cashless economy. Originality/value: This paper provides a first-of-its-kind analytical perspective on the contribution of Ethiopia’s cash economy to criminal activity and the adequacy of countermeasures so far taken. © 2022 Elsevier B.V., All rights reserved.","Cash Economy; Cash Limit; Cash Regulation; Financial Crime","","","","","Ethiopia Demonetizes Banknotes to Salvage Economy, (2020); Ethiopia Benefits of Changing Bank Notes and Issues that Require Caution, (2020); Ethiopia Eprdf Developmental State and Rent Seeking, (2013); Ethiopias New Currency Notes to Choke Illicit Financial Flows, (2020); Journal of Cyber Policy, (2019); Why is cash still king? A strategic report on the use of cash by criminal groups as a facilitator for money laundering, Trends in Organized Crime, 18, 4, pp. 355-379, (2015); Money Laundering Through the Physical Transportation of Cash, (2015); Prevention and Suppression of Money Laundering and Financing of Terrorism Proclamation no 780 2013, (2013); Customs Proclamation no 859 2014, (2014); National Money Laundering and Terrorist Financing Risk Report, (2016)","","Emerald Group Holdings Ltd.","","","","","","13685201; 17587808","","","","English","Article","Final","","Scopus","2-s2.0-85111976185"
"I.M., Oehler-Şincai, Iulia Monica","Oehler-Şincai, Iulia Monica (55151556900)","55151556900","The Digital Euro Project. A Preliminary Assessment","2022","Romanian Journal of European Affairs","22","1","","50","68","0","5","","https://www.scopus.com/inward/record.uri?eid=2-s2.0-85131404385&partnerID=40&md5=d84e9d4d26da5659d589ee3b88f1c80b","Institute for World Economy of the Romanian Academy, Romania","Oehler-Şincai, Iulia Monica, Institute for World Economy of the Romanian Academy, Romania","The decrease in physical cash usage, the excessive market power of BigTech companies, the largely unregulated market of crypto assets which poses risks to financial stability, as well as the need for more financial inclusion and for lower-cost cross-border payments are just as many arguments in favour of a central bank digital currency (CBDC). However, there are as many points urging caution. In this context, the purpose of the present paper is to analyse the specificity of the potential digital euro as part of the international payments’ architecture. The European Central Bank (ECB) is focusing on the digital euro project, running the investigation phase until October 2023. The debate on the digital euro adoption is in line with the international one, but there are several distinctive aspects. Various scenarios are taken into account, starting from general principles for retail CBDCs, results of the public consultation of a digital euro, experts’ opinions regarding privacy, security, usability, costs, offline use, acceptance, potential disintermediation, standards and international implications of the digital euro. The research also outlines the relations between major actors involved, while identifying the prerequisites for a swift functioning of the Eurozone payment system with digital euro at its core. © 2025 Elsevier B.V., All rights reserved.","Central Bank Digital Currency; Digital Currencies; Digital Euro","","","","","Bigtech in Financial Services, (2021); Rise of Digital Money, (2019); Design Choices for Central Bank Digital Currency Policy and Technical Considerations, (2020); Aráuz, Andrés Fernández, Dinero Electrónico: The rise and fall of Ecuador's central bank digital currency, Latin American Journal of Central Banking, 2, 2, (2021); Bis Quarterly Review, (2020); Rise of the Central Bank Digital Currencies Drivers Approaches and Technologies, (2020); Bis Papers, (2021); Central Bank Digital Currency, (2025); Digital Euro Experiment Combined Feasibility Tiered Model, (2021); Tiered Cbdc and the Financial System, (2020)","","European Institute of Romania","","","","","","18414273; 15828271","","","","English","Article","Final","","Scopus","2-s2.0-85131404385"
"H., Chen, Hongyi; P.L., Siklos, Pierre L.","Chen, Hongyi (55933731500); Siklos, Pierre L. (7005627079)","55933731500; 7005627079","Central bank digital currency: A review and some macro-financial implications","2022","Journal of Financial Stability","60","","100985","","","0","59","10.1016/j.jfs.2022.100985","https://www.scopus.com/inward/record.uri?eid=2-s2.0-85125807378&doi=10.1016%2Fj.jfs.2022.100985&partnerID=40&md5=c691e6164795187db77fc5389ddbe90a","Hong Kong Institute for Monetary and Financial Research, Hong Kong, Hong Kong; Balsillie School of International Affairs, Waterloo, Canada","Chen, Hongyi, Hong Kong Institute for Monetary and Financial Research, Hong Kong, Hong Kong; Siklos, Pierre L., Balsillie School of International Affairs, Waterloo, Canada","Central Bank Digital Currencies (CBDC) have attracted considerable interest and its deployment on a global scale is imminent. However, CBDC face several challenges. They include: legal, technological, and political considerations. We summarize those challenges and add a few more that have not received much attention in the literature. We then focus on two forms of CBDC: a narrow version that only replaces notes and coins and a broader form with a deposit feature. The narrow CBDC is the most likely one to be first introduced. Next, relying on evidence of past episodes of financial innovation, and using cross-country data, we explore the hypothetical impact of CBDC on inflation and financial stability, based on the historical behaviour of the velocity of circulation and incorporating a CBDC's impact using McCallum's policy rule which sets the stance of monetary policy based on money growth. Our simulations suggest that CBDC need not produce higher inflation, but financial stability remains at risk. We provide some policy implications. © 2022 Elsevier B.V., All rights reserved.","Central Bank Digital Currency; Mccallum Rule; Monetary Policy; Money Demand; Velocity","","","","Funding text 1: The second author is grateful to the Hong Kong Institute for Monetary and Financial Research for a Fellowship under their Thematic Research Programme. Opinions in this paper are those of the authors and not the Hong Kong Institute for Monetary and Financial Research or the Hong Kong Monetary Authority. A separate appendix and the raw data are available from the research page found at https://sites.google.com/view/plsiklos/home . The authors are grateful to the Editor, Michael Bordo, and to three anonymous referees for comments on earlier drafts.; Funding text 2: The second author is grateful to the Hong Kong Institute for Monetary and Financial Research for a Fellowship under their Thematic Research Programme. Opinions in this paper are those of the authors and not the Hong Kong Institute for Monetary and Financial Research or the Hong Kong Monetary Authority. A separate appendix and the raw data are available from the research page found at https://sites.google.com/view/plsiklos/home. The authors are grateful to the Editor, Michael Bordo, and to three anonymous referees for comments on earlier drafts.","undefined, (2020); undefined, (2019); undefined, (2020); undefined, (2020); undefined, (1996); Bis Quarterly Review, (2020); undefined, (2021); undefined, (2020); undefined, (2013); undefined, (2020)","","Elsevier B.V.","","","","","","15723089","","","","English","Article","Final","","Scopus","2-s2.0-85125807378"
"A., Cwynar, Andrzej; B., Swiecka, Beata; K., Filipek, Kamil; R., Porzak, Robert","Cwynar, Andrzej (57194600380); Swiecka, Beata (57209328052); Filipek, Kamil (57202913853); Porzak, Robert (57208667234)","57194600380; 57209328052; 57202913853; 57208667234","Consumers' knowledge of cashless payments: Development, validation, and usability of a measurement scale","2022","Journal of Consumer Affairs","56","2","","640","665","0","12","10.1111/joca.12424","https://www.scopus.com/inward/record.uri?eid=2-s2.0-85119611866&doi=10.1111%2Fjoca.12424&partnerID=40&md5=29f520ea8b70bdc5554dfb9fb622d1c6","WSEI University, Lublin, Poland; Uniwersytet Szczecinski, Szczecin, Poland; Uniwersytet Marii Curie-Sklodowskiej w Lublinie, Lublin, Poland; WSEI University, Lublin, Poland","Cwynar, Andrzej, Institute of Public Administration and Business, WSEI University, Lublin, Poland; Swiecka, Beata, Institute of Economics and Finance, Uniwersytet Szczecinski, Szczecin, Poland; Filipek, Kamil, Department of Sociology, Uniwersytet Marii Curie-Sklodowskiej w Lublinie, Lublin, Poland; Porzak, Robert, Experimental Psychology Lab, WSEI University, Lublin, Poland","The global digital shift, recently accelerated by the COVID-19 pandemic, requires that consumers have knowledge allowing them to navigate increasingly cashless markets safely and effectively. To enable valid and reliable measurement of such knowledge, we used data obtained from a random sample of adult Poles to develop and evaluate the psychometric properties and applicability of an original cashless payments knowledge scale (CPK scale). Our analyses based on Item Response Theory show that some evident subdomains exist within the CPK construct. The separate dimensions of the CPK merge into a coherent scale with solid psychometric properties. We find that the CPK score depends on the place of residence, education, and household size, and is positively related to safe cashless behavior. Our findings may have important implications for financial institutions as well as policymakers interested in segmenting consumers in terms of their financial knowledge, potential risks resulting from deficits in this knowledge, and enhancing financial literacy. © 2022 Elsevier B.V., All rights reserved.","Card Payments; Cashless Payments; Financial Knowledge; Financial Literacy; Mobile Payments; Online Payments; Payment Infrastructure; Scale Development","","","","The survey was carried out under the scientific supervision of prof. Janina Harasim (University of Economics in Katowice) and prof. Beata Świecka (University of Szczecin) in cooperation with and with financial support from the Foundation for the Development of Cashless Transactions, and under the patronage of the Ministry of Entrepreneurship and Technology and the National Bank of Poland (NBP) as part of the project “The role of incentives in changing payment preferences of Poles,” carried out in 2018. We thank Adam Tochmański, director of the Payment System Department at NBP, for providing materials helpful when writing the article. The project was financed within the framework of the program of the Ministry of Science and Higher Education under the “Regional Excellence Initiative” in 2019–2022, project number: 001/RID/2018/19. The amount of financing was PLN 10,684,000.00. 1","A Review of Credit Card Literature Perspectives from Consumers, (2015); Australian and International Journal of Rural Education, (2016); Au, Yoris A., The economics of mobile payments: Understanding stakeholder issues for an emerging financial technology application, Electronic Commerce Research and Applications, 7, 2, pp. 141-164, (2008); Bis Bulletin, (2020); Bis Statistics Explorer, (2021); Bis Quarterly Review, (2018); Payments Go Even More Digital, (2021); Consumers and Mobile Financial Services 2016, (2016); 2020 Mckinsey Global Payments Report, (2020); Bucher-Koenen, Tabea, How Financially Literate Are Women? An Overview and New Insights, Journal of Consumer Affairs, 51, 2, pp. 255-283, (2017)","","John Wiley and Sons Inc","","","","","","00220078; 17456606","","","","English","Article","Final","","Scopus","2-s2.0-85119611866"
"A., Mouna, Amari; A., Jarboui, Anis","Mouna, Amari (56825848300); Jarboui, Anis (55842031700)","56825848300; 55842031700","Understanding the link between government cashless policy, digital financial services and socio-demographic characteristics in the MENA countries","2022","International Journal of Sociology and Social Policy","42","5-6","","416","433","0","36","10.1108/IJSSP-12-2020-0544","https://www.scopus.com/inward/record.uri?eid=2-s2.0-85106292122&doi=10.1108%2FIJSSP-12-2020-0544&partnerID=40&md5=421b2c2a4ea2ab7025a39af1f0a3ae62","Université de Gabès, Gabes, Tunisia; University of Sfax, Sfax, Tunisia","Mouna, Amari, Université de Gabès, Gabes, Tunisia; Jarboui, Anis, University of Sfax, Sfax, Tunisia","Purpose: To help inform the debate over whether socio-demographic characteristics are related to the use of digital technologies, the authors investigated the effects of age, gender, education, income and being in the workforce on changes in using financial digital services using panel data collected in the MENA countries during 2017. Design/methodology/approach: This study aims to identify the impact of government policy on the determinants of financial inclusion and digital payment services in the MENA region. The authors use microdata from the 2017 Global Findex database on MENA countries to perform probit estimations. The paper focuses on the role of technology adoption by government authorities in extending financial inclusion and digital payment around different people. Findings: The authors find that poorer people (and, by association, less educated people) and the young (but less so the elderly) are disproportionately excluded from the financial system. Results confirm that better collaboration between the government and the financial sector can help to develop digital financial inclusion through the technology adoption channels. The study confirms the significant impact of the government cashless policy in advancing financial inclusion in the MENA countries, with potentially wider applicability to other developed economies. Practical implications: Policies to advance mobile money innovations could stimulate financial inclusion by promoting digital transaction services. The role of government authorities is imperative to harness the beneficial and sustainable gains from digitizing remittances and transfers to promote a cashless economy. Originality/value: Financial inclusion promotes equality through a broadening of the system and government cashless policy can be a major catalyst for greater financial inclusion. It helps in the overall economic development of the underprivileged population and contributes to poverty reduction. © 2022 Elsevier B.V., All rights reserved.","Financial Inclusion; Government; Ict; Mobile; Probit","","","","","Aboal, Diego, Innovation and productivity in services and manufacturing: The role of ICT, Industrial and Corporate Change, 27, 2, pp. 221-241, (2018); European Journal of Business Economics and Accounting, (2016); Ajide, Folorunsho M., Financial inclusion in Africa: does it promote entrepreneurship?, Journal of Financial Economic Policy, 12, 4, pp. 687-706, (2020); Aker, Jenny C., Payment mechanisms and antipoverty programs: Evidence from a mobile money cash transfer experiment in Niger, Economic Development and Cultural Change, 65, 1, pp. 1-37, (2016); Research Journal of Finance and Accounting, (2013); Allen, Franklin, The foundations of financial inclusion: Understanding ownership and use of formal accounts, Journal of Financial Intermediation, 27, pp. 1-30, (2016); Amoah, Anthony, Mobile money as a financial inclusion instrument: what are the determinants?, International Journal of Social Economics, 47, 10, pp. 1283-1297, (2020); Grohmann, Antonia, Does financial literacy improve financial inclusion? Cross country evidence, World Development, 111, pp. 84-96, (2018); European Journal of Business and Management Research, (2020); Blauw, Sanne, Off the Hook: Measuring the Impact of Mobile Telephone Use on Economic Development of Households in Uganda using Copulas, Journal of Development Studies, 52, 3, pp. 315-330, (2016)","","Emerald Group Holdings Ltd.","","","","","","17586720; 0144333X","","","","English","Article","Final","","Scopus","2-s2.0-85106292122"
"T.W., Oktavendi, Tri Wahyu; I., Mu'ammal, Immanuel","Oktavendi, Tri Wahyu (57486195100); Mu'ammal, Immanuel (57485368700)","57486195100; 57485368700","Acceptance model for predicting adoption of Zakat, Infaq, and Sodaqoh (ZIS) digital payments in Generation Z","2022","Journal of Islamic Accounting and Business Research","13","4","","684","700","0","16","10.1108/JIABR-09-2021-0267","https://www.scopus.com/inward/record.uri?eid=2-s2.0-85126237004&doi=10.1108%2FJIABR-09-2021-0267&partnerID=40&md5=219984bc5af937dd02c8d14f65ec41ff","Universitas Muhammadiyah Malang, Malang, Indonesia; Universitas Muhammadiyah Malang, Malang, Indonesia","Oktavendi, Tri Wahyu, Department of Accounting, Universitas Muhammadiyah Malang, Malang, Indonesia; Mu'ammal, Immanuel, Department of Management, Universitas Muhammadiyah Malang, Malang, Indonesia","Purpose: This study aims to explore the factors that can encourage Generation Z to continue using Zakat, Infaq and Sodaqoh (ZIS) digital payments. The factors used to determine the behavioral intention (BI) of Generation Z are adoption readiness (AR), perceived risk (PR), trust (TR) and personal innovativeness (PI). Design/methodology/approach: AR (reflected by facilitating condition, social influence, ease of use and usefulness), PR (security risk and privacy risk), PI, TR and BI were tested using structural equation model (with smart PLS analysis tool). Findings: AR and BI are influenced by PI. In addition, BI is also influenced by TR, where TR will increase if risk can be minimized. This study was not able to prove the role of risk on BI. Research limitations/implications: This result focuses on Generation Z, so future research can compare results between generations. In addition, regulations between countries can affect the results of similar research, and factors that have not been used in this study can be used for future research. Practical implications: The results show that several reflective models of AR and PR. By adding the TR factor, this study can be used to understand the attributes of the acceptance of the ZIS digital payment model. On the other hand, this research has practical implications for the success of cashless ZIS payment transactions. Originality/value: The model in this study develops an existing acceptance model and uses this model in the ZIS digital payment for Generation Z. © 2022 Elsevier B.V., All rights reserved.","Adoption Readiness; Perceived Risk; Technology Acceptance Model; Trust; Zis Payment","","","","","Agarwal, Ritu, A Conceptual and Operational Definition of Personal Innovativeness in the Domain of Information Technology, Information Systems Research, 9, 2, pp. 204-215, (1998); Ajzen, Icek, The theory of planned behavior, Organizational Behavior and Human Decision Processes, 50, 2, pp. 179-211, (1991); International Journal of Psychology and Counselling, (2019); Journal of Engineering and Applied Sciences, (2016); Ben Arfi, Wissal, Understanding acceptance of eHealthcare by IoT natives and IoT immigrants: An integrated model of UTAUT, perceived risk, and financial cost, Technological Forecasting and Social Change, 163, (2021); Proceeding of International Conference of Zakat, (2019); Bashir, Irfan, Consumer attitude and behavioural intention towards Internet banking adoption in India, Journal of Indian Business Research, 7, 1, pp. 67-102, (2015); Dynamic Marketing for A Changing World, (1960); Behl, Abhishek, Analysing the Barriers towards Sustainable Financial Inclusion using Mobile Banking in Rural India, Indian Journal of Science and Technology, 9, 15, (2016); Jo Black, Nancy, Modelling consumer choice of distribution channels: An illustration from financial services, International Journal of Bank Marketing, 20, 4, pp. 161-173, (2002)","","Emerald Group Holdings Ltd.","","","","","","17590825; 17590817","","","","English","Article","Final","All Open Access; Green Accepted Open Access; Green Open Access","Scopus","2-s2.0-85126237004"
"H.I., Fu, Hsin Ilin; T.S., Chang, Tsung Sheng; C., Wang, Chianan; H.P., Hsu, Hsien Pin; C., Liu, Chienhung; C.Y., Yeh, Chih Yao","Fu, Hsin Ilin (7402948206); Chang, Tsung Sheng (8832869500); Wang, Chianan (57757351100); Hsu, Hsien Pin (7402359902); Liu, Chienhung (57154855300); Yeh, Chih Yao (57325270200)","7402948206; 8832869500; 57757351100; 7402359902; 57154855300; 57325270200","Critical factors affecting the introduction of mobile payment tools by microretailers","2022","Technological Forecasting and Social Change","175","","121319","","","0","21","10.1016/j.techfore.2021.121319","https://www.scopus.com/inward/record.uri?eid=2-s2.0-85118527562&doi=10.1016%2Fj.techfore.2021.121319&partnerID=40&md5=b57f2b00ea400bb0647b9cf66ec5759c","National Kaohsiung University of Science and Technology, Kaohsiung, Taiwan; Da-Yeh University, Dacun, Taiwan; National Kaohsiung University of Science and Technology, Kaohsiung, Taiwan; National Kaohsiung University of Science and Technology, Kaohsiung, Taiwan; National Kaohsiung University of Science and Technology, Kaohsiung, Taiwan; National Kaohsiung University of Science and Technology, Kaohsiung, Taiwan","Fu, Hsin Ilin, Department of Marketing and Distribution Management, National Kaohsiung University of Science and Technology, Kaohsiung, Taiwan; Chang, Tsung Sheng, Department of Information Management, Da-Yeh University, Dacun, Taiwan; Wang, Chianan, Department of Industrial Engineering and Management, National Kaohsiung University of Science and Technology, Kaohsiung, Taiwan; Hsu, Hsien Pin, Department of Supply Chain Management, National Kaohsiung University of Science and Technology, Kaohsiung, Taiwan; Liu, Chienhung, Graduate Institute of Management, National Kaohsiung University of Science and Technology, Kaohsiung, Taiwan; Yeh, Chih Yao, Department of Marketing and Distribution Management, National Kaohsiung University of Science and Technology, Kaohsiung, Taiwan","Mobile payment (MP) is a key tool for establishing a cashless society. To comprehensively examine the critical factors (CFs) that influence the introduction of MP tools by microretailers (MRs) in Taiwan, this study employed the technology–organization–environment model as a theoretical basis. Two multicriteria decision-making tools (i.e., the analytic network process and Vlse Kriterijumska Optimizacija Kompromisno Resenje concept of acceptable advantage) were combined to objectively identify the CFs influencing MRs’ introduction of MP tools. The results indicate that technology is more essential than organization and environment, and the eight identified CFs are security/trust, compatibility, usability, stability, complexity, organizational scale, government support, and information maturity. These CFs and the hybrid method form the basis for the findings and academic contributions of this study. The results serve as incisive and practical guidelines that can help MRs to introduce MP tools, encourage MP use by consumers, and promote the establishment of a cashless society. © 2022 Elsevier B.V., All rights reserved.","Analytic Network Process (anp); Critical Factors (cfs); Microretailers (mrs); Mobile Payment (mp); Technology–organization–environment (toe); Vlse Kriterijumska Optimizacija Kompromisno Resenje (vikor); Decision Theory; Electronic Money; Global System For Mobile Communications; Analytic Network Process; Critical Factor; Critical Factors; Microretailer (microretailer); Mobile Payment; Technology Organization Environments; Technology–organization–environment; Vlse Kriterijumska Optimizacija Kompromisno Resenje; Decision Making; Complexity; Decision Making; Economic Activity; Electronic Commerce; Governance Approach; Guideline; Information And Communication Technology; Mobile Communication; Multicriteria Analysis; Retailing","Decision theory; Electronic money; Global system for mobile communications; Analytic network process; Critical factor; Critical factors; Microretailer (microretailer); Mobile payment; Technology organization environments; Technology–organization–environment; Vlse Kriterijumska Optimizacija Kompromisno Resenje; Decision making; complexity; decision making; economic activity; electronic commerce; governance approach; guideline; information and communication technology; mobile communication; multicriteria analysis; retailing","","","","Aguarón, Juan, The geometric consistency index: Approximated thresholds, European Journal of Operational Research, 147, 1, pp. 137-145, (2003); Al Sayegh, Ahmed Juma, Radical improvement of e-government services in Dubai, International Journal of Services Technology and Management, 25, 1, pp. 53-67, (2019); Apanasevic, Tatjana, Stakeholders’ expectations of mobile payment in retail: lessons from Sweden, International Journal of Bank Marketing, 34, 1, pp. 37-61, (2016); Baabdullah, Abdullah Mohammed A., Consumer use of mobile banking (M-Banking) in Saudi Arabia: Towards an integrated model, International Journal of Information Management, 44, pp. 38-52, (2019); Bailey, Ainsworth Anthony, Mobile payments adoption by US consumers: an extended TAM, International Journal of Retail and Distribution Management, 45, 6, pp. 626-640, (2017); undefined, (2010); Chen, Fuhsiang, A balanced scorecard approach to establish a performance evaluation and relationship model for hot spring hotels based on a hybrid MCDM model combining DEMATEL and ANP, International Journal of Hospitality Management, 30, 4, pp. 908-932, (2011); Chen, Nan, Mechanism of government policies in cross-border e-commerce on firm performance and implications on m-commerce, International Journal of Mobile Communications, 15, 1, pp. 69-84, (2017); Chirapanda, Suthawan, Identification of success factors for sustainability in family businesses: Case study method and exploratory research in Japan, Journal of Family Business Management, 10, 1, pp. 58-75, (2020); Cruz-Jesus, Frederico, Understanding CRM adoption stages: empirical analysis building on the TOE framework, Computers in Industry, 109, pp. 1-13, (2019)","","Elsevier Inc.","","","","","","00401625","","","","English","Article","Final","","Scopus","2-s2.0-85118527562"
"H., Fujiki, Hiroshi","Fujiki, Hiroshi (36884623800)","36884623800","Will The Widespread Use of Cashless Payments Reduce the Frequency of the Use of Cash Payments?","2022","Review of Economic Analysis","14","1","","89","120","0","3","10.15353/rea.v13i3.4522","https://www.scopus.com/inward/record.uri?eid=2-s2.0-85127367148&doi=10.15353%2Frea.v13i3.4522&partnerID=40&md5=f59081b93765e7bca93685232ca19723","Chuo University, Hachioji, Japan","Fujiki, Hiroshi, Chuo University, Hachioji, Japan","Will the widespread use of cashless payments reduce the frequency of the use of cash payments? This question is important because the major costs of cash use are fixed costs that would only be reduced if the frequency of cash payments substantially decreased, and thus the extent of the reduction of the cost of cash use depends on the frequency of cash use after the widespread use of cashless payment methods. Using the data from the Financial Literacy Survey 2019 in Japan, this paper shows that the frequency of cash use for those who use both cash and noncash payment methods and that of those who exclusively use cash are about once in 2.3 days and about once in 2 days, respectively, and thus there is only a slight difference. The result did not change even if a regression model for cash usage was used that considers the endogenous choice of payment methods or if counterfactual simulations of the decrease in consumers’ willingness to use cash were conducted. The results suggest that the benefit of reducing the cost of cash use due to the widespread use of cashless payment methods is overestimated because the frequency of the use of cash payments is unlikely to decrease despite the use of cashless payment methods. 4 Empty 10. © 2022 Elsevier B.V., All rights reserved.","Cash Demand; Costs Of Cash Usage; Payment Methods","","",""," I am thankful for the helpful comments from an anonymous reviewer on an earlier version of this paper. I received permission to use the data of the Financial Literacy Survey 2019 from the Central Council for Financial Services Information. I gratefully acknowledge the financial support of the Japan Society for the Promotion of Science through KAKENHI grant no. 18K01704.","Cost of Using Cash and Checks in Uruguay, (2019); Handbook of Behavioral Economics, (2018); Borzekowski, Ron, Consumers' use of debit cards: Patterns, preferences, and price response, Journal of Money, Credit and Banking, 40, 1, pp. 149-172, (2008); Financial Innovation Payment Choice and Cash Demand Causal Evidence from the Staggered Introduction of Contactless Debit Cards, (2020); Costs of Cash Payments in the Retail Sector Study to Determine and Evaluate the Costs Arising from Cash Payments in the Retail Sector, (2019); Chen, Heng, Retail payment innovations and cash usage: accounting for attrition by using refreshment samples, Journal of the Royal Statistical Society. Series A: Statistics in Society, 180, 2, pp. 503-530, (2017); Use of Cash by Households in the Euro Area, (2017); Fujiki, Hiroshi, The use of noncash payment methods for regular payments and the household demand for cash: evidence from Japan, Japanese Economic Review, 71, 4, pp. 719-765, (2020); undefined, (2020); Fujiki, Hiroshi, Who adopts crypto assets in Japan? Evidence from the 2019 financial literacy survey, Journal of the Japanese and International Economies, 58, (2020)","","International Centre for Economic Analysis","","","","","","19733909","","","","English","Article","Final","All Open Access; Gold Open Access","Scopus","2-s2.0-85127367148"
"G., Rösl, Gerhard; F., Seitz, Franz","Rösl, Gerhard (14622025100); Seitz, Franz (7004823895)","14622025100; 7004823895","Central Bank Digital Currency and Cash in the Euro Area: Current Developments and one Specific Proposal","2022","Credit and Capital Markets","55","4","","523","551","0","4","10.3790/ccm.55.4.523","https://www.scopus.com/inward/record.uri?eid=2-s2.0-85159347906&doi=10.3790%2Fccm.55.4.523&partnerID=40&md5=59b57503efceb48e0180fcacc579b95a","Ostbayerische Technische Hochschule Regensburg, Regensburg, Germany; Technical University of Applied Sciences, Weiden, Germany","Rösl, Gerhard, Ostbayerische Technische Hochschule Regensburg, Regensburg, Germany; Seitz, Franz, Technical University of Applied Sciences, Weiden, Germany","The present paper provides an overview on current developments of cash usage and issue of central bank digital currency (CBDC) in the euro area and proposes a possible design of a digital euro that allows for instant offline payments. Cash usage at the point-of-sale decreased perceptibly in the past years mainly due to the ongoing trend towards digitalization. However, we show that there are also indications that consumers were somewhat pushed into cashless payments by government regulations and supply-side restrictions by commercial banks. Nonetheless, overall demand for euro cash remained strong and even increased relative to GDP since the financial crisis in 2008. In this pro-cess, however, we observe a supply-driven shift towards lower banknote denominations. Central banks all over the world are intensively thinking about the potential issue of CBDC as a substitute or complement to cash. Based on some of its preferred characteris-tics, we propose a double pre-paid scheme combining central elements of TARGET Instant Payment Settlement and electronic money features enabling offline and online instant payments. Since anonymity is categorically discarded by the ECB and as cash has some special advantages from a consumer perspective, the digital euro will rather co-cir-culate with cash than replace it in transactions. © 2023 Elsevier B.V., All rights reserved.","Banknotes; Cash; Cbdc; Money","","","","","What can Cbdc Designers Learn from Asking Potential Users Results from A Survey of Austrian Residents, (2022); Ecb Occasional Paper, (2022); European Card Review, (2006); Economics of Central Bank Digital Currency, (2022); Digital Economy Privacy and Cbdc, (2022); Amromin, Gene, Whither loose change? the diminishing demand for small-denomination currency, Journal of Money, Credit and Banking, 41, 2-3, pp. 315-335, (2009); Bank of Italy Occasional Paper, (2020); Bis Quarterly Review, (2020); Bis Papers, (2019); Discussion Paper Series 1 Economic Studies, (2011)","","Duncker und Humblot GmbH","","","","","","21991227; 21991235","","","","English","Article","Final","All Open Access; Green Accepted Open Access; Green Open Access; Hybrid Gold Open Access","Scopus","2-s2.0-85159347906"
"S.A., Bohari, Siti Aisah; R., Abdul-Rahim, Ruzita; A.B., Aman, Aini Binti","Bohari, Siti Aisah (57792630500); Abdul-Rahim, Ruzita (23975145400); Aman, Aini Binti (24464706900)","57792630500; 23975145400; 24464706900","Role of comparative economic benefits on intention to use e-wallet: the case in Malaysia","2022","International Journal of Electronic Finance","11","4","","364","382","0","4","10.1504/ijef.2022.126476","https://www.scopus.com/inward/record.uri?eid=2-s2.0-85142755603&doi=10.1504%2Fijef.2022.126476&partnerID=40&md5=3bf98ec483945c1f9c4f93d5df7e07e8","Universiti Kebangsaan Malaysia, Bangi, Malaysia","Bohari, Siti Aisah, Faculty of Economics and Management, Universiti Kebangsaan Malaysia, Bangi, Malaysia; Abdul-Rahim, Ruzita, Faculty of Economics and Management, Universiti Kebangsaan Malaysia, Bangi, Malaysia; Aman, Aini Binti, Faculty of Economics and Management, Universiti Kebangsaan Malaysia, Bangi, Malaysia","Two years into Malaysia’s digital economy transformation plan, consumers’ reliance on cash remains intact despite the tremendous responses on the supply side. This study aims to identify proactive measures that can help promote and accelerate mobile payment adoption by examining the antecedents of consumers’ intention to use e-wallets at three stages: static, interaction, and transaction. The regression results from 1,147 consumers reveal that differentiating e-wallet usage into three functional services yields valuable insight. The UTAUT constructs are significant when explaining transactional functions, but only performance expectancy and social influence matter for static and interaction functions. Overall, comparative economic value (CEV) is more prevalent than UTAUT in explaining consumers’ intention to use e-wallets, while the role of perceived trust is inconclusive. The results suggest that policymakers should improve the regulations and legislation to enhance consumers’ trust to induce more e-wallet subscriptions and expedite the country’s transformation into a cashless economy. © 2022 Elsevier B.V., All rights reserved.","Cev; Comparative Economic Benefits; Comparative Economic Value; E-wallets; Malaysia; Technology Adoption; Trust; Utaut","","","","","Agarwal, Reeti, Customers' perspectives regarding e-banking in an emerging economy, Journal of Retailing and Consumer Services, 16, 5, pp. 340-351, (2009); Nawayseh, Mohammad Khaled, Fintech in COVID-19 and beyond: What factors are affecting customers’ choice of fintech applications?, Journal of Open Innovation: Technology, Market, and Complexity, 6, 4, pp. 1-15, (2020); Ali, Muhammad, How perceived risk, benefit and trust determine user Fintech adoption: a new dimension for Islamic finance, Foresight, 23, 4, pp. 403-420, (2021); Bnm Quarterly Bulletin, (2018); Chang, Man Kit, Determinants of the intention to use Internet/WWW at work: A confirmatory study, Information and Management, 39, 1, pp. 1-14, (2001); Logistics Information Management, (2002); Danneels, Erwin, Disruptive technology reconsidered: A critique and research agenda, Journal of Product Innovation Management, 21, 4, pp. 246-258, (2004); Global Findex Database 2017 Measuring Financial Inclusion and the Fintech Revolution, (2018); Journal of Marketing Research, (1991); Duane, Aidan, Realising M-Payments: Modelling consumers' willingness to M-pay using Smart Phones, Behaviour and Information Technology, 33, 4, pp. 318-334, (2014)","","Inderscience Publishers","","","","","","17460077; 17460069","","","","English","Article","Final","","Scopus","2-s2.0-85142755603"
"N.E., Rafferty, Nathan Eleazar; A.N., Fajar, Ahmad Nurul","Rafferty, Nathan Eleazar (57972367900); Fajar, Ahmad Nurul (57188877288)","57972367900; 57188877288","Integrated QR Payment System (QRIS): Cashless Payment Solution in Developing Country from Merchant Perspective","2022","Asia Pacific Journal of Information Systems","32","3","","630","655","0","15","10.14329/APJIS.2022.32.3.630","https://www.scopus.com/inward/record.uri?eid=2-s2.0-85142245990&doi=10.14329%2FAPJIS.2022.32.3.630&partnerID=40&md5=80a50de968ecccd5ee8bdb6fac91902d","Bina Nusantara University, Jakarta, Indonesia; Bina Nusantara University, Jakarta, Indonesia","Rafferty, Nathan Eleazar, Department of Management Information Systems, Bina Nusantara University, Jakarta, Indonesia; Fajar, Ahmad Nurul, Associate Professor, Bina Nusantara University, Jakarta, Indonesia","This paper examines the integrated QR code payment service (QRIS) adoption by retailers in Indonesia. Indonesia started its cashless journey in 2017 by using electric money in card form. As the country keeps developing, Indonesia has planned to integrate its payment towards a cross-border payment using QR codes by 2025 in the South East Asian region. Facing government vision, MSMEs that act as the significant economy wheel in Indonesia was required to be prepared to face the multi-cultural, multi-currency, and the new tech innovation for doing transactions. However, as a developing country, Indonesia faced significant problems with its infrastructure, which made it hard for merchants to access digital payment. As infrastructure was a common problem for developing countries, Indonesia also faced financial inclusion, lack of digital knowledge, a high amount of cash use, and socialization that made low digital payment penetration. Therefore, as there was a need to increase digital payment penetration for ASEAN integrated payment, this study found that merchant compatibility, facilitating conditions, trust, and relative advantages are drivers for MSMEs using this payment method. Further, this research provides propositions for banks, financial institutions, and governments to develop and evolve towards a cashless ecosystem, especially for a country lacking infrastructure. © 2022 Elsevier B.V., All rights reserved.","Business Operations; Cashless In Developing Countries; Integrated Payment; Qr Code Payment","","","","","Factors Afecting Mobile Payment Adoption by Merchants in Ethiopia, (2020); Evolution and Emergence of Qr Codes, (2017); Entrepreneur Bisnis Com, (2020); Qr Code Indonesian Standard Qris, (2019); Jumlah Penyelenggara Sistem Pembayaran Pjsp Qris, (2021); Utama Chandra, Yakob Utama, Bank vs telecommunication E-Wallet : System analysis, purchase, and payment method of GO-mobile CIMB Niaga and T-Cash Telkomsel, 2018-January, pp. 165-170, (2017); Utama Chandra, Yakob Utama, Analysis of Determinant Factors of User Acceptance of Mobile Payment System in Indonesia (A Case Study of Go-Pay Mobile Payment), pp. 454-459, (2018); Winners, (2012); Chen, Weichuan, Drivers of mobile payment acceptance in China: An empirical investigation, Information (Switzerland), 10, 12, (2019); Sprouts Working Papers on Information Systems, (2009)","","Korean Society of Management Information Systems","","","","","","22886818; 22885404","","","","English","Article","Final","","Scopus","2-s2.0-85142245990"
"S.T., Urus, Sharina Tajul; F., Kurniasari, Florentina; S.N.F.S.M., Nazri, Sharifah Nazatul Faiza Syed Mustapha; P., Utomo, Prio; I.W., Othman, Intan Waheedah; S.Y., Jimmy, So Yohanes; N.A., Hamid, N. A.","Urus, Sharina Tajul (55484813600); Kurniasari, Florentina (57203761274); Nazri, Sharifah Nazatul Faiza Syed Mustapha (55604874600); Utomo, Prio (57209050703); Othman, Intan Waheedah (55144190900); Jimmy, So Yohanes (57209182359); Hamid, N. A. (57210095144)","55484813600; 57203761274; 55604874600; 57209050703; 55144190900; 57209182359; 57210095144","A COMPARATIVE STUDY OF FINTECH PAYMENT SERVICES ADOPTION AMONG MALAYSIAN AND INDONESIAN FRESH GRADUATES: THROUGH THE LENS OF UTAUT THEORY","2022","Eastern-European Journal of Enterprise Technologies","5","13-119","","73","88","0","8","10.15587/1729-4061.2022.265662","https://www.scopus.com/inward/record.uri?eid=2-s2.0-85141804724&doi=10.15587%2F1729-4061.2022.265662&partnerID=40&md5=97f56958003004d983b7c8041cfde427","Universiti Teknologi MARA, Shah Alam, Malaysia; Universitas Multimedia Nusantara, Tangerang, Indonesia","Urus, Sharina Tajul, Department of Accounting, Universiti Teknologi MARA, Shah Alam, Malaysia; Kurniasari, Florentina, Department of Technology Management, Universitas Multimedia Nusantara, Tangerang, Indonesia; Nazri, Sharifah Nazatul Faiza Syed Mustapha, Department of Accounting, Universiti Teknologi MARA, Shah Alam, Malaysia; Utomo, Prio, Department of Technology Management, Universitas Multimedia Nusantara, Tangerang, Indonesia; Othman, Intan Waheedah, Department of Accounting, Universiti Teknologi MARA, Shah Alam, Malaysia; Jimmy, So Yohanes, Department of Technology Management, Universitas Multimedia Nusantara, Tangerang, Indonesia; Hamid, N. A., Department of Accounting, Universiti Teknologi MARA, Shah Alam, Malaysia","The Covid-19 pandemic had changed the business model in various industries. Companies have switched to digital business processes in order to survive in this challenging situation. Financial Technology (Fintech), especially digital payment services, has become the most preferred solution for handling financial transactions in conditions of limited mobility and interaction. The phenomenal emergence of Fintech has captured the attention of the world and the Asian region, including Malaysia and Indonesia. Despite various benefits offered by Fintech, the adoption rate is still relatively low, especially for IT-savvy groups of fresh graduates in both countries. This comparative study aims to analyze the adoption of Fintech payment services in Malaysia and Indonesia using the UTAUT theory approach. The research measures the relationships between performance expectancy, effort expectancy, social influence, consumers’ trust, and national culture with the adoption of Fintech. Each indicator of national culture, such as individualism, power distance, uncertainty avoidance, masculinity and long-term orientation, was measured to see its relationship with the adoption rate. The quantitative method was employed, and the data were collected via an online survey of a total of 486 respondents. Using multivariate regression analysis, 57.9 % behavioral adoption of Fintech payment services both in Malaysia and Indonesia was explained through performance expectancy, effort expectancy, social influence, customer trust and national culture. The study revealed that performance expectancy and the cultural factor individualism had the highest effect on the decision to adopt digital payment services. This study contributes to the Fintech ecosystem in both countries by providing some recommendations to Fintech providers, financial institutions, and governments in policy making. It is also expected that the research will support the government’s goal to become a cashless society as a strategy to increase financial inclusion © 2022 Elsevier B.V., All rights reserved.","Effort Expectancy; Fintech; National Culture; Performance Expectancy; Social Influence; Trust","","","","Funding text 1: The authors gratefully acknowledge the research collaboration with Universitas Multimedia Nusantara, Indonesia that provided internal funding for this research under the Internal Research Scheme 2021. Our utmost gratitude also goes to the Faculty of Accountancy, UiTM Cawangan Selangor, Kampus Puncak Alam and IRMI of University Teknologi MARA (UiTM) for providing financial support under the DDF grant (Geran Dana Dalaman) (600-TNCPI/5/3/DDF (002/2021).; Funding text 2: The authors gratefully acknowledge the research collaboration with Universitas Multimedia Nusantara, Indonesia that provided internal funding for this research under the Internal Research Scheme 2021. Our utmost gratitude also goes to the Faculty of Accountancy, UiTM Cawangan Selangor, Kampus Puncak Alam and IRMI of University Teknologi MARA (UiTM) for providing financial support under the DDF grant (Geran Dana Da-laman) (600-TNCPI/5/3/DDF (002/2021).","American Journal of Industrial and Business Management, (2017); Malaysia Number of Internet Users 2010 2025, (2021); We are Social Hootsuite, (2021); Blohm, Ivo, Crowdsourcing: How to benefit from (too) many great ideas, MIS Quarterly Executive, 12, 4, pp. 199-211, (2013); Fintech Shows Strong Growth Momentum in Malaysia, (2021); Kurniasari, Florentina, The role of financial technology to increase financial inclusion in Indonesia, International Journal of Data and Network Science, 5, 3, pp. 391-400, (2021); Global Findex Database 2021 Financial Inclusion Digital Payments and Resilience in the Age of Covid 19, (2022); Fintech in Germany, (2017); Indonesia Fintech Report 2020, (2020); Quarterly Bulletin 2021, (2021)","","Technology Center","","","","","","17294061; 17293774","","","","English","Article","Final","All Open Access; Gold Open Access","Scopus","2-s2.0-85141804724"
"N.A., Abu, Nor Azman","Abu, Nor Azman (6506357105)","6506357105","Keynote Paper Digital Ringgit: A New Digital Currency with Traditional Attributes","2022","","","","","XIII","XLVII","0","2","","https://www.scopus.com/inward/record.uri?eid=2-s2.0-85137676083&partnerID=40&md5=275549659077723f3e6d3fd421156ebc","Universiti Teknikal Malaysia Melaka, Malacca, Malaysia","Abu, Nor Azman, Faculty of Information and Communication Technology, Universiti Teknikal Malaysia Melaka, Malacca, Malaysia","Development on central bank digital currencies (CBDCs) are ongoing across the globe. They are much needed to modernize a national network of finance. While most countries are calling for proof of concept for CBDCs, central banks have taken a wide variety of distinct approaches to CBDC design and have paced their research and development efforts independently. Without CBDCs, private digital money would become increasingly dominated by non-financial corporations. An appeal and instant recognition of paper currency has been established in the last 100 years. It is designed to have an appearance of sovereign money. Even though there is a serial number written on it, a carrier is considered an owner without any sting attached to it. There are several serious challenges in embarking on CBDC. The first technical challenge is to provide an offline apparatus on a digital money transaction. Second technical challenge is referred to as a double spending problem. Third technical challenge here is to measure and control velocity of money in a digital transaction. This project will propose and develop a digital ringgit facing those challenges. A digital ringgit Malaysia (DRM) note can uniquely assigned to a multiple session number. A blockchain on a digital ringgit is called for here. A digital currency initiative will be of significant benefits to developing economy; hence the cashless system will be helpful in the fight against corruption and money laundering. Eventually, the digital ringgit will provide a control mechanism to a central bank such as Bank Negara Malaysia on its monetary velocity and growth of electronic money in a cashless society. A digital ringgit has an enormous potential to spur a financial cycle in Malaysia. © 2022 Elsevier B.V., All rights reserved.","Blockchain; Digital Currency; Digital Money; Distributed Ledger; Electronic Money; Finance; Block-chain; Central Bank; Digital Money; Malaysia; Offline; Paper Currency; Proof Of Concept; Research And Development; Serial Number; Technical Challenges; Blockchain","Distributed ledger; Electronic money; Finance; Block-chain; Central bank; Digital money; Malaysia; Offline; Paper currency; Proof of concept; Research and development; Serial number; Technical challenges; Blockchain","","","","Ali, Mohanad Faeq, A novel multiple session payment system, International Journal of Advanced Computer Science and Applications, 9, 6, pp. 237-245, (2018); Central Bank Digital Currencies Motives Economic Implications and the Research Frontier, (2021); Fed May Create A US Digital Currency and Wants Your Input, (2022); Fiat Free for all Currency Creation Vs Gold and Silver Production, (2021); One of the Largest Owners of Bitcoin Who Reportedly Held as Much as 1 Billion is Dead at 41, (2021); Money and Payments the U S Dollar in the Age of Digital Transformation, (2022); Velocity of M2 Money Stock M2v, (2021); Globalists Convene to Plan Central Bank Digital Currencies, (2022); Cryptology Eprint Archive, (2018); World Bank and Bis Champion Central Bank Digital Currencies at G20, (2021)","","Institute for Mathematical Research (INSPEM)","","8th International Cryptology and Information Security Conference 2022, CRYPTOLOGY2022","","Putrajaya","182061","","","","","English","Conference paper","Final","","Scopus","2-s2.0-85137676083"
"M.V., Charaeva, Marina V.; I.A., Nozhenkov, Ilya A.; E.A., Zhabin, Evgeny Alexandrovich","Charaeva, Marina V. (57191171766); Nozhenkov, Ilya A. (57466861800); Zhabin, Evgeny Alexandrovich (57467003600)","57191171766; 57466861800; 57467003600","Research in System of Financing Payment Innovations in Russian and Foreign Companies","2022","Advances in Science, Technology and Innovation","","","","611","618","0","1","10.1007/978-3-030-90324-4_98","https://www.scopus.com/inward/record.uri?eid=2-s2.0-85132885843&doi=10.1007%2F978-3-030-90324-4_98&partnerID=40&md5=72404284c32474a5bdd25c0a213d467b","Southern Federal University, Rostov-on-Don, Russian Federation","Charaeva, Marina V., Southern Federal University, Rostov-on-Don, Russian Federation; Nozhenkov, Ilya A., Southern Federal University, Rostov-on-Don, Russian Federation; Zhabin, Evgeny Alexandrovich, Southern Federal University, Rostov-on-Don, Russian Federation","Purpose Changes in the payment infrastructure, which are associated with an increase in the share of non-cash transactions for payment for goods and services and high costs of supporting these transactions have an impact on the activities of trade and service enterprises, on banking activities, and on the activities of companies involved in ensuring the technical interaction of participants payment and settlement (non-cash) relations. Consequently, in modern conditions, it’s necessary to adapt the organization of non-cash circulation of trade enterprises to the introduction of innovations in settlement operations. Methodology Revealing the peculiarities of the functioning of Russian and foreign business ecosystems, cashless turnover of retail enterprises, based on studying the opinions of the heads of the largest Russian fintech companies, makes it possible to develop an algorithm for making decisions on organizing cashless turnover at the enterprise. The main research methods were: theoretical (analysis, synthesis, induction), empirical (analysis of the volume of non-cash transactions according to the reporting of the Central Bank of the Russian Federation, interpretation of expert opinions on this issue), methods of graphical using of data. The purpose of our study is to assess the factors that affect the feasibility of financing payment innovations in retail enterprises and the choice of methods for organizing cashless circulation in an enterprise. Results An algorithm for decision-making by the management of enterprises has been developed through a step-by-step study of the key elements of the functioning of the cashless turnover of a retail enterprise. It consists of the stages of selection, analysis, and the route of decision-making on the organization of cashless turnover. The developed algorithm includes three main stages. At the first stage, the type of enterprise (retail, hotel, catering), size (small, medium, large), the purpose of using payment technologies (loyalty, payment, and settlement function, payment savings) are determined by means of qualitative analysis. At the second stage, the source of free funds is identified, which can be most effectively used in the economic activity of the enterprise, and the coefficient of dependence of the enterprise on non-cash turnover is determined. At the third stage, the directions of the development of the non-cash turnover of the enterprise are identified, taking into account the results of the sample at the first stage and the identification of the source of funds potentially invested in payment technologies at the second stage. A detailed review of modern payment ecosystems and their interaction with financial institutions was carried out to select a strategy for the development of payment instruments. Conclusions Scientific developments, which were obtained as a result of the study, are aimed at complementing the theoretical basis of economic disciplines related to financial management at an enterprise and the organization of the country’s payment system. The developed algorithm with all stages is of great practical importance and covers the interests of all Russian trade and service enterprises. © 2022 Elsevier B.V., All rights reserved.","Business Ecosystem; Digital Banking; Digital Payments; Finance Management Of Retail Companies; Fintech; Mobile Wallets; Non-cash Money Turnover; Payment Systems; Paytech","","","","","Retail and Channel Marketing, (2013); Adoption of Mobile Payment Technology by Consumers Working Paper, (2014); undefined; From, (2019); From, (2019); Bank 2 0 how Customer Behaviour and Technology Will Change the Future of Financial Services, (2010); undefined; Death of Competition Leadership and Strategy in the Age of Business Ecosystems, (1996); undefined; From, (2019)","","Springer Nature","","","","","","25228714; 25228722","9783031867446; 9783031476112; 9783030760809; 9783031438028; 9783030730253; 9783031573842; 9783031494949; 9783031789038; 9783031461088; 9783031439216","","","English","Book chapter","Final","","Scopus","2-s2.0-85132885843"
"H.M., Alqudah, Hamza M.; A.R., Al Natour, Abdul Rahman; M.K., Al-Kofahi, Mahmoud Khaled; M.S., Abd Rahman, Mohd Shaari; T.A., Abutaber, Thaer Ahmad; M., Al-Okaily, Manaf","Alqudah, Hamza M. (57211501294); Al Natour, Abdul Rahman (58552178600); Al-Kofahi, Mahmoud Khaled (57216730582); Abd Rahman, Mohd Shaari (56041050700); Abutaber, Thaer Ahmad (57220955122); Al-Okaily, Manaf (57218618215)","57211501294; 58552178600; 57216730582; 56041050700; 57220955122; 57218618215","Determinants of the Cashless Payment Systems Acceptance in Developing Countries: Evidence from Jordanian Public Sector Employees","2022","Lecture Notes in Networks and Systems","423 LNNS","","","593","601","0","11","10.1007/978-3-030-93464-4_58","https://www.scopus.com/inward/record.uri?eid=2-s2.0-85124149714&doi=10.1007%2F978-3-030-93464-4_58&partnerID=40&md5=d9e907aad2df18cb6a497fecf516078e","Irbid National University, Irbid, Jordan; University of Petra, Amman, Jordan; Universiti Malaysia Terengganu, Kuala Terengganu, Malaysia; Jadara University, Irbid, Jordan","Alqudah, Hamza M., Faculty of Administrative and Financial Sciences, Irbid National University, Irbid, Jordan; Al Natour, Abdul Rahman, Department of Accounting, University of Petra, Amman, Jordan; Al-Kofahi, Mahmoud Khaled, Faculty of Administrative and Financial Sciences, Irbid National University, Irbid, Jordan; Abd Rahman, Mohd Shaari, Economics and Social Development, Universiti Malaysia Terengganu, Kuala Terengganu, Malaysia; Abutaber, Thaer Ahmad, School of Business, Jadara University, Irbid, Jordan; Al-Okaily, Manaf, School of Business, Jadara University, Irbid, Jordan","Cashless payment systems (CPS), known as mobile payment systems is one of the most promising systems that has emerged in recent times and could prove to have important value to promote digital financial inclusion targets. Even though the huge advantages of these systems, their acceptance by users’ is still limited and insufficient in some developing countries as Jordan. Therefore, this study has examined the variables that determine acceptance of cashless payment systems in the Jordanian context. This study proposes a research model based on Technology Acceptance Model (TAM). The result has confirmed the proposed hypotheses that behavioural intention to use the cashless payment system is significantly and positively influenced by perceived usefulness. Meanwhile, the effect of perceived ease of use was not supported. Finally, the research has some practical implications for banks via services offered to their customers to manage their daily activities and make payment transactions easily without any physical interaction with banks staff. © 2022 Elsevier B.V., All rights reserved.","Cashless Payment Systems; Financial Inclusion; Financial Services; Jordan; Public Sector; Sustainable Technology","","","","","undefined; Groupe Speciale Mobile Association the Long Road to Interoperability in Jordan Lessons for the Wider Industry, (2016); Financial Stability Report, (2019); Jordan Mobile Payment Service Instructions, (2013); Interview with the Jordanian Official Television Program Money and Business Financial Inclusion Video File, (2017); Al-Okaily, Manaf, The Determinants of Digital Payment Systems’ Acceptance under Cultural Orientation Differences: The Case of Uncertainty Avoidance, Technology in Society, 63, (2020); Gharaibeh, Malik Khlaif, Determinants of intention to use mobile banking in the North of Jordan: Extending UTAUT2 with mass media and trust, Journal of Engineering and Applied Sciences, 13, 8, pp. 2023-2033, (2018); Ajao, Qasim M., Drivers of mobile payment acceptance: The impact of network externalities, Information Systems Frontiers, 18, 5, pp. 1021-1034, (2016); 2nd Electronic and Mobile Payments in the Arab World Conference Presentation on the Jordan Retail Banking Survey and Findings of the E M Banking Services Video File, (2016); Published by Jordan Times","Musleh Al-Sartawi, A.M.","Springer Science and Business Media Deutschland GmbH","","International Conference on Global Economic Revolutions, ICGER 2021","","Virtual, Online","271469","23673389; 23673370","9789819652372; 9783031931055; 9789819662968; 9783031999963; 9783031950162; 9783031947698; 9783032004406; 9783031910074; 9783031926105; 9789819639410","","","English","Conference paper","Final","","Scopus","2-s2.0-85124149714"
"Z., Shaikh, Zainab; R.M., Abu Wadi, Rami Mohammad; E., AlMahari, Ebtisam","Shaikh, Zainab (57441680000); Abu Wadi, Rami Mohammad (57191409628); AlMahari, Ebtisam (57442426800)","57441680000; 57191409628; 57442426800","The Impact of Fintech Phenomenon on Economic Development: The Case of Bahrain","2022","Lecture Notes in Networks and Systems","423 LNNS","","","129","138","0","2","10.1007/978-3-030-93464-4_14","https://www.scopus.com/inward/record.uri?eid=2-s2.0-85124134810&doi=10.1007%2F978-3-030-93464-4_14&partnerID=40&md5=5ea3fdc2d4b2ca62adde2d8c335219af","Ahlia University, Manama, Bahrain","Shaikh, Zainab, ; Abu Wadi, Rami Mohammad, Ahlia University, Manama, Bahrain; AlMahari, Ebtisam, Ahlia University, Manama, Bahrain","This study illustrates the progress financial technology made in the recent years in terms of digital payments in Bahrain. It emphasises on the roles of Bahrain FinTech Bay and Central Bank of Bahrain in terms of regulations, operations and monitoring the establishment cycle of electronic payment systems. This study examines the impact of the newly electronic payment systems on Bahrain economy development due to the high demand for digital payment options and transferring into a cashless society, and the fast continuous growth of the financial technology services. The findings indicates that digital payment systems have impact on Bahrain social welfare and overall economic development. © 2022 Elsevier B.V., All rights reserved.","Digital Banking; Economic Development; Fintech","","","","","Global J Enterp Inf Syst, (2019); Jordan Fintech Bay, (2020); J Policy Dev Stud, (2016); Business Friendly Bahrain, (2018); undefined; Business Friendly Bahrain, (2018); Alansari, Yousif, IT governance and E-banking in GCC listed banks, Procedia Computer Science, 183, pp. 844-848, (2021); Business Friendly Bahrain, (2019); Fintech Consortium, (2019); undefined","Musleh Al-Sartawi, A.M.","Springer Science and Business Media Deutschland GmbH","","International Conference on Global Economic Revolutions, ICGER 2021","","Virtual, Online","271469","23673389; 23673370","9789819652372; 9783031931055; 9789819662968; 9783031999963; 9783031950162; 9783031947698; 9783032004406; 9783031910074; 9783031926105; 9789819639410","","","English","Conference paper","Final","","Scopus","2-s2.0-85124134810"
"D.A., Muhtasim, Dewan Ahmed; S.Y., Tan, Siok Yee; M.A., Hassan, Mohamed Arif; M.I., Pavel, Monirul Islam; S., Susmit, Samiha","Muhtasim, Dewan Ahmed (57223392549); Tan, Siok Yee (57191974672); Hassan, Mohamed Arif (55416954200); Pavel, Monirul Islam (57202283984); Susmit, Samiha (57224456046)","57223392549; 57191974672; 55416954200; 57202283984; 57224456046","Customer Satisfaction with Digital Wallet Services: An Analysis of Security Factors","2022","International Journal of Advanced Computer Science and Applications","13","1","","195","206","0","24","10.14569/IJACSA.2022.0130124","https://www.scopus.com/inward/record.uri?eid=2-s2.0-85124070483&doi=10.14569%2FIJACSA.2022.0130124&partnerID=40&md5=cb5c14edf7f1f6d4f7a7144c87d64cf6","Universiti Kebangsaan Malaysia, Bangi, Malaysia; Universiti Kebangsaan Malaysia, Bangi, Malaysia; Universiti Kebangsaan Malaysia, Bangi, Malaysia","Muhtasim, Dewan Ahmed, Faculty of Information Science and Technology, Universiti Kebangsaan Malaysia, Bangi, Malaysia; Tan, Siok Yee, Faculty of Information Science and Technology, Universiti Kebangsaan Malaysia, Bangi, Malaysia; Hassan, Mohamed Arif, Center for Cyber Security, Universiti Kebangsaan Malaysia, Bangi, Malaysia; Pavel, Monirul Islam, Faculty of Information Science and Technology, Universiti Kebangsaan Malaysia, Bangi, Malaysia; Susmit, Samiha, Faculty of Information Science and Technology, Universiti Kebangsaan Malaysia, Bangi, Malaysia","This study aimed to determine an efficient framework that caters to the security and consumer satisfaction for digital wallet systems. A quantitative online survey was carried out to test whether the six factors (i.e., transaction speed, authentication, encryption mechanisms, software performance, privacy details, and information provided) positively or negatively impact customer satisfaction. This questionnaire was divided into two sections: the respondents’ demographic data and a survey on security factors that influence customer satisfaction. The questionnaires were distributed to the National University of Malaysia’s professors and students. A sample of 300 respondents undertook the survey. The survey results suggested that many respondents agreed that the stated security factors influenced their satisfaction when using digital wallets. Previous studies indicated that financial security, privacy, system security, cybercrime, and trust impact online purchase intention. The proposed framework in this research explicitly covers the security factors of the digital wallet. This study may help digital wallet providers understand the customer's perspective on digital wallet security aspects, therefore motivating providers to implement appropriately designed regulations that will attract customers to utilize digital wallet services. Formulating appropriate security regulations will generate long-term value, leading to greater digital wallet adoption rates © 2022 Elsevier B.V., All rights reserved.","Cashless Transaction; Consumer Satisfaction; E-commerce; Electronic Payment; Internet Security; Cryptography; Customer Satisfaction; Electronic Commerce; Software Testing; Surveys; Web Services; Authentication Encryption; Cashless Transaction; Consumer Satisfactions; Customers' Satisfaction; Digital Wallets; Electronic Payment; Internet Security; Online Surveys; Security Factors; Software Performance; Sales","Cryptography; Customer satisfaction; Electronic commerce; Software testing; Surveys; Web services; Authentication encryption; Cashless transaction; Consumer satisfactions; Customers' satisfaction; Digital wallets; Electronic payment; Internet security; Online surveys; Security factors; Software performance; Sales","","","Funding text 1: This work was supported by the Ministry of Higher Education Malaysia (FRGS/1/2018/ICT01/UKM/02/5) and Universiti Kebangsaan Malaysia (GUP-2020-060).; Funding text 2: ACKNOWLEDGMENT This work was supported by the Ministry of Higher Education Malaysia (FRGS/1/2018/ICT01/UKM/02/5) and Universiti Kebangsaan Malaysia (GUP-2020-060).","Ijciras, (2019); Yang, Wensheng, Coordination mechanism of dual-channel supply chains considering retailer innovation inputs, Sustainability (Switzerland), 13, 2, pp. 1-22, (2021); Kadar, Haikal Hafiz Bin, Malaysia Towards Cashless Society, Lecture Notes in Electrical Engineering, 565, pp. 34-42, (2019); Free Malaysia Today, (2017); Hasan Mahmud, Saikat M., The comparative analysis of online shopping information platform's security based on customer satisfaction, pp. 157-161, (2017); Shin, Donghee, Towards an understanding of the consumer acceptance of mobile wallet, Computers in Human Behavior, 25, 6, pp. 1343-1354, (2009); López Miguéns, María Jesús, An integral model of e-loyalty from the consumer's perspective, Computers in Human Behavior, 72, pp. 397-411, (2017); Nizam, Faisal, Measuring the effectiveness of E-wallet in Malaysia, Studies in Computational Intelligence, 786, pp. 59-69, (2019); Singh, Sindhu, Predicting the intention to use mobile banking in India, International Journal of Bank Marketing, 36, 2, pp. 357-378, (2018); Hassan, Mohamed Arif, A review on electronic payments security, Symmetry, 12, 8, pp. 1-24, (2020)","","Science and Information Organization","","","","","","21565570; 2158107X","","","","English","Article","Final","All Open Access; Gold Open Access","Scopus","2-s2.0-85124070483"
"J.J., Aduba, Joseph Jr; B., Asgari, Behrooz","Aduba, Joseph Jr (57221935464); Asgari, Behrooz (6505900761)","57221935464; 6505900761","Analysing and forecasting the diffusion of electronic payments system in Nigeria","2022","Technology Analysis and Strategic Management","34","10","","1215","1233","0","9","10.1080/09537325.2021.1950675","https://www.scopus.com/inward/record.uri?eid=2-s2.0-85110580901&doi=10.1080%2F09537325.2021.1950675&partnerID=40&md5=dcc03bc81ab1be3d22dcb722fb7d3cf2","Ritsumeikan University Biwako-Kusatsu Campus, Kusatsu, Japan; Ritsumeikan Asia Pacific University, Beppu, Japan","Aduba, Joseph Jr, Graduate School of Economics, Ritsumeikan University Biwako-Kusatsu Campus, Kusatsu, Japan; Asgari, Behrooz, Graduate School of Management, Ritsumeikan Asia Pacific University, Beppu, Japan","The electronic payments system is among recent service innovations that have transformed access to finance in developing and emerging economies. This paper analyses and forecasts the diffusions of four major electronic payment technologies in Nigeria, namely, ATM, PoS, Mobile and Web payments. Diffusion was measured by the volume of financial payments transacted on these technologies. First, we applied two growth models to evaluate the diffusion and to forecast the future trajectories of these payment technologies. Second, we applied the logistics substitution model to evaluate how these technologies compete in the Nigerian payments market. The findings show that like many technological innovations the diffusions of electronic payment technologies are characterised by growth, maturity, saturation, and decline. In addition, the mobile payment system was forecast to emerge as the most diffused payment technology given the volume of financial exchange that will occur on this platform. These findings have implications for innovators, regulators and service providers within the Nigerian payment ecosystems. The findings also have practical implication for achieving the cashless economy and the financial inclusion projects of the Nigerian state which rely on the successful diffusions of these technologies. © 2022 Elsevier B.V., All rights reserved.","033; Diffusion Models; Eps; Fintech; G17; O31; O35; Q55; Technological Innovations; Technology Forecasting; Developing World; Forecasting Method; Innovation; Modeling; Technology Diffusion; Nigeria","developing world; forecasting method; innovation; modeling; technology diffusion; Nigeria","","","","Adamuthe, Amol C., Technology forecasting: A case study of computational technologies, Technological Forecasting and Social Change, 143, pp. 181-189, (2019); International Journal of Economic Development Research and Investment, (2011); Agwu, M. E., Can technology bridge the gap between rural development and financial inclusions?, Technology Analysis and Strategic Management, pp. 1-11, (2020); Rtc Advisory Services Ltd, (2013); Munich Personal Repec Archive, (2012); Bankole, Felix Olu, Mobile Banking Adoption in Nigeria, Electronic Journal of Information Systems in Developing Countries, 47, 1, pp. 1-23, (2011); Bhargava, Subhash C., A generalized form of the fisher-pry model of technological substitution, Technological Forecasting and Social Change, 49, 1, pp. 27-33, (1995); Okello Candiya Bongomin, George, Mobile Money and Financial Inclusion in Sub-Saharan Africa: the Moderating Role of Social Networks, Journal of African Business, 19, 3, pp. 361-384, (2018); J Eng Technol Appl Sci, (2019); undefined, (2003)","","Routledge","","","","","","14653990; 09537325","","","","English","Article","Final","","Scopus","2-s2.0-85110580901"
"H., Fujiki, Hiroshi","Fujiki, Hiroshi (36884623800)","36884623800","Household financial services, financial literacy, and COVID-19 pandemic","2022","Applied Economics Letters","29","7","","615","618","0","9","10.1080/13504851.2021.1878092","https://www.scopus.com/inward/record.uri?eid=2-s2.0-85099749479&doi=10.1080%2F13504851.2021.1878092&partnerID=40&md5=0a6c5204cbf7c346a4528aa478505714","Chuo University, Hachioji, Japan","Fujiki, Hiroshi, Chuo University, Hachioji, Japan","This paper analyzes the relationship between the spread of the COVID-19 infection and the changes in financial services for households in Japan. Respondents who chose to increase demand for non-face-to-face financial services and cashless payments tended to have more financial assets and to be more financially literate. This result suggests that financial literacy is important in helping households embrace financial services to comply with the demands of social distancing under the spread of COVID-19. © 2022 Elsevier B.V., All rights reserved.","Cashless Payment; Covid-19; Financial Literacy; Non-face-to-face Financial Services; Covid-19; Demand Analysis; Disease Control; Epidemic; Financial Services; Financial System; Household Income; Pandemic; Japan","COVID-19; demand analysis; disease control; epidemic; financial services; financial system; household income; pandemic; Japan","","","This work was supported by The Japan Society for the Promotion of Science (JSPS) Research [Grant JP18K01704].","Cashless Payment Circumstances at the Covid 19 Disaster, (2020); Lusardi, Annamaria, The economic importance of financial literacy: Theory and evidence, Journal of Economic Literature, 52, 1, pp. 5-44, (2014); Journal of Securities Economics, (2016); History of Bank Atms from the Perspective of Depositors Services in Japanese, (2008); Empirical Analysis of Evolving Business in Japanese, (2020); Journal of Insurance Studies, (2016)","","Routledge","","","","","","14664291; 13504851","","","","English","Article","Final","","Scopus","2-s2.0-85099749479"
"L., Effiom, Lionel; S.E., Edet, Samuel Etim","Effiom, Lionel (54405418400); Edet, Samuel Etim (59795790200)","54405418400; 59795790200","Financial innovation and the performance of small and medium scale enterprises in Nigeria","2022","Journal of Small Business and Entrepreneurship","34","2","","141","174","0","24","10.1080/08276331.2020.1779559","https://www.scopus.com/inward/record.uri?eid=2-s2.0-85087644245&doi=10.1080%2F08276331.2020.1779559&partnerID=40&md5=fac5f328d0784dbfb41785c239b5561a","University of Calabar, Calabar, Nigeria; University of Calabar, Calabar, Nigeria","Effiom, Lionel, Department of Economics, University of Calabar, Calabar, Nigeria; Edet, Samuel Etim, Department of Business Management, University of Calabar, Calabar, Nigeria","The liberalization of the Nigerian financial sector inevitably resulted in the phenomenon of financial innovation. While studies exist that investigate the effect of financial innovation on economic growth in Nigeria, only a few have addressed its impact on the performance of SMEs. Yet, the few existing ones are micro studies that emphasize more on specific regional firms. The dearth of empirical studies at the economy-wide level, therefore, mandates this study, which fills this gap in the literature. This study employs autoregressive distributed lag methodology on quarterly data of financial innovation measures. Our findings indicate that financial innovation has a positive and significant effect on SMEs’ productivity in Nigeria. In particular, of the seven financial innovation instruments used (Automated Teller Machine, Point of Sales, Web or Internet Banking, Cheques, Nigeria Inter-bank Settlement System Electronic Fund Transfer, Nigeria Inter-Bank Settlement System Instant Payment, and Mobile Money Operations), all but one turned out in both the short run and long run as significant predictors of SMEs’ performance in Nigeria. Furthermore, the Toda-Yamamoto causality test reveals unidirectional causation running from financial innovation instruments to SMEs’ performance. These results have implications for SMEs’ growth and the current cashless policy of the Central Bank of Nigeria. © 2022 Elsevier B.V., All rights reserved.","Automated Clearing System; Autoregressive Distributed Lag Methodology; Financial Innovation; Small And Medium Scale Enterprises; Smes’ Performance","","","","The authors are staff of the University of Calabar, Calabar, Nigeria. The views expressed here are purely borne out of the findings and research efforts of the authors and not that of the University of Calabar.","Resource and Output Trends in the United States Since 1870, (1956); Iranian Economic Review, (2002); Analysis of the Cost of Infrastructure Failures in A Developing Economy the Case of the Electricity Sector in Nigeria, (2005); International Review of Business and Social Sciences, (2011); Adom, Philip Kofi, Modelling aggregate domestic electricity demand in Ghana: An autoregressive distributed lag bounds cointegration approach, Energy Policy, 42, pp. 530-537, (2012); Journal of African Macroeconomic Review, (2013); African Economic Outlook 2018, (2018); undefined, (2007); Endogenous Growth Theory, (1998); Journal of Entrepreneurship Management and Innovation, (2016)","","Taylor and Francis Ltd.","","","","","","08276331; 21692610","","","","English","Article","Final","","Scopus","2-s2.0-85087644245"
"R., Kotkowski, Radoslaw; M., Polasik, Michał","Kotkowski, Radoslaw (57050332800); Polasik, Michał (26023614500)","57050332800; 26023614500","COVID-19 pandemic increases the divide between cash and cashless payment users in Europe","2021","Economics Letters","209","","110139","","","0","44","10.1016/j.econlet.2021.110139","https://www.scopus.com/inward/record.uri?eid=2-s2.0-85119434838&doi=10.1016%2Fj.econlet.2021.110139&partnerID=40&md5=3f96a661f724fe2a56e9181c2fb995f2","Narodowy Bank Polski, Warsaw, Poland; Uniwersytet Mikołaja Kopernika w Toruniu, Torun, Poland","Kotkowski, Radoslaw, Narodowy Bank Polski, Warsaw, Poland; Polasik, Michał, Uniwersytet Mikołaja Kopernika w Toruniu, Torun, Poland","This paper investigates how the COVID-19 pandemic has changed an important aspect of everyday life, viz. how people make payments. The empirical study is based on a survey of over 5000 respondents from 22 European countries. It shows that consumers who had been making cashless payments prior to the outbreak of the pandemic have been even more likely to do so since it broke out. On the other hand, the consumers who had mostly been paying in cash have often continued to do so. The divide between those who pay in cash and those who do not, therefore, seems to have widened during the pandemic. It may suggest financial inclusion issues. Additionally, we found that the probability of more frequent cashless payments as a result of the pandemic differs considerably between countries and therefore indicate the role of country-specific factors. © 2021 Elsevier B.V., All rights reserved.","Cash; Cashless Payments; Change In Payment Behaviour; Covid-19 Pandemic","","","","We would like to thank Mariusz Kapuściński for his invaluable support and constructive comments. Any remaining errors are our own. This paper was funded by the National Science Centre, Poland (Grant No. 2017/26/E/HS4/00858 ). The views and opinions expressed in this article are those of the authors and do not necessarily reflect the official policy or position of Narodowy Bank Polski.","Arango-Arango, Carlos A., Cash remains top-of-wallet! International evidence from payment diaries, Economic Modelling, 69, pp. 38-48, (2018); Bank of Italy Occasional Paper, (2020); Bagnall, John, Consumer cash usage: A cross-country comparison with payment diary survey data∗, International Journal of Central Banking, 12, 4, pp. 1-61, (2016); undefined, (2020); Study on the Payment Attitudes of Consumers in the Euro Area Space, (2020); undefined, (2020); Humphrey, David Burras, Benefits from a changing payment technology in European banking, Journal of Banking and Finance, 30, 6, pp. 1631-1652, (2006); undefined, (2020); Koulayev, Sergei, Explaining adoption and use of payment instruments by US consumers, RAND Journal of Economics, 47, 2, pp. 293-325, (2016); Kraenzlin, Sébastien, COVID-19 and regional shifts in Swiss retail payments, Swiss Journal of Economics and Statistics, 156, 1, (2020)","","Elsevier B.V.","","","","","","01651765","","ECLED","","English","Article","Final","All Open Access; Green Accepted Open Access; Green Final Open Access; Green Open Access; Hybrid Gold Open Access","Scopus","2-s2.0-85119434838"
"B., Frączek, Bożena; A., Urbanek, Anna","Frączek, Bożena (56716223000); Urbanek, Anna (56287027800)","56716223000; 56287027800","Financial inclusion as an important factor influencing digital payments in passenger transport: A case study of EU countries","2021","Research in Transportation Business and Management","41","","100691","","","0","39","10.1016/j.rtbm.2021.100691","https://www.scopus.com/inward/record.uri?eid=2-s2.0-85108944587&doi=10.1016%2Fj.rtbm.2021.100691&partnerID=40&md5=83367c2d2cccd829e042093a03fd8ad3","University of Economics in Katowice, Katowice, Poland; University of Economics in Katowice, Katowice, Poland","Frączek, Bożena, Department of Banking and Financial Markets, University of Economics in Katowice, Katowice, Poland; Urbanek, Anna, Department of Transport, University of Economics in Katowice, Katowice, Poland","The digitalisation of payments is a major trend in passenger transport, and is very often seen as a condition for improving the efficiency of the services provided. The technology used for digital payments in passenger transport is constantly evolving. As in other areas, mobile technology is currently developing the most dynamically. This paper presents the rationale for the development of digital payments in passenger transport, and identifies various factors influencing the level of digital ticketing and payments in this sector. The study uses a macroeconomic approach and was carried out on a macro scale using aggregated data for European Union countries. Using the multiple linear regression method, the factors influencing digital payments in passenger transport were determined. The results obtained show that the level of digital payments in passenger transport depends on the degree of mobile device usage for accessing the internet on the move, as well as the level of financial inclusion provided through electronic banking services. The results of this study offer several important implications for the academic body of knowledge and for business practice, as well as indicating directions for future studies in this field. © 2021 Elsevier B.V., All rights reserved.","Cashless; Digital Payments; E-ticketing; Electronic Ticketing; Financial Inclusion; Passenger Transport","","","","The authors would like to thank the editors and anonymous reviewers for all their comments, notes and suggestions which have improved the article and its substantive value. Moreover, the authors would like to thank Prof. UE dr hab. Jan Acedański for his assistance, comments and suggestions, which allowed us to improve the paper.","Acquisti, Alessandro, Privacy and human behavior in the age of information, Science, 347, 6221, pp. 509-514, (2015); Ampelas, André, Automatic fare collection, IEEE Conference on Intelligent Transportation Systems, Proceedings, ITSC, pp. 1164-1166, (2001); Cihan University Erbil Journal of Humanities and Social Sciences, (2019); van den Bergh, Jeroen C.J.Mvan, The GDP paradox, Journal of Economic Psychology, 30, 2, pp. 117-135, (2009); Payment Aspects of Financial Inclusion, (2016); Blythe, P. T., Transforming Access to and Payment for Transport Services through the Use of Smart Cards, ITS Journal: Intelligent Transportation Systems Journal, 6, 1, pp. 45-68, (2000); Traffic Engineering and Control, (2002); Bolton, Ruth N., Understanding Generation Y and their use of social media: A review and research agenda, Journal of Service Management, 24, 3, pp. 245-267, (2013); Castillo-Manzano, José I., The decline of the traditional travel agent model, Transportation Research Part E: Logistics and Transportation Review, 46, 5, pp. 639-649, (2010); Pressacademia, (2018)","","Elsevier Ltd","","","","","","22105395","","","","English","Article","Final","","Scopus","2-s2.0-85108944587"
"E., Borgonovo, Emanuele; S., Caselli, Stefano; A., Cillo, Alessandra; D.M., Masciandaro, Donato M.; G., Rabitti, Giovanni","Borgonovo, Emanuele (6603293949); Caselli, Stefano (35768856500); Cillo, Alessandra (15059844500); Masciandaro, Donato M. (8606130400); Rabitti, Giovanni (57203624331)","6603293949; 35768856500; 15059844500; 8606130400; 57203624331","Money, privacy, anonymity: What do experiments tell us?","2021","Journal of Financial Stability","56","","100934","","","0","27","10.1016/j.jfs.2021.100934","https://www.scopus.com/inward/record.uri?eid=2-s2.0-85113352430&doi=10.1016%2Fj.jfs.2021.100934&partnerID=40&md5=1f6dd2ddd7778b229d27c935fcd06edc","Università Bocconi, Milan, Italy; Università Bocconi, Milan, Italy; Università Bocconi, Milan, Italy; Università Bocconi, Milan, Italy; Heriot-Watt University, Edinburgh, United Kingdom","Borgonovo, Emanuele, Department of Decision Sciences, Università Bocconi, Milan, Italy; Caselli, Stefano, Department of Finance, Università Bocconi, Milan, Italy; Cillo, Alessandra, Department of Decision Sciences, Università Bocconi, Milan, Italy; Masciandaro, Donato M., and SUERF, Università Bocconi, Milan, Italy; Rabitti, Giovanni, Department of Actuarial Mathematics and Statistics, Heriot-Watt University, Edinburgh, United Kingdom","The attention paid to the role of money as a store of privacy is increasing. In a monetary transaction, full privacy protection coincides with anonymity. In such situations, an empirical question arises: Is anonymity relevant in shaping the demand for money? We attempt to answer this question through laboratory experiments. The results show that anonymity matters and increases the overall appeal of a medium of payment, and that this effect is stronger for risk-prone individuals. Moreover, the trade-off between the two properties of liquidity and return is relatively high – to accept higher illiquidity risks, individuals require a more-than-proportional increase in the expected return. In general, the experiments suggest that the future attractiveness of alternative currencies depends on whether the three properties of money are mixed in a way that is consistent with the individual's preferences. © 2021 Elsevier B.V., All rights reserved.","Anonymity; Cash; Central Bank Digital Currencies; Experimental Economics; Money Demand; Privacy; Private Digital Currencies","","","","","Blockchain Economics, (2018); Acquisti, Alessandro, Privacy and human behavior in the age of information, Science, 347, 6221, pp. 509-514, (2015); Agur, Itai, Designing central bank digital currencies, Journal of Monetary Economics, 125, pp. 62-79, (2022); Aliprantis, Charalambos D., Anonymous markets and monetary trading, Journal of Monetary Economics, 54, 7, pp. 1905-1928, (2007); Altermatt, Lukas, Asset pricing in monetary economies, Journal of International Money and Finance, 115, (2021); Ardizzi, Guerino, Money laundering as a crime in the financial sector: A new approach to quantitative assessment, with an application to Italy, Journal of Money, Credit and Banking, 46, 8, pp. 1555-1590, (2014); Withering Cash is Sweden Ahead of the Curve or Just Special, (2020); After Libra Digital Yuan and Covid 19 Central Bank Digital Currencies and the New World of Money and Payment Systems, (2020); undefined, (1993); Digital Privacy Paradox Small Money Small Costs Small Talk, (2017)","","Elsevier B.V.","","","","","","15723089","","","","English","Article","Final","","Scopus","2-s2.0-85113352430"
"L., Baker, Lucy","Baker, Lucy (57870311600)","57870311600","Everyday experiences of digital financial inclusion in India's ‘micro-entrepreneur’ paratransit services","2021","Environment and Planning A","53","7","","1810","1827","0","19","10.1177/0308518X211026320","https://www.scopus.com/inward/record.uri?eid=2-s2.0-85111149400&doi=10.1177%2F0308518X211026320&partnerID=40&md5=3fc11f3d9c0009c2822476cf2c8b2f8d","University of Oxford, Oxford, United Kingdom","Baker, Lucy, Transport Studies Unit, University of Oxford, Oxford, United Kingdom","Self-employed labour in transportation is a notoriously precarious form of employment that occurs throughout many developing countries. In order to offset high-cost and insecure vehicle procurement arrangements, paratransit fare structures are formulated on the basis of a set of logics designed to maximise revenues. Although entrepreneurial, when these logics occur in conflict with public fare legislation, they are undertaken illegally, or informally, and are perceived as undesirable by policy makers and transport users. However, the underlying structures that necessitate these practices are seldom examined despite their significant effect on mobilities and the livelihood experiences of male entrepreneurs. This paper engages with critical literatures on the financialisation of poverty reduction to present financialisation as a class-based mechanism that, with the rapid increase of digital payment and ‘alternative’ credit scoring, structures micro-entrepreneurship and precarity in the neoliberal context of India. The paper argues that digitally enhanced financial inclusion techniques may steer low-income workers toward mainstream finance institutions modelled on the global economy. They enable profit to be generated by investors and private microfinance companies. However, new financial technologies do not do little to reduce the risk and expense of microfinance, nor do they increase micro-entrepreneurs' profit margins. Moreover, they threaten the informal practices entrepreneurs use to self-manage their financial precarity. © 2021 Elsevier B.V., All rights reserved.","Cashless; Credit Scores; Financial Inclusion; Financialisation; Micro-entrepreneur; Microfinance; Paratransit; Credit Provision; Financial Crisis; Financial Policy; Microenterprise; Microfinance; Neoliberalism; India","credit provision; financial crisis; financial policy; microenterprise; microfinance; neoliberalism; India","","","The authors disclosed receipt of the following financial support for the research, authorship, and/or publication of this article: This work was supported by the PEAK Urban programme, funded by UKRI’s Global Challenge Research Fund (grant no. ES/P011055/1).","Agbiboa, Daniel Egiegba, ‘No Condition IS Permanent': Informal Transport Workers and Labour Precarity in Africa's Largest City, International Journal of Urban and Regional Research, 40, 5, pp. 936-957, (2016); Aitken, Rob, The financialization of micro-credit, Development and Change, 44, 3, pp. 473-499, (2013); Aitken, Rob, All data is credit data': Constituting the unbanked, Competition and Change, 21, 4, pp. 274-300, (2017); Amable, Bruno, Morals and politics in the ideology of neo-liberalism, Socio-Economic Review, 9, 1, pp. 3-30, (2011); Athique, Adrian Mabbott, A great leap of faith: The cashless agenda in Digital India, New Media and Society, 21, 8, pp. 1697-1713, (2019); Bateman, Milford, Small loans, big problems: The rise and fall of microcredit as development policy, pp. 131-150, (2018); Behrens, Roger B., Improving paratransit service: Lessons from inter-city matatu cooperatives in Kenya, Transport Policy, 53, pp. 79-88, (2017); Palgrave Handbook of Contemporary International Political Economy Palgrave Handbooks in Ipe, (2019); Frimpong Boamah, Emmanuel, “Techno-market fix”? Decoding wealth through mobile money in the global South, Geoforum, 106, pp. 253-262, (2019); Bowsher, Josh, Credit/debt and human capital: Financialized neoliberalism and the production of subjectivity, European Journal of Social Theory, 22, 4, pp. 513-532, (2019)","","SAGE Publications Ltd","","","","","","14723409; 0308518X","","","","English","Article","Final","All Open Access; Hybrid Gold Open Access","Scopus","2-s2.0-85111149400"
"R.A., Rahadi, Raden Aswin; N.R.R., Putri, Nindya Resti Ramadhani; S., Soekarno, Subiakto; S.M., Da-Mayanti, Sylviana Maya; I., Murtaqi, Isrochmani; J., Saputra, Jumadil","Rahadi, Raden Aswin (56656538200); Putri, Nindya Resti Ramadhani (57254726100); Soekarno, Subiakto (55991048900); Da-Mayanti, Sylviana Maya (57254039000); Murtaqi, Isrochmani (57203368982); Saputra, Jumadil (57195569546)","56656538200; 57254726100; 55991048900; 57254039000; 57203368982; 57195569546","Analyzing cashless behavior among generation z in indonesia","2021","International Journal of Data and Network Science","5","4","","601","612","0","8","10.5267/j.ijdns.2021.8.007","https://www.scopus.com/inward/record.uri?eid=2-s2.0-85114702920&doi=10.5267%2Fj.ijdns.2021.8.007&partnerID=40&md5=fc298b172244b1867e9af72ae69a7aee","Institut Teknologi Bandung, Bandung, Indonesia; Universiti Malaysia Terengganu, Kuala Terengganu, Malaysia","Rahadi, Raden Aswin, Institut Teknologi Bandung, Bandung, Indonesia; Putri, Nindya Resti Ramadhani, Institut Teknologi Bandung, Bandung, Indonesia; Soekarno, Subiakto, Institut Teknologi Bandung, Bandung, Indonesia; Da-Mayanti, Sylviana Maya, Institut Teknologi Bandung, Bandung, Indonesia; Murtaqi, Isrochmani, Institut Teknologi Bandung, Bandung, Indonesia; Saputra, Jumadil, Economics and Social Development, Universiti Malaysia Terengganu, Kuala Terengganu, Malaysia","Secure, convenient, and affordable payment instruments are one factor that drives up the development of the national economy. Having a good and stable national economic condition is the intention of every country. The usage of electronic payment instruments is proven to boost economic growth and advance financial inclusion. However, the usage of e-payment among generation Z in Indonesia is still relatively low. Of these, this study is written to analyze the factors influencing electronic payment used to be taken as a concern on evaluating the current level of the cashless society. The model to assess the influencing factors is adopted from UTAUT variables: performance expectancy, effort expectancy, and social influence, combined with two external variables: culture and perceived security. The questionnaire is distributed to 458 respondents, covering generation Z in Bandung City. A quantitative approach was used to assess the questionnaire result, examining the relationship between each factor and electronic payment usage. The results indicate three factors that significantly influence electronic payment usage among generation Z in Bandung City: performance expectancy, social influence, and culture. © 2021 Elsevier B.V., All rights reserved.","Cashless Society; Electronic Payment; Financial Awareness; Indonesia; Utaut","","","","","Electronic Payment Systems A User Centered Perspective and Interaction Design, (2004); Global Consumer Shopping Survey 2017 Generation Z to Switch the Majority of Purchases to Retailers that Provide the Newest Digital Tools and Channels, (2017); Money and Banking Analysis and Policy in the Nigerian Context, (2006); International Journal of Innovation Management and Technology, (2017); International Review of Social Sciences, (2016); Penduduk Indonesia Menurut Kelompok Umur Dan Jenis Kelamin, (2017); Jumlah Penduduk Menurut Kelompok Umur Dan Jenis Kelamin Di Kota Bandung, (2018); An Analysis on Factors that Influence Customers Intention to Use Internet Banking in Jayapura City, (2017); Business Research Methods, (2003); Technology Adoption and Diffusion, (1999)","","Growing Science","","","","","","25618156; 25618148","","","","English","Article","Final","All Open Access; Gold Open Access","Scopus","2-s2.0-85114702920"
"J.S., Sam, Jillet Sarah; A., Chakraborty, Anwesha; J., Srinivasan, Janaki","Sam, Jillet Sarah (57194051107); Chakraborty, Anwesha (57214108114); Srinivasan, Janaki (36845386600)","57194051107; 57214108114; 36845386600","Cashlessness in India: Vision, policy and practices","2021","Telecommunications Policy","45","8","102169","","","0","12","10.1016/j.telpol.2021.102169","https://www.scopus.com/inward/record.uri?eid=2-s2.0-85105591568&doi=10.1016%2Fj.telpol.2021.102169&partnerID=40&md5=84f11fed4a185a3f1849fb3b8a460d9f","Indian Institute of Technology Kanpur, Kanpur, India; Alma Mater Studiorum Università di Bologna, Bologna, Italy; IIIT Bangalore, Bengaluru, India","Sam, Jillet Sarah, Department of Humanities and Social Sciences, Indian Institute of Technology Kanpur, Kanpur, India; Chakraborty, Anwesha, Department of Political and Social Sciences, Alma Mater Studiorum Università di Bologna, Bologna, Italy; Srinivasan, Janaki, Centre for Information Technology and Public Policy, IIIT Bangalore, Bengaluru, India","Over the past few years, an increasing convergence can be observed between international and Indian initiatives towards cashlessness, often involving a broad range of actors and influences. Despite this convergence, it is also clear that the conceptualization and implementation, or goals and outcomes of cashlessness can vary considerably, which indicates the need for a closer look at the Indian case. In this introductory note to the special issue on cashlessness in India, we outline the variety of institutions, stakeholders (regulatory, financial and technological actors), technologies and policies involved. As we have observed, digital payments and financial inclusion are two significant planks of cashlessness in India. Perhaps as a result, digital payments have been intentionally defined in a broad manner in India – ranging from anti-cash to less-cash and now contactless payments in the aftermath of Covid-19. Considering the variety of legal, economic, social and technological concerns involved, this special issue adopts 2 complementary foci to study cashlessness in India: technological visions and the systems undergirding it, and practices of end users. The special issue includes four papers. The first paper argues that the Digital India programme may lead to the commercialization of bias. The second paper historicizes the Indian demonetization of 2016 and examines its stated and unstated goals. The next paper provides a conceptual model on technology adoption in the context of digital payments. The final paper argues that users strategically switch between multiple payments media based on the context in which the transaction is taking place. © 2021 Elsevier B.V., All rights reserved.","Cashless; Contactless; Covid-19; Demonetization; Digital Payments; India","","","","Mainstream discourse attributes cash to the underground economy (Schneider & Enste, 2000); with Harvard economist Kenneth Rogoff (2016) identifying cash as a “curse” which ails the world today, and arguing that cash is used for tax evasion, corruption, financing terrorism, the drug trade and human trafficking. Clearly influenced by this line of thinking, the Indian PM, Narendra Modi, has referenced Rogoff in his interviews to the press to justify the need for a shock demonetization in India saying it would “break the grip of corruption and black money” (Business Standard, 2017; Chengappa, 2016). Another key plank in the vision of cashlessness in India is financial inclusion, and this echoes a global developmental agenda from organizations including the UN, ITU, the Inter-American Bank and Grameen Foundation. The United Nations Capital Development Fund discusses financial inclusion closely in connection with the UN's Sustainable Development Goals 2030. The m-Pesa success story in Kenya since 2007 tied financial inclusion conversations firmly to the introduction of digital technologies - specifically, mobile money - and away from cash. Even closer home to India, in a 2014 report, the McKinsey Global Institute identified digital payments as one of 12 “empowering” and “disruptive” technologies that can improve the standard of living for Indians across the board (Kaka et al., 2014, p. 1).","undefined, (2016); Indias Demonitization Drive A Necessary Jolt Towards A More Digital Economy, (2018); Aker, Jenny C., Payment mechanisms and antipoverty programs: Evidence from a mobile money cash transfer experiment in Niger, Economic Development and Cultural Change, 65, 1, pp. 1-37, (2016); Athique, Adrian Mabbott, A great leap of faith: The cashless agenda in Digital India, New Media and Society, 21, 8, pp. 1697-1713, (2019); undefined, (2018); Full Text Pm Modis 2016 Demonetisation Speech that Shocked India, (2017); undefined, (2016); Interview of the Year Pm Narendra Modi Exclusive His First Since Demonetisation, (2016); Cross, Jamie, Neoliberalism as unexceptional: Economic zones and the everyday precariousness of working life in South India, Critique of Anthropology, 30, 4, pp. 355-373, (2010); Virtually Irreplaceable Cash as Public Infrastructure, (2019)","","Elsevier Ltd","","","","","","03085961","","TEPOD","","English","Editorial","Final","All Open Access; Green Accepted Open Access; Green Open Access","Scopus","2-s2.0-85105591568"
"E.M., Fleck, Emma Marie; M.E., Ozlanski, Michael E.","Fleck, Emma Marie (35223226700); Ozlanski, Michael E. (57190294499)","35223226700; 57190294499","Cash: never leave home with it?","2021","CASE Journal","17","2","","182","201","0","1","10.1108/TCJ-06-2019-0055","https://www.scopus.com/inward/record.uri?eid=2-s2.0-85117298654&doi=10.1108%2FTCJ-06-2019-0055&partnerID=40&md5=6c52f9a6403679589c5a1067b8bfbbe2","Susquehanna University, Selinsgrove, United States","Fleck, Emma Marie, Susquehanna University, Selinsgrove, United States; Ozlanski, Michael E., Susquehanna University, Selinsgrove, United States","Theoretical basis: The learning objectives aim to provide an understanding of the changing nature of consumer payments and the impact upon both businesses and consumers. This can be achieved by examining the case through the lens of stakeholder theory, which posits that businesses are “responsible … to ‘those groups and individuals who can affect or be affected by their actions.’” Collectively, those groups and individuals are known as stakeholders and they commonly include “customers, employees, suppliers, communities and financiers.” In addition to creating value for the owners, businesses should also consider how they can create value for each of their other stakeholders (Freeman et al., 2010, p. 9). In addition, consistent with the theory of management control systems (Chenhall, 2003), the automatic processing of cashless transactions enables businesses to more efficiently record their earnings, commission payments (if applicable) and monitor cash collections. As all data are captured in an electronic format, they can easily understand their sales and profitability through user-friendly and visually appealing dashboards. This, in turn, enables them to obtain a more accurate and timely view of their business and they can appropriately adjust their operations and strategy as a result of this information. Finally, cashless payments enable more accurate and efficient reporting of information to taxing authorities, which decreases the possibility that the affected parties would underreport income and underpay taxes. This is similarly consistent with the theory of management control systems (Chenhall, 2003) because the improved systems of financial reporting assure compliance with tax laws and regulations. Research methodology: This case was developed using both primary and secondary data sources. The authors interviewed the participants in London and the secondary data collection used relevant sources from appropriate literature and the popular press. Case overview/synopsis: In London, consumer transactions were as plentiful as the eight million people who lived there. While cash was considered “king” in retail, cash payments dropped by 15% across the UK in 2017, and debit and credit cards became the predominant payment method (Kollewe, 2018). Cash represented only 40% of customer payments and was expected to drop to 21% by 2026 (Lyons et al., 2018). This was likely driven by contactless payments whereby consumers preferred the speed and ease of being able to “tap and go.” As businesses were charged fees to accept credit card payments, many expected that small businesses would insist on cash for small transactions. Instead, some banished cash completely. Insights from two London businesses helped explain why some were dropping cash and completely embracing cards. Complexity academic level: This case can be used in a variety of undergraduate level courses to discuss trends in customer payment methods and the decisions of some businesses to completely abandon cash. Some example courses and suggested supporting materials include the following: • Consumer behavior • Entrepreneurial finance • Survey of accounting • Introduction to financial accounting. © 2021 Elsevier B.V., All rights reserved.","Cashless Payment Systems; Cashless Transactions; Management Control Systems; Value Creation","","","","The authors are also grateful for the research support from Susquehanna University.Disclaimer. This case is intended to be used as the basis for class discussion rather than to illustrate either effective or ineffective handling of a management situation. The case was compiled from published sources.","Heres how Dirty Your Money Really is, (2017); Merchants Missing Out on Online Sales as Digital Security Concerns Influence Consumer Purchasing Behavior, (2017); Report on the Economic Well Being of U S Households in 2015, (2015); Report on the Economic Well Being of U S Households in 2019, (2020); Consumer Debt Hits 4 Trillion, (2019); Household Debt and Credit Report for Q1 2020, (2020); Hubris of Trying to Eliminate Cash, (2014); Financial Inclusion Report, (2019); Why Some Payments Should Remain Anonymous, (2013); Contactless Payments Skyrocket Because no One Wants to Handle Cash","","Emerald Group Holdings Ltd.","","","","","","15449106","","","","English","Article","Final","","Scopus","2-s2.0-85117298654"
"B., Swiecka, Beata; P., Terefenko, Paweł; T., Wiśniewski, Tomasz; J.J., Xiao, Jing Jian","Swiecka, Beata (57209328052); Terefenko, Paweł (55023815800); Wiśniewski, Tomasz (35147090100); Xiao, Jing Jian (8435498300)","57209328052; 55023815800; 35147090100; 8435498300","Consumer financial knowledge and cashless payment behavior for sustainable development in poland","2021","Sustainability (Switzerland)","13","11","6401","","","0","26","10.3390/su13116401","https://www.scopus.com/inward/record.uri?eid=2-s2.0-85108346268&doi=10.3390%2Fsu13116401&partnerID=40&md5=767d770bce0312adcf8ddf472eb6ff08","Uniwersytet Szczecinski, Szczecin, Poland; Uniwersytet Szczecinski, Szczecin, Poland; Uniwersytet Szczecinski, Szczecin, Poland; The University of Rhode Island, Kingston, United States","Swiecka, Beata, Institute of Economy and Finance, Uniwersytet Szczecinski, Szczecin, Poland; Terefenko, Paweł, Institute of Marine and Environmental Sciences, Uniwersytet Szczecinski, Szczecin, Poland; Wiśniewski, Tomasz, Institute of Management, Uniwersytet Szczecinski, Szczecin, Poland; Xiao, Jing Jian, Department of Human Development and Family Studies, The University of Rhode Island, Kingston, United States","Financial knowledge is the main element of financial literacy, which is important for the sustainable development of individuals and society. Sustainability is a complex concept that spans many fields, including financial knowledge for all ages. Financial knowledge requires significant scientific research showing its impact on individuals and the economy, including non-cash payments. Consumer payment knowledge and its association with consumer financial behavior have long been a matter of widespread interest by researchers, but no in-depth, empirically based scientific research has been completed for Poland. The objective of this study was to examine factors associated with cashless payment behavior with an emphasis on the role of consumer financial knowledge. A total of 1100 interviews were carried out with Polish nationals aged 15 and above. The collected data were analyzed with the use of statistical methods, including analysis of variances (ANOVA), in order to examine consumers’ financial knowledge by basic economic and non-economic factors. Additionally, a data-mining method known as Random Forests was implemented for finding the variable importance in correlations between consumer financial knowledge and preferred methods of payment. The results revealed the diversity of factors influencing consumer behavior. Among the consumers’ personal traits, financial knowledge was one of the most important determinants of their payment choices. The results have implications for the design of payment processes. The results can be used by central banks to determine the directions of financial inclusion, as well as for stakeholders in the payments market. © 2021 Elsevier B.V., All rights reserved.","Cash-less Payment; Consumer Behavior; Financial Knowledge; Financial Literacy; Payment Behavior; Financial System; Knowledge; Stakeholder; Sustainability; Sustainable Development; Poland [central Europe]","financial system; knowledge; stakeholder; sustainability; sustainable development; Poland [Central Europe]","","","Funding: This research was co-financed within the framework of the program of the Ministry of Science and Higher Education under the name “Regional Excellence Initiative” during the period 2019–2022; project number 001/RID/2018/19; the amount of financing PLN 10,684,000.00.","Practicing Sustainability, (2013); Warner, Connor K., Intergenerational financial literacy: The case for teaching sustainable financial decision making in schools, Citizenship, Social and Economics Education, 11, 3, pp. 202-212, (2012); Oida International Journal of Sustainable Development, (2011); Swiecka, Beata, Financial literacy: The case of Poland, Sustainability (Switzerland), 12, 2, (2020); Comparison of Selected Elements Polish Payment System with Systems of Other Countries European Union for 2019, (2020); 2017 Methods of Payment Survey Report, (2025); Fujiki, Hiroshi, Cash demand and financial literacy: A case study using Japanese survey data, Japan and the World Economy, 54, (2020); Use of Cash by Households in the Euro Area, (2017); Federal Reserve Bank of Boston Research Data Reports, (2017); Koulayev, Sergei, Explaining adoption and use of payment instruments by US consumers, RAND Journal of Economics, 47, 2, pp. 293-325, (2016)","","MDPI AG","","","","","","20711050","","","","English","Article","Final","All Open Access; Gold Open Access; Green Final Open Access; Green Open Access","Scopus","2-s2.0-85108346268"
"H., Jung, Hyunjun; D., Jeong, Dongwon","Jung, Hyunjun (55635050600); Jeong, Dongwon (56251487500)","55635050600; 56251487500","Blockchain implementation method for interoperability between cbdcs","2021","Future Internet","13","5","133","","","0","27","10.3390/fi13050133","https://www.scopus.com/inward/record.uri?eid=2-s2.0-85107174566&doi=10.3390%2Ffi13050133&partnerID=40&md5=feca251a546aaee0f3dca91ebb2f5df5","Kunsan National University, Gunsan, South Korea","Jung, Hyunjun, Department of Software Convergence Engineering, Kunsan National University, Gunsan, South Korea; Jeong, Dongwon, Department of Software Convergence Engineering, Kunsan National University, Gunsan, South Korea","Central Bank Digital Currency (CBDC) is a digital currency issued by a central bank. Motivated by the financial crisis and prospect of a cashless society, countries are researching CBDC. Recently, global consideration has been given to paying basic income to avoid consumer sentiment shrinkage and recession due to epidemics. CBDC is coming into the spotlight as the way to manage the public finance policy of nations comprehensively. CBDC is studied by many countries. The bank of the Bahamas released Sand Dollar. Each country’s central bank should consider the situation in which CBDCs are exchanged. The transaction of the CDDB is open data. Transaction registers CBDC exchange information of the central bank in the blockchain. Open data on currency exchange between countries will provide information on the flow of money between countries. This paper proposes a blockchain system and management method based on the ISO/IEC 11179 metadata registry for exchange between CBDCs that records transactions between registered CBDCs. Each country’s CBDC will have a different implementation and time of publication. We implement the blockchain system and experiment with the operation method, measuring the block generation time of blockchains using the proposed method. © 2021 Elsevier B.V., All rights reserved.","Cbdc; Cbdc Exchange; Cbdc Interoperability Blockchain System; Iso/iec 11179; Electronic Money; Open Data; Currency Exchange; Financial Crisis; Generation Time; Management Method; Metadata Registry; Operation Methods; Public Finance; Sand Dollars; Blockchain","Electronic money; Open Data; Currency exchange; Financial crisis; Generation time; Management method; Metadata registry; Operation methods; Public finance; Sand dollars; Blockchain","","","Funding: This work was supported by the Ministry of Education of the Republic of Korea (No. 2019R1I1A3A01060826).","Bitcoin A Peer to Peer Electronic Cash System, (2008); Nofer, Michael, Blockchain, Business and Information Systems Engineering, 59, 3, pp. 183-187, (2017); Saberi, Sara, Blockchain technology and its relationships to sustainable supply chain management, International Journal of Production Research, 57, 7, pp. 2117-2135, (2019); undefined; Ethereum A Secure Decentralised Generalised Transaction Ledger, (2014); Zhou, Qiheng, Solutions to Scalability of Blockchain: a Survey, IEEE Access, 8, pp. 16440-16455, (2020); undefined; Central Bank Digital Currencies Design Principles and Balance Sheet Implications, (2018); Central Bank Digital Currencies, (2025); undefined","","MDPI AG","","","","","","19995903","","","","English","Article","Final","All Open Access; Gold Open Access","Scopus","2-s2.0-85107174566"
"G., Goodell, Geoffrey; H.D., Al-Nakib, Hazem Danny; P., Tasca, Paolo","Goodell, Geoffrey (57219501645); Al-Nakib, Hazem Danny (57219692207); Tasca, Paolo (55332388800)","57219501645; 57219692207; 55332388800","A digital currency architecture for privacy and owner-custodianship","2021","Future Internet","13","5","130","","","0","19","10.3390/fi13050130","https://www.scopus.com/inward/record.uri?eid=2-s2.0-85106732780&doi=10.3390%2Ffi13050130&partnerID=40&md5=a61f29a1007beb6d891135b8045b607d","University College London, London, United Kingdom","Goodell, Geoffrey, University College London, London, United Kingdom; Al-Nakib, Hazem Danny, University College London, London, United Kingdom; Tasca, Paolo, University College London, London, United Kingdom","In recent years, electronic retail payment mechanisms, especially e-commerce and card payments at the point of sale, have increasingly replaced cash in many developed countries. As a result, societies are losing a critical public retail payment option, and retail consumers are losing important rights associated with using cash. To address this concern, we propose an approach to digital currency that would allow people without banking relationships to transact electronically and privately, including both e-commerce purchases and point-of-sale purchases that are required to be cashless. Our proposal introduces a government-backed, privately-operated digital currency infrastructure to ensure that every transaction is registered by a bank or money services business, and it relies upon non-custodial wallets backed by privacy-enhancing technology, such as blind signatures or zero-knowledge proofs, to ensure that transaction counterparties are not revealed. Our approach to digital currency can also facilitate more efficient and transparent clearing, settlement, and management of systemic risk. We argue that our system can restore and preserve the salient features of cash, including privacy, owner-custodianship, fungibility, and accessibility, while also preserving fractional reserve banking and the existing two-tiered banking system. We also show that it is possible to introduce regulation of digital currency transactions involving non-custodial wallets that unconditionally protect the privacy of end-users. © 2021 Elsevier B.V., All rights reserved.","Cbdc; Digital Currency; Distributed Ledgers; E-commerce; Non-custodial Wallets; Owner-custodianship; Payments; Privacy; Shielded Transactions; Banking; Infrastructure As A Service (iaas); Privacy By Design; Sales; Banking Systems; Blind Signatures; Developed Countries; Payment Mechanism; Privacy Enhancing Technologies; Retail Consumers; Salient Features; Zero Knowledge Proof; Electronic Money","Banking; Infrastructure as a service (IaaS); Privacy by design; Sales; Banking systems; Blind signatures; Developed countries; Payment mechanism; Privacy enhancing technologies; Retail consumers; Salient features; Zero knowledge proof; Electronic money","","","Funding text 1: Acknowledgments: We thank Tomaso Aste for his continued support for our project, and we thank Larry Wall of the Federal Reserve Bank of Atlanta, Robleh Ali of the MIT Media Laboratory, and Erica Salinas of the Value Technology Foundation for their valuable feedback. We also acknowledge the support of the Center for Blockchain Technologies at University College London, the Center for Technology and Global Affairs at the University of Oxford, and the Systemic Risk Center at the London School of Economics, and we specifically acknowledge the European Commission for the FinTech project (H2020-ICT-2018-2 825215).; Funding text 2: Funding: This research was funded by Horizon 2020 grant number H2020-ICT-2018-2 825215.","Casting Light on Central Bank Digital Currency, (2018); Bis Bulletin 3 3 April 2020; Comment on Fr Doc 2020 28437; undefined, (2019); Fact Check no US Law Requires Businesses to Take Cash but Local Laws May Mandate It; Where to Withdraw Mapping Access to Cash Across the Uk, (2020); Privacy Aspects of the Cashless and Checkless Society, (1968); Computers and People, (1975); Deregulating Collection Must Privacy Give Way to Use Regulation, (2017); Rychwalska, Agnieszka, Data management for platform-mediated public services: Challenges and best practices, Surveillance and Society, 19, 1, pp. 22-36, (2021)","","MDPI AG","","","","","","19995903","","","","English","Article","Final","All Open Access; Gold Open Access; Green Accepted Open Access; Green Final Open Access; Green Open Access","Scopus","2-s2.0-85106732780"
"D.O., Ogachi, Daniel Oigo; P., Mugambi, Paul; L., Bares-López, Lydia; Z., Zoltan, Zeman","Ogachi, Daniel Oigo (57220119625); Mugambi, Paul (59248882300); Bares-López, Lydia (57205649411); Zoltan, Zeman (57237571500)","57220119625; 59248882300; 57205649411; 57237571500","Idiosyncrasies of money: 21st century evolution of money","2021","Economies","9","1","40","","","0","6","10.3390/economies9010040","https://www.scopus.com/inward/record.uri?eid=2-s2.0-85106532908&doi=10.3390%2Feconomies9010040&partnerID=40&md5=16f41008dad8a51a8c35c97957b9f05f","Hungarian University of Agriculture and Life Sciences, Godollo, Hungary; Budapesti Corvinus Egyetem, Budapest, Hungary; Universidad de Cádiz, Cadiz, Spain; Hungarian University of Agriculture and Life Sciences, Godollo, Hungary","Ogachi, Daniel Oigo, Doctoral School of Economic and Regional Sciences, Hungarian University of Agriculture and Life Sciences, Godollo, Hungary; Mugambi, Paul, Doctoral School of International Relations and Political Science, Budapesti Corvinus Egyetem, Budapest, Hungary; Bares-López, Lydia, Department of General Economics, Universidad de Cádiz, Cadiz, Spain; Zoltan, Zeman, Accounting and Controlling, Hungarian University of Agriculture and Life Sciences, Godollo, Hungary","This paper examines the question of what kind of money will govern the 21st century by examining the developments which characterise this landscape. On the basis of a review of the available literature and evidence, it is clear that certain technological innovations, such as the movement towards electronic money, will undoubtedly change how we operate. However, the conclusion in this paper is less sanguine regarding the prospects of a global currency, regional monetary unions, or states’ exit from or central banks’ control of money. This paper also sees poor prospects for cryptocurrencies at the moment, given their focus on the decentralisation and politicisation of money, because money requires a backstopping force, making it inherently political. Finally, this paper considers how regulators may seek to ensure that money in its digital form is not taken advantage of and applied in malevolent activities. The study used correlation to establish the level of association among variables. A multiple regression analysis was used to draw an econometric model explaining the relationship between the independent and dependent variables. The following variables were used as independent variables: monetary aggregate (M1), harmonised index of consumer prices (HICP), Euro Interbank Offered Rate (EURIBOR), US dollar/euro, and the USD value of Bitcoin. Multiple regression predicted that when inflation rises, the money supply will decrease. M1 includes cash in circulation, current deposits, and other than demand deposits. The study concludes that price increases encourage people to keep their money in longer-term deposits, including in cryptocurrency. Additionally, an increase in EURIBOR and US dollar/euro reduces the supply of money. Otherwise, an increase in the price of bitcoin in the economy would increase the overall money supply. © 2021 Elsevier B.V., All rights reserved.","Central Banks; Cryptocurrencies; Currency; Digital Money; Money Evolution","","","","Funding text 1: This research was fully funded by the Hungarian University of Agriculture and Life Science. Special acknowledgement to the Tempus Public Foundation for the PhD scholarship.; Funding text 2: Funding: This research was fully funded by the Hungarian University of Agriculture and Life Science.","Coins for Bombs does Bitcoin Finance Terrorist Attacks, (2020); Andor, László, The unifying role of the single currency, Intereconomics, 53, 4, pp. 215-220, (2018); When Will Swedish Retailers Stop Accepting Cash, (2018); Bǎtrâncea, Ioan, A Panel Data Analysis on Sustainable Economic Growth in India, Brazil, and Romania, Journal of Risk and Financial Management, 13, 8, (2020); Bǎtrâncea, Larissa Margareta, Adjusted Net Savings of CEE and Baltic Nations in the Context of Sustainable Economic Growth: A Panel Data Analysis, Journal of Risk and Financial Management, 13, 10, (2020); Bis Quarterly Review, (2018); Central Banks and Digital Currencies, (2016); Bohte, Rick, Comparing the Forecasting of Cryptocurrencies by Bayesian Time-Varying Volatility Models, Journal of Risk and Financial Management, 12, 3, (2019); undefined, (2019); Future of Money and Payments, (2019)","","MDPI AG","","","","","","22277099","","","","English","Article","Final","All Open Access; Gold Open Access; Green Final Open Access; Green Open Access","Scopus","2-s2.0-85106532908"
"S., Enajero, Samuel","Enajero, Samuel (57222570057)","57222570057","Cryptocurrency, Money Demand and the Mundell-Fleming Model of International Capital Mobility","2021","Atlantic Economic Journal","49","1","","57","69","0","4","10.1007/s11293-021-09701-w","https://www.scopus.com/inward/record.uri?eid=2-s2.0-85103250130&doi=10.1007%2Fs11293-021-09701-w&partnerID=40&md5=fb7a7e03ca2f50ab3e7c114eb8991168","University of Findlay, Findlay, United States","Enajero, Samuel, College of Business, University of Findlay, Findlay, United States","If cryptocurrencies are perceived as financial innovations that could disrupt domestic and international financial systems, it becomes imperative for economists to incorporate these virtual currencies into existing money market models. Cryptocurrencies, when fully adopted by the general public, would transmit into the financial system via money demand. Cryptocurrencies serve as money and non-money assets and have no perfect substitute, whereas they are perfect substitutes for M1. Therefore, how much impact would the popularity of cryptocurrencies have on domestic and international capital mobility? To isolate interest rate differentials across countries, the Mundell-Fleming model that assumes a constant interest rate in domestic and world economies was applied. Cryptocurrencies acquired in past periods that are acceptable worldwide would abrogate exchange rate differentials. This study theoretically finds that fiscal and monetary policies would have different impacts on income in economies with high cryptocurrency circulations compared to economies with only M1. Also, there is a critical interest rate where cryptocurrencies would be more attractive to investors than other non-money assets. Moreover, using the Keynesian aggregate income and aggregate expenditure model, without interest and exchange rate differentials, the worldwide use of cryptocurrencies in international trade would unveil the link between the twin deficits and international capital flows. © 2021 Elsevier B.V., All rights reserved.","Capital Mobility; Cryptocurrency; E40; E41; F31; F32; Liquidity Preference; Money Demand; Twin Deficits","","","","","Ammous, Saifedean, Can cryptocurrencies fulfil the functions of money?, Quarterly Review of Economics and Finance, 70, pp. 38-51, (2018); Ball, Laurence M., Short-run money demand, Journal of Monetary Economics, 59, 7, pp. 622-633, (2012); Baumol, William J., The transactions demand for cash: An inventory theoretic approach, Quarterly Journal of Economics, 66, 4, pp. 545-556, (1952); Eastern Economic Journal, (1994); Macroeconomic Theory and Policy, (1989); Caton, James Lee, Cryptoliquidity: the blockchain and monetary stability, Journal of Entrepreneurship and Public Policy, 9, 2, pp. 227-252, (2020); International Economics, (2004); Southern Economic Journal, (1985); Cooper, Richard N., Macroeconomic policy adjustment in interdependent economies, Quarterly Journal of Economics, 83, 1, pp. 1-24, (1969); Journal of Money Credit and Banking, (1994)","","Springer","","","","","","01974254","","","","English","Article","Final","","Scopus","2-s2.0-85103250130"
"A.G., Anggraini, Ayu Galuh; J., Bachtiar, Joshua; M.I., Brata, Muhammad Ibrahim; A.S., Putra, Aligar Syahan; E., Makarim, Edmon","Anggraini, Ayu Galuh (57757539700); Bachtiar, Joshua (58533210700); Brata, Muhammad Ibrahim (58289958800); Putra, Aligar Syahan (58533444500); Makarim, Edmon (57215859549)","57757539700; 58533210700; 58289958800; 58533444500; 57215859549","Consumer Protection in the Use of Electronic Money (E-Money) on Toll Roads as an Access to Public Services","2021","","","","","79","91","0","0","","https://www.scopus.com/inward/record.uri?eid=2-s2.0-85167746198&partnerID=40&md5=0edbdf63a3ba54455eb13561b1c306b8","Universitas Indonesia, Depok, Indonesia","Anggraini, Ayu Galuh, Universitas Indonesia, Depok, Indonesia; Bachtiar, Joshua, Universitas Indonesia, Depok, Indonesia; Brata, Muhammad Ibrahim, Universitas Indonesia, Depok, Indonesia; Putra, Aligar Syahan, Universitas Indonesia, Depok, Indonesia; Makarim, Edmon, Universitas Indonesia, Depok, Indonesia","On October 31, 2017, the Indonesian government, through Bank Indonesia, issued a policy stating that only electronic money (e-money) would be accepted at toll gateways throughout the country. The policy, which complies with the Gerakan Nasional Non Tunai (the National Non-Cash Movement) to create a cashless society in Indonesia, is intended to ease consumers’ payment transactions in an efficient manner. However, Yayasan Lembaga Konsumen Indonesia (the Indonesian Consumers’ Foundation) said that this policy harms consumers who can only pay tolls in cash. These issues are examined by studying the literature and interviewing consumers and other parties who support e-money payment activities. If problems arise when paying with e-money at toll booths, as a public service, consumers may file a complaint with the toll road operator and/or the ombudsman of the institution that supervises public services. If e-money is the only allowed means of payment, though, perhaps the appropriate consumer protection should be provided by banks, in accordance with Bank Indonesia’s Regulation on Consumer Protection for Payment System Services. © 2023 Elsevier B.V., All rights reserved.","Consumer Protection; Electronic Money; Gnnt","","","","","Diaksespada Tanggal, (2018); Diakses Pada Tanggal, (2018); Kamus Besar Bahasa Indonesia, (1988); Seri Buku Schaum Teori Dan Soal Soal Uang Dan Bank Schaum Book Series Theory and Problems Money and Banks, (1990); Dikritik Soal Fee E Money Bi Aturan Ini Untuk Lindungi Konsumen; Isi Ulang E Money Di Atas Rp 200 000 Kena Biaya Ini Aturannya E Money Refills Above Idr 200 000 are Subject to Fees these are the Rules; Lampiran Surat Edaran Bank Indonesia Perihal Penyelenggaraan Uang Elektronik, (2014); Uang Dan Bank Money and Bank, (1999); Secure Authentication in Near Field Communication Based Access Control Systems Masters Dissertation, (2015); Uang Dan Perbankan Edisi Ke 2 Money and Banking 2nd Edition, (1991)","","Nova Science Publisher Inc.","","","","","","","9781536193480; 9781536191295","","","English","Book chapter","Final","","Scopus","2-s2.0-85167746198"
"P., Marszałek, Paweł; K., Szarzec, Katarzyna","Marszałek, Paweł (57195260303); Szarzec, Katarzyna (55735524900)","57195260303; 55735524900","Digitalization and the Transition to a Cashless Economy","2021","","","","","251","281","0","4","10.1007/978-3-030-83360-2_10","https://www.scopus.com/inward/record.uri?eid=2-s2.0-85150961523&doi=10.1007%2F978-3-030-83360-2_10&partnerID=40&md5=115b0ab5c471d8b7486aa19e1323917c","Poznań University of Economics and Business, Poznan, Poland","Marszałek, Paweł, Poznań University of Economics and Business, Poznan, Poland; Szarzec, Katarzyna, Poznań University of Economics and Business, Poznan, Poland","The aim of the chapter is to identify the main determinants of the cashless economy, to characterize its impact on the behaviour of economic agents, and to discuss its potential advantages and disadvantages for various agents. The cashless economy is discussed both from the perspective of economic theory and the perspective of the functioning of monetary and financial systems. The most important determinants of the transition to the cashless economy are discussed: digitalization and new technologies; changes in the activities of commercial banks, which are creators of cashless money and quasi-money instruments; changes in customers’ demand for cash; and macroeconomic factors. The cashless economy seems to offer the largest benefits for banks, central banks and big tech companies. They have used new technologies more intensely and have worked on designing their own digital currencies. However, from the point of view of a household, the cashless economy could deepen financial exclusion. © 2023 Elsevier B.V., All rights reserved.","Cash; Cashless Economy; Cryptocurrencies; Digitalization; Money; Payments","","","","","undefined, (2019); Afro Asian Journal of Social Sciences, (2013); Bbva Research Madrid, (2018); Ecb Working Paper, (2019); Angelakis, Emmanouil, Paper money and coins as potential vectors of transmissible disease, Future Microbiology, 9, 2, pp. 249-261, (2014); Bis Bulletin, (2020); Bis Quarterly Review, (2017); Edward Elgar, (2003); Bindseil, Ulrich, Central Bank Digital Currency: Financial System Implications and Control, International Journal of Political Economy, 48, 4, pp. 303-335, (2019); Journal of Bank Research, (1970)","","Springer International Publishing","","","","","","","9783030833596; 9783030833602","","","English","Book chapter","Final","","Scopus","2-s2.0-85150961523"
"J.A., Jagtiani, Julapa A.; M.G., Papaioannou, Michael G.; G.P., Tsetsekos, George P.; E., Dolson, Erik; D., Milo, Daniel","Jagtiani, Julapa A. (6603449987); Papaioannou, Michael G. (36780597500); Tsetsekos, George P. (6508010504); Dolson, Erik (57225942135); Milo, Daniel (56317955700)","6603449987; 36780597500; 6508010504; 57225942135; 56317955700","Cryptocurrencies: Regulatory Perspectives and Implications for Investors","2021","","","","","161","188","0","12","10.1007/978-3-030-65117-6_7","https://www.scopus.com/inward/record.uri?eid=2-s2.0-85125934124&doi=10.1007%2F978-3-030-65117-6_7&partnerID=40&md5=a6d9c9f0beef30dd92d7d8e8ed23c00f","Federal Reserve Bank of Philadelphia, Philadelphia, United States; International Monetary Fund, Washington, D.C., United States; Drexel University, Philadelphia, United States; Rutgers University–New Brunswick, New Brunswick, United States","Jagtiani, Julapa A., Federal Reserve Bank of Philadelphia, Philadelphia, United States; Papaioannou, Michael G., International Monetary Fund, Washington, D.C., United States; Tsetsekos, George P., Drexel University, Philadelphia, United States; Dolson, Erik, Federal Reserve Bank of Philadelphia, Philadelphia, United States; Milo, Daniel, Rutgers University–New Brunswick, New Brunswick, United States","Cryptocurrencies, such as Bitcoin and Ethereum, are part of the latest innovations in the financial system. There are more than 4000 cryptocurrencies in existence as of May 2020. We discuss whether cryptocurrencies and stablecoins could replace official central bank currencies, what a cashless financial system would look like, how monetary policy would need to adjust to remain effective, what type of regulatory changes would be needed to close the loopholes around capital controls and effective prevention of anti-money laundering, and whether central banks should create their own digital currencies. In addition, we explore the usage of distributed ledger technology (DLT), such as blockchain, in recording and transacting cryptocurrencies and the impact of initial coin offerings (ICOs), which have become a way for start-ups to raise funds, and we discuss potential implications for investors who may be interested in participating in the cryptocurrency markets. © 2023 Elsevier B.V., All rights reserved.","Central Bank Digital Currencies (cbdc); Cryptocurrencies; Digital Currencies; Fintech; Initial Coin Offerings (icos)","","","","","Allen, Franklin, A Survey of Fintech Research and Policy Discussion, Review of Corporate Finance, 1, 3-4, pp. 259-339, (2021); Adhami, Saman, Why do businesses go crypto? An empirical analysis of initial coin offerings, Journal of Economics and Business, 100, pp. 64-75, (2018); Bank of England Quarterly Bulletin, (2014); Bis Quarterly Review, (2018); Baek, Chung, Bitcoins as an investment or speculative vehicle? A first look, Applied Economics Letters, 22, 1, pp. 30-34, (2015); Guardian, (2013); Central Bank Digital Currencies, (2025); Macroeconomics of Central Bank Issued Digital Currencies, (2016); Baur, Dirk G., Bitcoin: Medium of exchange or speculative assets?, Journal of International Financial Markets, Institutions and Money, 54, pp. 177-189, (2018); Confirmed Transactions Per Day, (2018)","","Springer International Publishing","","","","","","","9783030651169; 9783030651176","","","English","Book chapter","Final","","Scopus","2-s2.0-85125934124"
"A.F., Aráuz, Andrés Fernández","Aráuz, Andrés Fernández (57346167000)","57346167000","The International Hierarchy of Money in Cross-Border Payment Systems: Developing Countries’ Regulation for Central Bank Digital Currencies and Facebook’s Stablecoin","2021","International Journal of Political Economy","50","3","","226","243","0","16","10.1080/08911916.2021.1984728","https://www.scopus.com/inward/record.uri?eid=2-s2.0-85119433171&doi=10.1080%2F08911916.2021.1984728&partnerID=40&md5=fcad7ed29249cf4aefc213fe9d833ac2","Universidad Nacional Autónoma de México, Mexico, Mexico","Aráuz, Andrés Fernández, Department of Economics, Universidad Nacional Autónoma de México, Mexico, Mexico","Rich countries’ central bank digital currencies (CBDCs) and Facebook’s stablecoin constitute risks to developing countries. Foreign CBDCs risk facilitation of capital flight. Novi, Facebook’s wallet for WhatsApp risks countries’ domestic payment systems moving offshore. This article presents the analytical framework for assessing these risks by analyzing payment system dynamics in the framework of the theory of the monetary circuit applied to the international hierarchy of money. It quantifies the US and dollarized Ecuador’s pyramid of liabilities to demonstrate the impact of payment systems on the potential of banks’ money creation. While a domestic CBDC or a potent bank-money payment system can help to increase significantly the potential of money creation in a dollarized economy, the offshoring of domestic payment systems by substituting local currencies with foreign stablecoins such as Facebook’s Diem and its Novi wallet reduces the potential of money creation. It strongly encourages countries low in the hierarchy of money to engage in a diverse set of regulations to mitigate these risks preemptively and proactively regulate to promote a dynamic payment system without the risk of currency substitution. © 2021 Elsevier B.V., All rights reserved.","Central Bank Digital Currencies; Cross-border Payments; Cryptocurrencies; Dollarization; Facebook; International Hierarchy Of Money; Megabanks; Payment Systems; Pyramid Of Liabilities","","","","This article ties selected issues of a highly demanding state-of-the-art applied research agenda on payment systems, capital flows and financial deregulation led by the late Professor Eugenia Correa at UNAM’s Faculty of Economics. I am very thankful for her research guidance over the last few years, especially her full-fledged introduction to the theory of the monetary circuit. I would also like to thank brave policymakers willing to issue bold regulation of financial giants. I am especially thankful to Alicia Girón, Marcia Solorza, Sergio Cabrera, Wesley Marshall, and José Déniz for their insightful comments throughout my research and two anonymous referees for their helpful and insightful suggestions. Thanks to DGAPA-UNAM PAPIIT IN300921 for research fellowship. All errors remain the author’s own.","Ola Financiera, (2019); Finanzas Desreguladas Financiamiento Y Desarrollo Un Balance Critico, (2021); Aráuz, Andrés Fernández, Dinero Electrónico: The rise and fall of Ecuador's central bank digital currency, Latin American Journal of Central Banking, 2, 2, (2021); undefined, (2021); undefined, (2018); undefined, (2020); undefined, (2018); undefined, (2021); Kelton, Stephanie A., The role of the state and the hierarchy of money, Cambridge Journal of Economics, 25, 2, pp. 149-163, (2001); undefined, (2020)","","Routledge","","","","","","15580970","","","","English","Article","Final","","Scopus","2-s2.0-85119433171"
"H.S., Choi, Hyung Sun","Choi, Hyung Sun (36738670200)","36738670200","Payments systems, liquidity, collateral, and central banking","2021","Korean Economic Review","37","1","","65","84","0","1","10.22841/kerdoi.2021.37.1.003","https://www.scopus.com/inward/record.uri?eid=2-s2.0-85118870218&doi=10.22841%2Fkerdoi.2021.37.1.003&partnerID=40&md5=bda62a449cd2cb7294df0853b0a3bfba","Kyung Hee University, Seoul, South Korea","Choi, Hyung Sun, Department of Economics, Kyung Hee University, Seoul, South Korea","A monetary model is constructed to explore the risk-sharing role of gross settlement as a determinant of money demand for consumption in a credit economy. Due to a deferred payment system, the costs of gross and net settlement are sensitive to the nominal interest rate. Gross settlement may dampen a consumption loss against interest-rate risk arising from inflation by acquiring additional cash from a financial market. Hence, it is optimal for the government to influence inflation and to drive net settlement out of a payment system. For payment policy, the optimal collateral requirement ratio is one whereas for monetary policy the optimal money growth rate is infinity. Payment policy can be a useful alternative to monetary policy. © 2021 Elsevier B.V., All rights reserved.","Central Banking; Collateral; Liquidity; Payments Systems","","","","* This work was supported by the Ministry of Education of the Republic of Korea and the National Research Foundation of Korea (NRF-2017S1A5A2A01024058). I am very grateful to Steve Williamson, Gabriele Camera, Changjoon Kim, and seminar participants at Kyoto University for their helpful comments and discussions. I would also like to thank two anonymous reviewers and the editors for their insightful suggestions. A previous version of this paper was circulated under the title “Payments Systems, Interest, Distribution, and Monetary Policy.” ** Associate Professor, Department of Economics, Kyung Hee University, 26 Kyunghee-daero, Dongdaemun-gu, Seoul 02447, Korea. Office Phone: 82-2-961-2107, E-mail: hyungsunchoi@ khu.ac.kr","Frbny Economic Policy Review, (2008); Modelling Payments Systems A Review of the Literature, (2007); Choi, Hyung Sun, Inflation risk, settlement cycles, and monetary policy, Korean Economic Review, 34, 2, pp. 267-282, (2018); Choi, Hyung Sun, Money, debit card, gross-settlement risk, and central banking, North American Journal of Economics and Finance, 50, (2019); Freeman, Scott, The Payments System, Liquidity, and Rediscounting, American Economic Review, 86, 5, pp. 1126-1138, (1996); Freeman, Scott, Monetary aggregates and output, American Economic Review, 90, 5, pp. 1125-1135, (2000); Green, Edward J., Payment Arrangements and Inflation, American Economic Review, 92, 2, pp. 51-57, (2002); American Economic Review, (1994); Kahn, Charles M., Private payment systems, collateral, and interest rates, Annals of Finance, 9, 1, pp. 83-114, (2013); Kahn, Charles M., Settlement risk under gross and net settlement, Journal of Money, Credit and Banking, 35, 4, pp. 591-608, (2003)","","Korean Economic Association","","","","","","02543737","","","","English","Article","Final","","Scopus","2-s2.0-85118870218"
"M.M.M., Lai, Mingming M. M.; M., Leong, Minyee; J.H., Kwan, Jing Hui","Lai, Mingming M. M. (12760259400); Leong, Minyee (57219924263); Kwan, Jing Hui (57201287532)","12760259400; 57219924263; 57201287532","Technology readiness and UTAUT2 in e-wallet adoption in a developing country","2021","F1000Research","10","","863","","","0","13","10.12688/f1000research.72853.1","https://www.scopus.com/inward/record.uri?eid=2-s2.0-85115995598&doi=10.12688%2Ff1000research.72853.1&partnerID=40&md5=8208193b93975987839d95e3463f55f7","Multimedia University, Cyberjaya, Malaysia","Lai, Mingming M. M., Faculty of Management, Multimedia University, Cyberjaya, Malaysia; Leong, Minyee, Faculty of Management, Multimedia University, Cyberjaya, Malaysia; Kwan, Jing Hui, Faculty of Management, Multimedia University, Cyberjaya, Malaysia","Background: An e-wallet is a digital equivalent of a physical wallet which plays an essential role in payment system transformation. To embrace the concept of a cashless society, the Malaysian Government and central bank have taken various steps to encourage the adoption of e-wallets. Despite the seamless services offered by the e-wallet, it is yet to reach high-scale adoption in Malaysia. This study aims to investigate Malaysians' readiness towards the e-wallet and their perceptions of it by employing the UTAUT2 model. Methods: A total of 309 valid data were gathered and analysed with partial least squares structural equation modelling (PLS-SEM). Results: The findings revealed that the respondents were confident about the new technology and tended to believe that e-wallet was somehow useful for them. The results also disclosed that e-wallet adoption intention was significantly influenced by performance expectancy, price value, facilitating conditions, and followed closely by social influence. Nonetheless, insecurity did not present significant impact on both performance expectancy and effort expectancy of e-wallet. Conclusions: This study provides a substantial contribution to the knowledge domain by combining system-specific and individual-specific models in an e-wallet context. The outcomes of this study would also benefit e-wallet service providers and policymakers by delivering holistic insight into Malaysians' readiness and adoption behaviour of the e-wallet. © 2021 Elsevier B.V., All rights reserved.","Cashless Payment; E-wallet; Malaysia; Technology Readiness; Utaut2; Adoption; Adult; Article; Developing Country; Expectancy; Human; Malaysia; Malaysian; Partial Least Squares Regression; Perception; Price; Structural Equation Modeling; Behavior; Technology; Developing Countries; Intention; Technology","adoption; adult; article; developing country; expectancy; human; Malaysia; Malaysian; partial least squares regression; perception; price; structural equation modeling; behavior; technology; Developing Countries; Intention; Technology","","","The authors wish to thank to all participants and Multimedia University for the supports in making this study possible.","Abdallah Alalwan, Ali Abdallah, Factors influencing adoption of mobile banking by Jordanian bank customers: Extending UTAUT2 with trust, International Journal of Information Management, 37, 3, pp. 99-110, (2017); Bagla, Ramesh Kumar, Gaps in customer satisfaction with digital wallets: challenge for sustainability, Journal of Management Development, 37, 6, pp. 442-451, (2018); Financial Sector Blueprint 2011 2020, (2011); Budget, (2019); Brown, Susan A., Model of adoption of technology in households: A baseline model test and extension incorporating household life cycle, MIS Quarterly: Management Information Systems, 29, 3, pp. 399-426, (2005); Statistical Power Analysis for the Behavioral Sciences, (1988); ICT Use and Access by Individuals and Households Survey Report 2019, (2019); Erdoǧmuş, Nihat, An investigation of the effects of technology readiness on technology acceptance in e-HRM, Procedia - Social and Behavioral Sciences, 24, pp. 487-495, (2011); Journal of European Psychology Students, (2012); Budget 2021 Touchpoints, (2020)","","F1000 Research Ltd","","","","","","20461402","","","34621517","English","Article","Final","All Open Access; Gold Open Access; Green Final Open Access; Green Open Access","Scopus","2-s2.0-85115995598"
"L., Scarcella, Luisa","Scarcella, Luisa (57208002849)","57208002849","The implications of adopting a European Central Bank Digital Currency: A Tax Policy Perspective","2021","EC Tax Review","30","4","","177","188","0","9","10.54648/ecta2021019","https://www.scopus.com/inward/record.uri?eid=2-s2.0-85112631814&doi=10.54648%2Fecta2021019&partnerID=40&md5=e66cf2f906e8974a4d6f638b44c67a2b","Universiteit Antwerpen, Antwerpen, Belgium","Scarcella, Luisa, Faculty of Law, Universiteit Antwerpen, Antwerpen, Belgium","In the wake of growing interest around cryptocurrencies, the possible issuance by central banks of their own digital currency has been a topic of debate worldwide. However, little attention has been given to the relevancy of electronic and digital payments (including a possible digital euro) in the area of taxation, where policies limiting the use of cash are being intensively adopted all around the world. On one hand, tax policies fostering the use of electronic and digital payments as a Central Bank Digital Currency (CBDC) can help tax authorities to better monitor taxpayers’ transactions in the fight against tax evasion and fraud. On the other hand, important concerns arise in the areas of data protection and the digital divide. These two kinds of concern should be taken into account and addressed by policymakers before the adoption of both a CBDC and tax policies favouring its use at the detriment of cash. © 2024 Elsevier B.V., All rights reserved.","Cashless Payments; Cbdc; Data Protection; Digital Currencies; Digital Divide; Electronic Payments; Exchange Of Information; Gdpr; Tax Policy; Taxpayers’ Rights","","","","","Bis Quarterly Review, (2020); 2 for Example at the Beginning of 2020 the Bank of Canada the Bank of England the Bank of Japan the European Central Bank the Sveriges Riksbank and the Swiss National Bank Together with the Bank for International Settlements Bis have Created A Group to Share Experiences as They Assess the Potential Cases for Cbdcs in their Home Jurisdictions, (2020); After Libra Digital Yuan and Covid 19 Central Bank Digital Currencies and the New World of Money and Payment Systems, (2020); undefined; Financial Protections and Assistance for Americas Consumers States Businesses and Vulnerable Populations Act 116th Congress 20192020 S 101 Direct Stimulus Payments for Families; Eur J Pol Econ; 7 for Instance Due to the Increase in the Use of Electronic Means of Payment the Swedish Riksbank is Assessing Whether A Digital Version of Krona E Krona can Represent A Way to Increase the Resilience of Payment Systems by Providing the General Public Continue Access to Central Bank Money, (2017); Tiered Cbdc and the Financial System, (2020); Macroeconomics of Central Bank Issued Digital Currencies, (2016); Digital Cash Why Central Banks Should Start Issuing Electronic Money, (2016)","","Kluwer Law International","","","","","","09282750; 18758363","","","","English","Article","Final","","Scopus","2-s2.0-85112631814"
"M., Saito, Makoto","Saito, Makoto (57191273530)","57191273530","Central Bank Cryptocurrencies in a Competitive Equilibrium Environment: Can Strong Money Demand Survive in the Digital Age?","2021","Advances in Japanese Business and Economics","28","","","161","189","0","1","10.1007/978-981-16-2446-9_6","https://www.scopus.com/inward/record.uri?eid=2-s2.0-85108407342&doi=10.1007%2F978-981-16-2446-9_6&partnerID=40&md5=9596427dd08ff16a6b50568bec6c8837","Nagoya University, Nagoya, Japan","Saito, Makoto, Graduate School of Economics, Nagoya University, Nagoya, Japan","This chapter discusses the possible macroeconomic consequences of the introduction of cryptocurrencies by central banks (so-called central bank cryptocurrencies or CBCCs) in a competitive equilibrium environment. In this setup, central banks set not only the money supply, but also the interest rate on CBCCs, whereas bond interest rates, the price level, and the exchange rates between CBCCs are determined in competitive markets. We first resolve a severe confrontation between the quantity theory of money (QTM) and the fiscal theory of the price level (FTPL) in that, as long as the currency interest rate lies below the bond interest rate, the QTM is applicable in principle. However, once the bond interest rate (asymptotically) matches that of the currency, the QTM is replaced by the FTPL, or the monetary and fiscal theory of the price level (MFTPL), in which the government’s budget constraint as well as money market conditions jointly work to determine the price level as discussed in Chapters “ Public Bonds as Money Substitutes at Near-Zero Interest Rates: Disequilibrium Analysis of the Current and Future Japanese Economy and Long-Run Mild Deflation Under Fiscal Unsustaina-Bility in Contemporary Japan ”. We then investigate whether the introduction of CBCCs plays a role in the disappearance of strong money demand (currently present at near-zero interest rates in Japan) and its alternatives. We find that if a central bank sets the currency interest rate below a near-zero bond interest rate, then strong money demand disappears, and the massive issuance of long-term public bonds is no longer absorbed in currency markets. However, once the consolidated government succeeds in lowering the currency interest rate to be deeply negative, it can obtain immense seigniorage, allowing it to repay these public bonds. In addition, if the bond interest rate also falls, even below zero for long periods, then the government can exploit seigniorage from CBCC holders without limit. © 2021 Elsevier B.V., All rights reserved.","","","","","","","","Springer Japan","","","","","","21978859; 21978867","","","","English","Book chapter","Final","","Scopus","2-s2.0-85108407342"
"H., Fujiki, Hiroshi","Fujiki, Hiroshi (36884623800)","36884623800","Crypto asset ownership, financial literacy, and investment experience","2021","Applied Economics","53","39","","4560","4581","0","32","10.1080/00036846.2021.1904125","https://www.scopus.com/inward/record.uri?eid=2-s2.0-85106318775&doi=10.1080%2F00036846.2021.1904125&partnerID=40&md5=c911877b782bbac13395b643494f5540","Chuo University, Hachioji, Japan","Fujiki, Hiroshi, Chuo University, Hachioji, Japan","This study compares the key characteristics of Japanese crypto asset owners with those of nonowners. After confirming that average crypto asset owners are likely to be young and male as compared to average crypto asset nonowners, we find that average crypto asset owners tend to have a higher level of financial literacy and are more likely to use cashless payment methods and hoard cash, as compared to average crypto asset nonowners. This study also determined novel heterogeneities among crypto asset owners according to their investment experience with conventional risky financial assets in terms of cash hoarding and financial literacy. Crypto asset owners without investment experience with conventional risky financial assets do not hoard cash and their level of financial literacy is lower than that of both crypto asset owners and nonowners with investment experience with conventional risky financial assets. The results suggest that financial regulators should not treat crypto asset owners as a homogenous group of financially literate investors who are inherently good at internet transactions. © 2021 Elsevier B.V., All rights reserved.","Cash Hoarding; Crypto Assets; Financial Literacy; Payment Methods; Comparative Study; Electronic Commerce; Financial Market; Financial System; Investment; Japan","comparative study; electronic commerce; financial market; financial system; investment; Japan","","","I would like to thank three reviewers for their useful comments on the previous draft. This work was supported by the Japan Society for the Promotion of Science under KAKENHI - Grant number 18K01704. I received permission from the Central Council for Financial Services Information to use data from the 2019 Financial Literacy Survey.","How do We Choose to Pay Using Evolving Retail Payment Technologies Some Additional Results from Japan, (2019); Fujiki, Hiroshi, Who adopts crypto assets in Japan? Evidence from the 2019 financial literacy survey, Journal of the Japanese and International Economies, 58, (2020); Fujiki, Hiroshi, Cash demand and financial literacy: A case study using Japanese survey data, Japan and the World Economy, 54, (2020); Fujiki, Hiroshi, Currency demand, new technology, and the adoption of electronic money: Micro evidence from Japan, Economics Letters, 125, 1, pp. 5-8, (2014); Goczek, Lukasz, What drives the Bitcoin price? A factor augmented error correction mechanism investigation, Applied Economics, 51, 59, pp. 6393-6410, (2019); Gomes, Francisco J., Household finance, Journal of Economic Literature, 59, 3, pp. 919-1000, (2021); Nyu Stern School of Business, (2020); Drivers of Bitcoin Diffusion in Canada the Role of Beliefs and Network Externalities, (2020); Henry C Ed Essays in Financial Development Focusing on Nascent Financial Technologies, (2020); Journal of Digital Banking, (2018)","","Routledge","","","","","","14664283; 00036846","","","","English","Article","Final","","Scopus","2-s2.0-85106318775"
"J.J., Aduba, Joseph Jr","Aduba, Joseph Jr (57221935464)","57221935464","On the determinants, gains and challenges of electronic banking adoption in Nigeria","2021","International Journal of Social Economics","48","7","","1021","1043","0","13","10.1108/IJSE-07-2020-0452","https://www.scopus.com/inward/record.uri?eid=2-s2.0-85103194288&doi=10.1108%2FIJSE-07-2020-0452&partnerID=40&md5=217dee97061b6fda770e559ba9e526bb","Ritsumeikan University Biwako-Kusatsu Campus, Kusatsu, Japan","Aduba, Joseph Jr, Graduate School of Economics, Ritsumeikan University Biwako-Kusatsu Campus, Kusatsu, Japan","Purpose: The purpose of this study is to examine the gains, challenges and determinants of electronic banking adoption in Nigeria. Design/methodology/approach: This paper applied the generalized structural equation modelling (GSEM) to a large sample of respondents surveyed from five of the six geopolitical zones of Nigeria to model the determinants of electronic banking. In addition to many other advantages, GSEM can be used as a likelihood function. As a result, this paper proposes GSEM as the most appropriate tool for modelling the socioeconomic determinant of electronic banking adoption. Findings: About three-quarter of respondents adopted at least a form of electronic banking. However, only a tenth of users used e-banking for purchase of goods or services, implying low electronic payment adoption. The low adoption of electronic payment was due to poor digital security infrastructure which made users vulnerable to widespread electronic frauds. The findings also show that the adoption of e-banking platforms or services was characterized by users' socioeconomic status. For example, the odds of adopting internet/mobile banking decreases with older users but increase with higher educational attainment and income, whereas the odds of adopting e-banking platforms such as short message service (SMS) and point of sale (POS) banking increases with older users and informally employed users respectively. Practical implications: For a sustainable cashless economy and financial inclusion in Nigeria, policy consolidation that provides safe e-banking services is necessary. Also, e-banking service providers should deliver specific contents and services that match the physical and economic characteristics of users. Originality/value: Generalized structural equation modelling (GSEM) is a robust likelihood function method that combines the power of structural equation modelling with the generalized linear model. The application of GSEM to predict the likelihood of adopting a banking technology or Service has not been explored in electronic banking literature. Also, as a fast-growing economy with a heterogeneous population, Nigeria presents an interesting context to study the determinants of electronic banking. © 2021 Elsevier B.V., All rights reserved.","Cashless Policy; Digital Devices; Electronic Banking Adoption; Financial Inclusion; Mobile Penetration; Adaptive Management; Banking; Educational Attainment; Electronic Commerce; Financial Policy; Financial System; Income; Information And Communication Technology; Socioeconomic Status; Technology Adoption; Nigeria","adaptive management; banking; educational attainment; electronic commerce; financial policy; financial system; income; information and communication technology; socioeconomic status; technology adoption; Nigeria","","","Funding: This research was supported by the Japan Society for the Promotion of Science, Grant No. 19J10715. The authors acknowledge the contributions of enumerators used for the survey work.","International Journal of Development and Management Review, (2008); African Economic and Business Review, (2008); International Journal of Economic Development Research and Investment, (2011); European Journal of Business Economics and Accounting, (2016); Agwu, Edwin M., A qualitative study of the problems and prospects of online banking in developing economies - Case of Nigeria, Journal of Internet Banking and Commerce, 17, 3, (2012); Ugwu, Laura Oluchi, Organizational impact of information technology on the banking and insurance sector in Nigeria, Technovation, 20, 12, pp. 711-721, (2000); International Journal of Business and Commerce, (2014); Anatomy of Cashless Banking in Nigeria, (2012); Mariscal Avilés, Judith, The informational life of the poor: A study of digital access in three Mexican towns, Telecommunications Policy, 40, 7, pp. 661-672, (2016); Bankole, Felix Olu, Mobile Banking Adoption in Nigeria, Electronic Journal of Information Systems in Developing Countries, 47, 1, pp. 1-23, (2011)","","Emerald Group Holdings Ltd.","","","","","","03068293","","","","English","Article","Final","","Scopus","2-s2.0-85103194288"
"I.V., Mitrofanova, Inna V.; O.I., Larina, Olga I.; M.V., Dubovik, Mayya Valerianovna; N.V., Moryzhenkova, Natalia V.","Mitrofanova, Inna V. (56622903000); Larina, Olga I. (57208796001); Dubovik, Mayya Valerianovna (57193315226); Moryzhenkova, Natalia V. (57220957545)","56622903000; 57208796001; 57193315226; 57220957545","Evolution of money systems or cashless economy?","2021","Lecture Notes in Networks and Systems","155","","","1021","1032","0","1","10.1007/978-3-030-59126-7_113","https://www.scopus.com/inward/record.uri?eid=2-s2.0-85097956540&doi=10.1007%2F978-3-030-59126-7_113&partnerID=40&md5=25e984352b84f5a2ecfece635a8fbabc","Southern Scientific Centre, Russian Academy of Sciences, Rostov-on-Don, Russian Federation; Volgograd State University, Volgograd, Russian Federation; The State University of Management, Moscow, Russian Federation; Plekhanov Russian University of Economics, Moscow, Russian Federation","Mitrofanova, Inna V., Southern Scientific Centre, Russian Academy of Sciences, Rostov-on-Don, Russian Federation, Volgograd State University, Volgograd, Russian Federation; Larina, Olga I., The State University of Management, Moscow, Russian Federation; Dubovik, Mayya Valerianovna, Plekhanov Russian University of Economics, Moscow, Russian Federation; Moryzhenkova, Natalia V., The State University of Management, Moscow, Russian Federation","The article shows the importance of the study of nature and function of the electronic and digital money as a consequent form of the money evolution. The aim of this study is to prove the possibility to build money circulation of a country without cash, at the same time the authors show the existing opposite opinions on the future of the paper money in various countries. To prove those facts the article analyses the trends in the development of money circulation in Russia, Sweden and Switzerland. Sweden was chosen for this study as a country that took a course for the refusal of cash in circulation, and Switzerland, on the contrary, as a country, that lately significantly increased the volume of cash in circulation. The authors make conclusions in regard with the possible functioning of the modern economies with complete absence of cash which will bring new risks and problems for the society. © 2020 Elsevier B.V., All rights reserved.","Cashless Economy; Cashless Money Circulation; Cryptocurrency; Electronic Money; Future Of Cash; Monetary Circulation; Monetary Policy; Money; Money Supply; Paper Money; Payment Systems","","","","The publication was prepared as part of the implementation of the State Assignment of the Southern Scientific Centre of the Russian Academy of Sciences, No. of state registration of the project AAAA-A19-119011190184-2.","Anderson, Ross J., Inside risks EMV: Why payment systems fail, Communications of the ACM, 57, 6, pp. 24-28, (2014); How Debit Cards Enable the Poor to Save More, (2017); undefined, (2018); Swedish Money Farewell to Paper, (2018); Bull Financ Univ, (2018); Money Credit, (2016); Doomed to Disappear the Surprising Return of Cash Across Time and Across Countries, (2017); Utopia and Anti Utopia in Modern Times, (1987); Step into the Future Artificial Intelligence and Digital Economy Proceedings of the 1st International Scientific and Practical Conference, (2018); Modern Money and Banking, (2000)","","Springer Science and Business Media Deutschland GmbH","","","","","","23673389; 23673370","9789819652372; 9783031931055; 9789819662968; 9783031999963; 9783031950162; 9783031947698; 9783032004406; 9783031910074; 9783031926105; 9789819639410","","","English","Book chapter","Final","","Scopus","2-s2.0-85097956540"
"B., Swiecka, Beata; P., Terefenko, Paweł; D., Paprotny, Dominik","Swiecka, Beata (57209328052); Terefenko, Paweł (55023815800); Paprotny, Dominik (56656439500)","57209328052; 55023815800; 56656439500","Transaction factors’ influence on the choice of payment by Polish consumers","2021","Journal of Retailing and Consumer Services","58","","102264","","","0","56","10.1016/j.jretconser.2020.102264","https://www.scopus.com/inward/record.uri?eid=2-s2.0-85089918592&doi=10.1016%2Fj.jretconser.2020.102264&partnerID=40&md5=34987a7baf43f6af03fd8c85fe90b917","Uniwersytet Szczecinski, Szczecin, Poland; Uniwersytet Szczecinski, Szczecin, Poland; GFZ Helmholtz Centre for Geosciences, Potsdam, Germany","Swiecka, Beata, Institute of Economy and Finance, Uniwersytet Szczecinski, Szczecin, Poland; Terefenko, Paweł, Institute of Marine and Environmental Sciences, Uniwersytet Szczecinski, Szczecin, Poland; Paprotny, Dominik, Section Hydrology, GFZ Helmholtz Centre for Geosciences, Potsdam, Germany","The choice of payment instrument, which is used every day to make life easier, comprises one of the consumer financial decisions influenced by several factors. To investigate when, where, and for what amount customers use different forms of payment an interview of statistically representative group of 1005 consumers from all over Poland have been realized, in the first quarter of 2019 with the use of the computer assisted personal interviewing method. The data gives a unique combination of information on consumers payment choice and detailed information about demographics, income, and consumer preferences within a nationally representative consumer survey. Within this article statistical analyzes of the influence of transaction factors on consumer choice of payment have been performed together with a first attempt to employ a data-mining method known as Random Forests for predict the choices that those consumers make regarding the method of payment. The results revealed the complexity and diversity of factors influencing consumer choices. The findings show that, despite the development of innovative forms of payment, traditional forms, especially cash, still have a strong position. Notwithstanding among the customers' personal traits, financial knowledge is one of the most important determinants of their payment choices. These results are an important step toward a predictive model of consumer choice. Additionally presented findings on consumers’ payment behavior can guide policy formulation and strategic decision-making of central banks and stakeholders, and thereby contribute toward improving the efficiency of the payment system in Poland as a whole. © 2020 Elsevier B.V., All rights reserved.","Cash; Cashless Instruments; Consumer Payment Choice; Payments Market; Personal Finance; Retail Payment; Transaction Factors; Consumption Behavior; Decision Making; Numerical Model; Retailing; Service Quality; Service Sector; Stakeholder; Statistical Analysis; Poland [central Europe]","consumption behavior; decision making; numerical model; retailing; service quality; service sector; stakeholder; statistical analysis; Poland [Central Europe]","","","Funding text 1: The statistical analyses were co-financed within the framework of the program of the Minister of Science and Higher Education under the name “Regional Excellence Initiative” during the period 2019–2022; project number 001/RID/2018/19 ; the amount of financing PLN 10,684,000.00.; Funding text 2: The data for this study was collected in cooperation and with financial support of Foundation for Development Cashless Payment. We would like to thank the FROB, who was a sponsor of the survey. The statistical analyses were co-financed within the framework of the program of the Minister of Science and Higher Education under the name ?Regional Excellence Initiative? during the period 2019?2022; project number 001/RID/2018/19; the amount of financing PLN 10,684,000.00.; Funding text 3: The data for this study was collected in cooperation and with financial support of Foundation for Development Cashless Payment. We would like to thank the FROB, who was a sponsor of the survey.","Ecb Working Paper no, (2011); Archer, Kellie J., Empirical characterization of random forest variable importance measures, Computational Statistics and Data Analysis, 52, 4, pp. 2249-2260, (2008); undefined, (2013); Bagnall, John, Consumer cash usage: A cross-country comparison with payment diary survey data∗, International Journal of Central Banking, 12, 4, pp. 1-61, (2016); Bis Quarterly Review, (2018); Report of the Working Group on Innovation in Retail Payments Committee on Payment and Settlement Systems, (2016); undefined, (2006); Breiman, Leo, Bagging predictors, Machine Learning, 24, 2, pp. 123-140, (1996); Breiman, Leo, Random forests, Machine Learning, 45, 1, pp. 5-32, (2001); Occasional Studies, (2005)","","Elsevier Ltd","","","","","","09696989","","","","English","Article","Final","All Open Access; Hybrid Gold Open Access","Scopus","2-s2.0-85089918592"
"K.P., Radhika, K. P.; D., Bhuvaneshwari, Dheyvendhren","Radhika, K. P. (57222587702); Bhuvaneshwari, Dheyvendhren (57196076339)","57222587702; 57196076339","Empirical relationship between currency in circulation, digital payments modes and select macroeconomic variables in India: An ardl approach","2020","Finance India","34","4","","1503","1518","0","1","","https://www.scopus.com/inward/record.uri?eid=2-s2.0-85103314856&partnerID=40&md5=a3ee502c92362ea950d06c98a5c732b4","PSG College of Technology, Coimbatore, India","Radhika, K. P., Department of Humanities, PSG College of Technology, Coimbatore, India; Bhuvaneshwari, Dheyvendhren, Department of Humanities, PSG College of Technology, Coimbatore, India","The banking sector reforms and technological innovations have led to the see-through change in the behavior of monetary aggregates in India.In India, the Reserve Bank of India (RBI) is today enunciating its policies on the roadmap of a cashless economy. In the light of this scenario, the primary aim of this study is to empirically analyze the effect of select digital payment modes and macroeconomic variables on the currency in circulation based on the Baumol-Tobin model using the Autoregressive Distributed Lag (ARDL) econometric approach. The estimated coefficients of the long-run ARDL model of Currency in Circulation (CCN) revealed that credit cards, debit cards, and RTGS transactions had a positive impact on CCN, while EFT/NEFT negatively impacted on CCN. The findings of the study helps to establish the need to include digital payment modes along with macroeconomic parameters in estimating money demand functions and formulating monetary policy for India by the RBI. © 2021 Elsevier B.V., All rights reserved.","","","","","","Research Journal of International Studies, (2010); Adil, Masudul Hasan, The Impact of Financial Innovation on the Money Demand Function: An Empirical Verification in India, Margin, 14, 1, pp. 28-61, (2020); Bis Quarterly Review, (2018); Stability of Demand for Money Function in Nepal A Cointegration and Error Correction Modeling Approach, (2011); Reserve Bank of India Occasional Papers, (2019); Indian Economic Review, (2000); Review of Economics and Finance, (2011); Procedia Social and Behavioral Sciences, (2015); Economic Times, (2019); Purchasing Power of Money, (1911)","","Indian Institute of Finance","","","","","","09703772","","","","English","Article","Final","","Scopus","2-s2.0-85103314856"
"J., Huebner, Johannes; E., Fleisch, Elgar; A., Ilic, Alexander","Huebner, Johannes (57202501777); Fleisch, Elgar (6602498499); Ilic, Alexander (56240179600)","57202501777; 6602498499; 56240179600","Assisting mental accounting using smartphones: Increasing the salience of credit card transactions helps consumer reduce their spending","2020","Computers in Human Behavior","113","","106504","","","0","22","10.1016/j.chb.2020.106504","https://www.scopus.com/inward/record.uri?eid=2-s2.0-85088901282&doi=10.1016%2Fj.chb.2020.106504&partnerID=40&md5=a71a7a5962cdb085906e3d7151e03dec","ETH Zürich, Zurich, Switzerland","Huebner, Johannes, Chair of Information Management, ETH Zürich, Zurich, Switzerland; Fleisch, Elgar, Chair of Information Management, ETH Zürich, Zurich, Switzerland; Ilic, Alexander, Chair of Information Management, ETH Zürich, Zurich, Switzerland","Credit card-related over-spending represents an important issue for consumers. Over-spending arises in parts from reduced payment transparency compared to cash and other payment methods. Additionally, week-by-week credit card spending exhibits high variance even on an intrapersonal level, which makes it hard to intuitively learn from prior transactions and control one's spending. As mobile-mediated information systems have been proven effective in delivering behavior change interventions, this study investigates the efficacy of using a novel smartphone application that increases the salience of credit card transactions to help consumers control their cashless payments better and ultimately spend less. We implemented a goal-setting feature and provided weekly goal attainment feedback highlighting ordinary, exceptional, or both types of purchases. This work was conducted as a field experiment, studying a large sample of credit card consumers in the wild over several months, which yielded a significant reduction in spending with unobtrusive interventions. It further highlights the importance of including exceptional purchases in households' spending budgets and discusses how people adjusted their consumption to lower their expenditures. © 2020 Elsevier B.V., All rights reserved.","Credit Card Transaction Salience; Exceptional Purchases; Field Experiment; Financial Literacy; Spending Feedback; Transaction Rehearsal; Budget Control; Smartphones; Behavior Change; Credit Card Transactions; Field Experiment; Goal Attainment; Goal Setting; Mental Accounting; Payment Methods; Smart-phone Applications; Consumer Behavior","Budget control; Smartphones; Behavior change; Credit card transactions; Field experiment; Goal attainment; Goal setting; Mental accounting; Payment methods; Smart-phone applications; Consumer behavior","","","","How to Help the Poor to Save A Bit Evidence from A Field Experiment in Kenya, (2016); Alba, Joseph W., Pleasure principles: A review of research on hedonic consumption, Journal of Consumer Psychology, 23, 1, pp. 2-18, (2013); undefined, (2013); undefined, (2016); How Digital Tools and Behavioral Economics Will Save Retirement, (2017); Berman, Jonathan Zev, Expense neglect in forecasting personal finances, Journal of Marketing Research, 53, 4, pp. 535-550, (2016); Bhattacharjee, Amit, Happiness from ordinary and extraordinary experiences, Journal of Consumer Research, 41, 1, pp. 1-17, (2014); World Payments Report 2018, (2019); Chai, Andreas, Measuring the diversity of household spending patterns, Journal of Economic Surveys, 29, 3, pp. 423-440, (2015); Chatterjee, Promothesh, Do payment mechanisms change the way consumers perceive products?, Journal of Consumer Research, 38, 6, pp. 1129-1139, (2012)","","Elsevier Ltd","","","","","","07475632","","CHBEE","","English","Article","Final","","Scopus","2-s2.0-85088901282"
"I., Ariyati, Indah; S., Rosyida, Susy; K., Ramanda, Kresna; V., Riyanto, Verry; S., Faizah, S.; Ridwansyah","Ariyati, Indah (57215928952); Rosyida, Susy (57215928571); Ramanda, Kresna (57220188585); Riyanto, Verry (57212308530); Faizah, S. (58803542300); Ridwansyah (57202470693)","57215928952; 57215928571; 57220188585; 57212308530; 58803542300; 57202470693","Optimization of the Decision Tree Algorithm Used Particle Swarm Optimization in the Selection of Digital Payments","2020","Journal of Physics: Conference Series","1641","1","012090","","","0","7","10.1088/1742-6596/1641/1/012090","https://www.scopus.com/inward/record.uri?eid=2-s2.0-85097186083&doi=10.1088%2F1742-6596%2F1641%2F1%2F012090&partnerID=40&md5=c744096f544526e66c95bb308533555d","Sistem Informasi, Jakarta, Indonesia","Ariyati, Indah, Universitas Bina Sarana Informatika, Sistem Informasi, Jakarta, Indonesia; Rosyida, Susy, Universitas Bina Sarana Informatika, Sistem Informasi, Jakarta, Indonesia; Ramanda, Kresna, Universitas Bina Sarana Informatika, Sistem Informasi, Jakarta, Indonesia; Riyanto, Verry, Universitas Bina Sarana Informatika, Sistem Informasi, Jakarta, Indonesia; Faizah, S., Universitas Bina Sarana Informatika, Sistem Informasi, Jakarta, Indonesia; Ridwansyah, null, Universitas Bina Sarana Informatika, Sistem Informasi, Jakarta, Indonesia","One of the developments of information technology in Indonesia was the developments in Fintech(financial technology) that made it easy for people to access financial products, facilitated online transactions and also increased financial literacy. The development of fintech occurs when the use of cash was reduced to cashless when making payment transactions so that transactions would be more practical, easy, safe and comfortable. The purpose of this study to improve the quality of decision tree modeling and accuracy in the selection of digital payments. This research was focused on determining the fintech applications that were widely used by the people of Indonesia, namely Gopay or Ovo by comparing the advantages of applications and features of each fintech application. Optimization method of Decision Tree Algorithm (C4.5) and Particle Swarm Optimization by selecting several attributes including the level of ease of use, data security, application trust and convenience, maximum balance increase, discounts, cashback, ease of top-ups, range of existing merchants, returnthe money and customer complaint services. The results of the development of a decision tree algorithm based on particle swarm optimization provide a good classification and increase the validation value in the selection of digital payments. © 2020 Elsevier B.V., All rights reserved.","Decision Trees; Engineering Education; Fintech; Particle Swarm Optimization (pso); Security Of Data; Customer Complaints; Decision Tree Modeling; Decision-tree Algorithm; Financial Literacy; Financial Products; Online Transaction; Optimization Method; Payment Transactions; Trees (mathematics)","Decision trees; Engineering education; Fintech; Particle swarm optimization (PSO); Security of data; Customer complaints; Decision tree modeling; Decision-tree algorithm; Financial literacy; Financial products; Online transaction; Optimization method; Payment transactions; Trees (mathematics)","","","","Business, (2018); Prabaningtyas, Nadhila Idzni, Mining customers opinion on services and applications of mobile payment companies in Indonesia using sentiment analysis approach, (2019); 1st Int Conf Commun Inf Technol Youth Study, (2019); Proceeding of International Conference of Zakat, (2019); Utama Chandra, Yakob Utama, Analysis of Determinant Factors of User Acceptance of Mobile Payment System in Indonesia (A Case Study of Go-Pay Mobile Payment), pp. 454-459, (2018); Susilo, Arief Zuliyanto, A comparative study of factors affecting user acceptance of go-pay and OVo as a feature of Fintech application, Procedia Computer Science, 161, pp. 876-884, (2019); International Journal of Innovative Science and Research Technology, (2019); J Teknol Inf Magister Darmajaya, (2016); J Teknol Inf Dan Komun, (2019); Pseudocode, (2014)","","IOP Publishing Ltd","","1st International Conference on Advanced Information Scientific Development, ICAISD 2020","","Bekasi, West Java; BSI Convention Center","165144","17426588; 17426596","9788394593742; 9781628905861","","","English","Conference paper","Final","All Open Access; Gold Open Access","Scopus","2-s2.0-85097186083"
"C., Viñuela, Carlos; J., Sapena, Juan; G., Wandosell-Fernández de Bobadilla, Gonzalo","Viñuela, Carlos (57219974970); Sapena, Juan (55760464600); Wandosell-Fernández de Bobadilla, Gonzalo (57189520803)","57219974970; 55760464600; 57189520803","The future of money and the central bank digital currency dilemma","2020","Sustainability (Switzerland)","12","22","9697","1","21","0","24","10.3390/su12229697","https://www.scopus.com/inward/record.uri?eid=2-s2.0-85096394453&doi=10.3390%2Fsu12229697&partnerID=40&md5=759086c4dcf452110a334c886f065639","Universidad de Murcia, Murcia, Spain; Banco de España, Madrid, Spain; Universidad Católica de Valencia San Vicente Mártir, Valencia, Spain; Universidad de Murcia, Murcia, Spain","Viñuela, Carlos, International Doctoral School, Universidad de Murcia, Murcia, Spain, Banco de España, Madrid, Spain; Sapena, Juan, Faculty of Economics and Business, Universidad Católica de Valencia San Vicente Mártir, Valencia, Spain; Wandosell-Fernández de Bobadilla, Gonzalo, Faculty of Law, Universidad de Murcia, Murcia, Spain","In this paper we set out a three-pillar monetary-financial framework to (i) analyze, categorize and compare past, current and emerging means of payment; to (ii) capture their creation and destruction processes through sectoral balance sheet dynamics; and to (iii) identify the inherent risks to the current monetary-financial system, also known as the fractional reserve banking system. These risks, which stem from sudden shifts in money demand and supply, are as follows: (I) risk of a cashless society; (II) risk of structural bank disintermediation; (III) risk of systemic bank runs; (IV) risk of currency substitution; and (V) risk of economic and financial bubbles. This framework will guide the assessment of the central bank digital currencies (CBDC), which are considered as the next step in monetary evolution. We will analyze two large groups of CBDC proposals: (i) proposals aimed at complementing cash and bank deposits; and (ii) proposals aimed at replacing all bank deposits with CBDCs. We find that once CBDCs are issued in both sets of proposals, there is always a trade-off between low levels of (I), (IV), (V), risks and high levels of (II) risk. This trade-off could also be defined as the CBDC dilemma, which states that in most CBDC proposals it is impossible to have both of the following at the same time: (1) low levels of (I), (IV) and (V) risks; and (2) low levels of (II) risk. Finally, we suggest that further research on CBDCs should focus on the second group of proposals on a phase-in basis in order to also mitigate the structural bank disintermediation risk and hence to overcome the CBDC dilemma. © 2021 Elsevier B.V., All rights reserved.","Cbdc; Fractional Reserve Banking; Full Reserve Banking; Money Creation; Structural Bank Disintermediation; Central Bank; Currency; Demand Analysis; Trade-off","central bank; currency; demand analysis; trade-off","","","","Turner, Adair, BETWEEN DEBT AND THE DEVIL: MONEY, CREDIT, AND FIXING GLOBAL FINANCE, pp. 1-314, (2017); Adios A Los Bancos, (2020); A Brief History of Doom Two Hundred Years of Financial Crises, (2019); Central Bank Digital Currencies, (2025); Macroeconomics of Central Bank Issued Digital Currencies, (2016); Bis Papers, (2020); Bis Quarterly Review, (2020); Bank of Lithuania Occasional Paper Series Article 29, (2019); Rise of Digital Money, (2019); Bis Bulletin, (2020)","","MDPI","","","","","","20711050","","","","English","Article","Final","All Open Access; Gold Open Access","Scopus","2-s2.0-85096394453"
"J., Srouji, Jeremy","Srouji, Jeremy (58030305500)","58030305500","Digital Payments, the Cashless Economy, and Financial Inclusion in the United Arab Emirates: Why Is Everyone Still Transacting in Cash?","2020","Journal of Risk and Financial Management","13","11","260","","","0","33","10.3390/jrfm13110260","https://www.scopus.com/inward/record.uri?eid=2-s2.0-85104594261&doi=10.3390%2Fjrfm13110260&partnerID=40&md5=589360c614ad0415ce14e9ca8c3ff56d","International Institute of Social Studies, The Hague, Netherlands; Groupe de Recherche en Droit, Économie et Gestion, Sophia Antipolis, France","Srouji, Jeremy, International Institute of Social Studies, The Hague, Netherlands, Groupe de Recherche en Droit, Économie et Gestion, Sophia Antipolis, France","Since the oil price downturn of 2015, the United Arab Emirates and fellow Gulf Cooperation Council countries have worked hard to expand digital payments in the interest of improved tax and revenue collection, transparency, and security. Yet despite a deep transformation and diversification of their payment eco-systems and the formalization of plans to become “cashless economies” modelled on South Korea and Sweden, cash continues to dominate payments in both countries. While industry players typically attribute the prevalence of cash in the region to questions of infrastructure readiness, transaction costs, and cyber-security, this paper finds that plans to expand digital payments at the expense of cash may not be well-adapted to countries with high levels of socio-economic inequality. It proposes a link between socio-economic inequality and use of cash in emerging economies, and concludes that it may be better to not view the relationship between cash and digital payments in binary zero-sum terms, until there is a better understanding of the socio-economic, technological, and policy context in which countries like South Korea and Sweden have managed to reduce their reliance on cash in favor of a diversified digital payments eco-system. © 2023 Elsevier B.V., All rights reserved.","Cashless Economy; Complementary Currencies; Digital Payments; Financial Inclusion; Gulf Cooperation Council; Inequality; Non-cash Transactions; Oil Economies; Remittances","","","","","Ashworth, Jonathan P., The surprising recovery of currency usage, International Journal of Central Banking, 16, 3, pp. 239-277, (2020); Monash University Discussion Paper, (2020); Migrating to A Cashless Society A 3 Opportunity for Gcc Economies, (2019); Bis Quarterly Review, (2018); Gulf Cooperation Council how Developed and Inclusive are Financial Systems in the Gcc, (2018); Now Money Offers Banking Alternatives for Menas Unbanked, (2020); World Payments Report 2018, (2019); Cohen, Nissim, Towards a cashless economy: Economic and socio-political implications, European Journal of Political Economy, 61, (2020); A Tale of Two Countries Cash Demand in Canada and Sweden, (2019); Uae Economy Minister Unworried by Natural Level of SME Loan Defaults, (2015)","","Multidisciplinary Digital Publishing Institute (MDPI)","","","","","","19118074","","","","English","Article","Final","All Open Access; Gold Open Access; Green Final Open Access; Green Open Access","Scopus","2-s2.0-85104594261"
"N.K., Bhasin, Narinder Kumar; A., Rajesh, Anupama","Bhasin, Narinder Kumar (57219850296); Rajesh, Anupama (57194197623)","57219850296; 57194197623","Study of increasing adoption trends of digital banking and FinTech products in Indian payment systems and improvement in customer services","2020","","","","","229","255","0","2","10.4018/978-1-7998-4891-2.ch012","https://www.scopus.com/inward/record.uri?eid=2-s2.0-85137311634&doi=10.4018%2F978-1-7998-4891-2.ch012&partnerID=40&md5=7c1a667d69ee635192ea6dcc599ae991","Amity University, Noida, India","Bhasin, Narinder Kumar, Amity University, Noida, India; Rajesh, Anupama, Amity University, Noida, India","The objective of massive adaptation of digital payments by the banks with the support of the central bank of any country along with their government agencies is to improve customer services and satisfaction in the online payment systems in place of cashless and paperless payment systems. There are very few researches that have focused to measure the higher customer satisfaction based on factors like trust, risk-free, secure, transparent, accountability of banks, fintech, regulator, and payment system operators. This chapter analyzes the impact of digital banking and fintech in the Indian banking system, initiatives taken by RBI, NPCI, and the government to build the strong trust of customers in online payment systems to ensure improvement in customer services with higher customer satisfaction. © 2022 Elsevier B.V., All rights reserved.","","","","","","International Journal of Research, (2017); Int J of Virtual Comm Soc Network, (2018); Research Magma Journal, (2018); Indian Financial Sector Structure Trends and Turns, (2017); Bank Quest, (2019); Vision Documents Payment and Settlement Systems in India Vision 2019 2021, (2019); Bharat Bill Pay System Kpmg in India Perspective, (2018); Int J Emerg Trends Technol Comput Sci, (2017); Banking and Finance Issues in Emerging Markets, (2018); Manser Payne, Elizabeth, Mobile banking and AI-enabled mobile banking: The differential effects of technological and non-technological factors on digital natives’ perceptions and behavior, Journal of Research in Interactive Marketing, 12, 3, pp. 328-346, (2018)","","IGI Global","","","","","","","9781799848929; 9781799848912","","","English","Book chapter","Final","","Scopus","2-s2.0-85137311634"
"H., Fujiki, Hiroshi","Fujiki, Hiroshi (36884623800)","36884623800","Cash demand and financial literacy: A case study using Japanese survey data","2020","Japan and the World Economy","54","","100998","","","0","17","10.1016/j.japwor.2020.100998","https://www.scopus.com/inward/record.uri?eid=2-s2.0-85081010596&doi=10.1016%2Fj.japwor.2020.100998&partnerID=40&md5=b183496eb4177d5bc9a98877cb20e589","Chuo University, Hachioji, Japan","Fujiki, Hiroshi, Faculty of Commerce, Chuo University, Hachioji, Japan","Understanding the statistical relationship between cash demand and financial literacy is important in addressing policy concerns in Japan because the government has tried to reduce cash demands for day-to-day transactions and hoarding. However, few scholars have investigated this point because the available statistics on household cash demand do not contain the standard proxy variable for financial literacy and they do not distinguish cash demands among various households for day-to-day transactions and hoarding. Findings from this research fill these gaps by first imputing the missing financial literacy variable from other surveys and then by comparing the distribution of cash holdings for the high, middle, and low levels of financial literacy groups. In comparing the distributions of cash holdings by the three groups, cash distributions were also compared after dropping the observations above higher percentiles, expecting that the cash demand for hoarding would show up in the higher percentile of the cash distributions. Thus, it was possible to examine cash demands for day-to-day transactions. A comparison of the distribution of the ratio of cash demands to total financial assets holdings plus cash demands (hereafter cash ratio) across three levels of financial literacy groups was also made. It was found that a person with a higher level of financial literacy tends to have a large amount of cash holdings, perhaps mainly for the sake of hoarding; however, the person also tends to have other kinds of financial assets and thus a lower cash ratio value. Taking those findings at face value, the promotion of financial literacy and cashless payments for day-to-day transactions would reduce the relatively small amount of cash demands for day-to-day transactions, but it would not necessarily reduce the amount of cash demands for hoarding. © 2020 Elsevier B.V., All rights reserved.","Cash Demand; Cash Hoarding; Financial Literacy; Imputation; Matching","","","","Funding text 1: A part of this draft was formerly circulated as “Imputation of a financial literacy index: A case study using Japanese survey data.” I would like to thank Shinichi Fukuda and an anonymous referee for their useful comments on the earlier draft. I would also like to thank Nobuyoshi Yamori for sharing his ongoing research on financial literacy, and Arito Ono, Akiko Kamesaka, Yukinobu Kitamura, Heng Chen, Ben Fung, Kim P. Huynh, Angelika Welte, and participants in the Bank of Canada Retail Payments Workshop for helpful discussions on the matter. This research utilizes the micro data from the Preference Parameters Study of Osaka University’s 21 st COE Program ‘Behavioral Macrodynamics Based on Surveys and Experiments’ and its Global COE project ‘Human Behavior and Socioeconomic Dynamics.’ I acknowledge the program and project contributors: Yoshiro Tsutsui, Fumio Ohtake and Shinsuke Ikeda. While undertaking this research, I participated in the Research Group on the Survey of Household Finances and received permission from the Central Council for Financial Services Information to use the data in the Survey of Household Finances and the Financial Literacy Survey 2016, for which I am most grateful. I also acknowledge the financial support of the Japan Society for the Promotion of Science through KAKENHI Grant No. 18K01704 .; Funding text 2: A part of this draft was formerly circulated as ?Imputation of a financial literacy index: A case study using Japanese survey data.? I would like to thank Shinichi Fukuda and an anonymous referee for their useful comments on the earlier draft. I would also like to thank Nobuyoshi Yamori for sharing his ongoing research on financial literacy, and Arito Ono, Akiko Kamesaka, Yukinobu Kitamura, Heng Chen, Ben Fung, Kim P. Huynh, Angelika Welte, and participants in the Bank of Canada Retail Payments Workshop for helpful discussions on the matter. This research utilizes the micro data from the Preference Parameters Study of Osaka University's 21 st COE Program ?Behavioral Macrodynamics Based on Surveys and Experiments? and its Global COE project ?Human Behavior and Socioeconomic Dynamics.? I acknowledge the program and project contributors: Yoshiro Tsutsui, Fumio Ohtake and Shinsuke Ikeda. While undertaking this research, I participated in the Research Group on the Survey of Household Finances and received permission from the Central Council for Financial Services Information to use the data in the Survey of Household Finances and the Financial Literacy Survey 2016, for which I am most grateful. I also acknowledge the financial support of the Japan Society for the Promotion of Science through KAKENHI Grant No. 18K01704.","Measuring Financial Literacy Results of the OECD International Network on Financial Education Infe Pilot Study, (2012); Austin, Peter C., An introduction to propensity score methods for reducing the effects of confounding in observational studies, Multivariate Behavioral Research, 46, 3, pp. 399-424, (2011); Calcagno, Riccardo, Financial literacy and the demand for financial advice, Journal of Banking and Finance, 50, pp. 363-380, (2015); Microeconometrics Methods and Applications, (2005); Chen, Heng, Retail payment innovations and cash usage: accounting for attrition by using refreshment samples, Journal of the Royal Statistical Society. Series A: Statistics in Society, 180, 2, pp. 503-530, (2017); Demographic Research, (2013); Use of Cash by Households in the Euro Area, (2017); How do We Choose to Pay Using Evolving Retail Payment Technologies Some Additional Results from Japan, (2019); Fujiki, Hiroshi, The use of noncash payment methods for regular payments and the household demand for cash: evidence from Japan, Japanese Economic Review, 71, 4, pp. 719-765, (2020); Paper Presented at the Deutsche Bundesbank Fourth International Cash Conference September 1012, (2019)","","Elsevier B.V.","","","","","","09221425","","","","English","Article","Final","All Open Access; Hybrid Gold Open Access","Scopus","2-s2.0-85081010596"
"Q., Shi, Qing; X., Sun, Xiaoqi","Shi, Qing (57220037857); Sun, Xiaoqi (56200017600)","57220037857; 56200017600","A Scientometric Review of Digital Currency and Electronic Payment Research: A Network Perspective","2020","Complexity","2020","","8876017","","","0","12","10.1155/2020/8876017","https://www.scopus.com/inward/record.uri?eid=2-s2.0-85096594180&doi=10.1155%2F2020%2F8876017&partnerID=40&md5=7cc74eb2c4f295b518ab53d0707fe396","Shenzhen University, Shenzhen, China","Shi, Qing, The Center for China's Overseas Interests, Shenzhen University, Shenzhen, China; Sun, Xiaoqi, The Center for China's Overseas Interests, Shenzhen University, Shenzhen, China","The potential implications of digital currencies and electronic payment (DC/EP) have become a hot global research area. To present the knowledge bases and research fronts of this field, we apply a scientometric approach to analyze 454 publications obtained from the Web of Science core collection. Results show that, first, the knowledge bases can be classified into three main topics: (1) the usage and diversification effect of private digital currencies from the point of investment and asset allocation; (2) the price dynamics and market efficiency of private digital currencies; and (3) other economic roles of digital currencies and corresponding change brought into the monetary system. Second, several research trends can be inferred using sliding window analysis and burst detection, namely, how the introduction of digital currencies changes consumers' choice in payment instrument and their money demand; how social media and investor sentiment affect the market of digital currencies; and the impact of digital currencies on the central bank, monetary policy, and central bank digital currency. Third, core scholars and countries involved in the research of DC/EP are identified, and it is found that collaboration has been rising especially among European scholars and countries. With these systematic analyses, we offer recommendations for scholars and practitioners in future research of DC/EP. © 2020 Elsevier B.V., All rights reserved.","Investments; Asset Allocation; Electronic Payment; Investor Sentiments; Market Efficiency; Monetary Policies; Payment Instrument; Sliding-window Analysis; Systematic Analysis; Electronic Money","Investments; Asset allocation; Electronic payment; Investor sentiments; Market efficiency; Monetary policies; Payment instrument; Sliding-window analysis; Systematic analysis; Electronic money","","","The authors appreciate the financial support from the Humanities and Social Sciences Foundation of the Ministry of Education of China (Grant no. 20YJC790110), the Basic and Applied Research Co-Foundation of Guangdong (Grant no. 2019A1515110693), and the National Natural Science Foundation of China (Grant no. 41901246).","Winds of Change the Case for New Digital Currency, (2018); Leong, Lai Ying, Predicting the antecedents of trust in social commerce – A hybrid structural equation modeling with neural network approach, Journal of Business Research, 110, pp. 24-40, (2020); Fintech and Financial Services Initial Considerations, (2017); Raskin, Max, Digital currencies, decentralized ledgers and the future of central banking, pp. 474-486, (2018); Blockchain Blueprint for A New Economy, (2015); Casting Light on Central Bank Digital Currency, (2018); Financial System, (2017); Distributed Ledger Technology and Large Value Payments A Global Game Approach, (2018); Mimeo, (2019); Carrick, Jon, Bitcoin as a Complement to Emerging Market Currencies, Emerging Markets Finance and Trade, 52, 10, pp. 2321-2334, (2016)","","Hindawi Limited","","","","","","10990526; 10762787","","","","English","Article","Final","All Open Access; Gold Open Access","Scopus","2-s2.0-85096594180"
"A., Tokutsu, Akira","Tokutsu, Akira (57113746400)","57113746400","The ‘independence day’ of payments law? Fintech’s impact on financial regulation in Japan","2020","Perspectives in Law, Business and Innovation","","","","139","162","0","1","10.1007/978-981-15-5819-1_8","https://www.scopus.com/inward/record.uri?eid=2-s2.0-85090256242&doi=10.1007%2F978-981-15-5819-1_8&partnerID=40&md5=7bbd327ea45900c32ac9e3e3d0cba0cb","Tohoku University, Sendai, Japan","Tokutsu, Akira, Department of Law, Tohoku University, Sendai, Japan","Fintech has been a buzzword in Japan since 2015. The fintech business model in Japan is similar as in other countries: crowdfunding, cryptocurrency, blockchain, AI, Big Data, and cashless payments. What has been the largest impact of fintech in Japan? At first glance, fintech seems to require a change in the financial regulation framework, but this is not the case. In Japan, traditional financial regulation is piecemeal or trident, with a separate legislative framework for banking, insurance, and securities. This framework is not unreasonable because it is designed to respond to different risks. Of course, some other new financial businesses appeared before fintech, and regulation responded to the new risk. Fintech is not a completely new business but just the unbundling of current financial businesses. Especially, payment became more independent from banking today, thanks to the fintech movement. Therefore, regulation just for payment is required more clearly. Currently, the FSA is planning to create a new category of regulation for it. It seems fintech requires a change in the basic framework of financial law. But both in practice and in theory, a pure payment service has attracted attention before fintech. Therefore, fintech, or any other technological innovation, does not require a complete change of regulation but a clarification of current law. © 2020 Elsevier B.V., All rights reserved.","Banking; Financial Regulation; Fintech; Japan; Payment","","","","Acknowledgements This work was supported by JSPS KAKENHI Grant Numbers JP19K01362, JP18H00808, JP18H03611.","Kinyuhomujijo, (2018); University of Chicago Legal Forum, (1996); Prudential Regulation of Banks, (1994); A Program for Monetary Stability, (1960); Journal of Political Economy, (1986); Growth Strategy 2017 Initiatives and Program; Firms Contracts and Financial Structure, (1995); Initial Coin Offering He no Taiou Ni Tsuite about Response to the Initial Coin Offering, (2017); Duke L J, (1992); Kinnyuseido Study Group Chukan Seirikinoubetsu Oudanteki Na Kinyu Taikei Ni Mukete Intermediate Summary of Study Group of Financial System Towards the Functional and Cross Sectional Framework of Financial Regulation, (2018)","","Springer","","","","","","25201875; 25201883","","","","English","Book chapter","Final","","Scopus","2-s2.0-85090256242"
"C., Mlambo, Courage; S.K., Msosa, Steven Kayambazinthu","Mlambo, Courage (56005344200); Msosa, Steven Kayambazinthu (57003422600)","56005344200; 57003422600","The effect of financial technology on money demand: Evidence from selected African states","2020","International Journal of Economics and Business Administration","8","1","","366","373","0","3","10.35808/ijeba/430","https://www.scopus.com/inward/record.uri?eid=2-s2.0-85082765849&doi=10.35808%2Fijeba%2F430&partnerID=40&md5=b9420d9d69af3ccc8177b715fe2a725a","Mangosuthu University of Technology, Umlazi, South Africa","Mlambo, Courage, Mangosuthu University of Technology, Umlazi, South Africa; Msosa, Steven Kayambazinthu, Mangosuthu University of Technology, Umlazi, South Africa","Purpose: The study sought to test the effect of financial technology on money demand in selected African states. The study drew from the fact that there is significant latent demand for digital payments in many markets of sub-Saharan Africa, and widespread consumer acceptance of mobile-communications technology is highly encouraging. The study sought to examine the effect of technology, among other things, on money demand. Design/Methodology/Approach: The study used panel data and a GMM panel technique to analyse the study's findings. Findings: Results showed that all variables that captured financial technology have a negative effect with money demand (MD). Both Mobile Subscriptions (MS) and ATM (Automated Teller Machines) have a negative relationship with money demand (MD). Practical implications: Based on the results obtained in this study, the study recommended that Central Banks need to monitor and predict the consequences of financial innovations. As African states proceed with reforms of its financial sector, the stability of the demand for money would have to be reexamined and instruments of the Central Bank modified to ensure an effective control of money demand. Originality/Value: A little has been done on the effect of technological developments on money demand in Africa. An understanding of the way technological developments may positively or negatively impact on money demand may guide Central banks in adopting and implementing appropriate monetary policies and actions. © 2020 Elsevier B.V., All rights reserved.","Financial Innovation; Financial Technology; Monetary Policy; Money Demand; Money Supply","","","","","Investigating the Effect of Financial Innovations on the Demand for Money in Australia Using Dols and Fmols and Comparing their Predictive Powers, (2018); Payment Technologies and Money Demand, (2017); Investigating the Effect of Financial Innovations on Demand for Money on A World Scale A Systems Gmm Panel Data Approach, (2017); Money Demand and Adoption of Financial Technologies an Analysis with Household Data, (2008); Barros, Carlos Pestana, The demand for money in Angola, Journal of Economics and Finance, 41, 2, pp. 408-420, (2017); Berentsen, Aleksander, Limited Commitment and the Demand for Money, Economic Journal, 128, 610, pp. 1128-1156, (2018); Bilquess, Faiz, What matters for financial development in D-8 countries? Capital flows, trade openness and institutions, Journal of Economic Cooperation and Development, 32, 1, pp. 71-91, (2011); Determinants of the Demand for Money in Developed and Developing Countries, (2011); 2019 Whitaker Lecture Dublin, (2019); Narrow Money and Transaction Technology New Disaggregated Evidence, (2009)","","International Strategic Management Association thalassi@unipi.gr","","","","","","22414754","","","","English","Article","Final","All Open Access; Gold Open Access; Green Accepted Open Access; Green Open Access","Scopus","2-s2.0-85082765849"
"M.F., Putri, Mutia Fadhila; A.N., Hidayanto, Achmad Nizar; E.S., Negara, Edi Surya; N.F.A., Budi, Nur Fitriah Ayuning; P., Utari, Prahastiwi; Z., Abidin, Zaenal","Putri, Mutia Fadhila (57211331688); Hidayanto, Achmad Nizar (57205093001); Negara, Edi Surya (57202226537); Budi, Nur Fitriah Ayuning (56521579100); Utari, Prahastiwi (56268555600); Abidin, Zaenal (57194014471)","57211331688; 57205093001; 57202226537; 56521579100; 56268555600; 57194014471","Gratification Sought in Gamification on Mobile Payment","2019","","","","8982424","","","0","11","10.1109/ICICoS48119.2019.8982424","https://www.scopus.com/inward/record.uri?eid=2-s2.0-85081098198&doi=10.1109%2FICICoS48119.2019.8982424&partnerID=40&md5=a8e66b0703d056ae9aedd02d491c73f2","Universitas Indonesia, Depok, Indonesia; Universitas Bina Darma, Palembang, Indonesia; Universitas Sebelas Maret, Surakarta, Indonesia; Universitas Negeri Semarang, Semarang, Indonesia","Putri, Mutia Fadhila, Universitas Indonesia, Depok, Indonesia; Hidayanto, Achmad Nizar, Universitas Indonesia, Depok, Indonesia; Negara, Edi Surya, Universitas Bina Darma, Palembang, Indonesia; Budi, Nur Fitriah Ayuning, Universitas Indonesia, Depok, Indonesia; Utari, Prahastiwi, Universitas Sebelas Maret, Surakarta, Indonesia; Abidin, Zaenal, Universitas Negeri Semarang, Semarang, Indonesia","The trend of mobile payment in Indonesia is rapidly growing since BI as Indonesia's central bank has initiated a movement called 'Gerakan Nasional Non Tunai' (national cashless movement). this movement drove the emergence of several mobile payment systems, with GO-PAY from GO-JEK dominates the market. this paper aims to explore the motives of GO-PAY users in using gamification, as one of the loyalty programs, by using uses and gratification(UG) perspectives. UG perspectives was successfully implemented to identify the factors that effect on continuous intention to use a variety of media, but its application in mobile payment context is still limited. our results revealed three types of gratification that have significant impacts on user motivation to continue to use GO-PAY: hedonic gratification (perceived enjoyment and passing the time), utilitarian gratification (ease of use, self-presentation, information quality, and economic rewards), and social gratification (social value). © 2020 Elsevier B.V., All rights reserved.","Gamification; Go-pay; Mobile Payment; Uses And Gratification; Gamification; Global System For Mobile Communications; Go-pay; Information Quality; Mobile Payment; Mobile Payment System; Perceived Enjoyment; Self Presentations; Social Gratifications; Uses And Gratifications; Electronic Money","Gamification; Global system for mobile communications; go-pay; Information quality; Mobile payment; Mobile payment system; Perceived enjoyment; Self presentations; Social gratifications; Uses and gratifications; Electronic money","","","","Mobile Payment in Indonesia Race to Big Data Domination, (2018); Ondrus, Jan, Towards a holistic analysis of mobile payments: A multiple perspectives approach, Electronic Commerce Research and Applications, 5, 3, pp. 246-257, (2006); Davis, Fred D.D., Perceived usefulness, perceived ease of use, and user acceptance of information technology, MIS Quarterly: Management Information Systems, 13, 3, pp. 319-339, (1989); Deterding, Sebastian, Gamification: Using game design elements in non-gaming contexts, Conference on Human Factors in Computing Systems - Proceedings, pp. 2425-2428, (2011); Dahlberg, Tomi, A critical review of mobile payment research, Electronic Commerce Research and Applications, 14, 5, pp. 265-284, (2015); Uses of Mass Communications Current Perspectives on Gratifications Research, (1974); Gan, Chunmei, Understanding the effects of gratifications on the continuance intention to use WeChat in China: A perspective on uses and gratifications, Computers in Human Behavior, 78, pp. 306-315, (2018); Li, Hongxiu, Modeling hedonic is continuance through the uses and gratifications theory: An empirical study in online games, Computers in Human Behavior, 48, pp. 261-272, (2015); van der Heijden, Hans, User acceptance of hedonic information systems, MIS Quarterly: Management Information Systems, 28, 4, pp. 695-704, (2004); J Bus Res, (2019)","","Institute of Electrical and Electronics Engineers Inc.","IEEE Diponegoro University Student Branch; IEEE Indonesia Section","3rd International Conference on Informatics and Computational Sciences, ICICOS 2019","","Semarang; Santika Premiere Hotel","157520","","9781728146102","","","English","Conference paper","Final","","Scopus","2-s2.0-85081098198"
"C.H., Padmaja, C. H.; P.V., Venkata Durga Rao, P. V.Durga","Padmaja, C. H. (57211445435); Venkata Durga Rao, P. V.Durga (57211447446)","57211445435; 57211447446","The rise and growth of digital payments in India","2019","International Journal of Innovative Technology and Exploring Engineering","8","12","","359","363","0","2","10.35940/ijitee.L3263.1081219","https://www.scopus.com/inward/record.uri?eid=2-s2.0-85073994500&doi=10.35940%2Fijitee.L3263.1081219&partnerID=40&md5=378ce451d30f896179af24e9ac3ee63c","ST. Joseph’s Degree & PG College, India; K L Deemed to be University, Vaddeswaram, India","Padmaja, C. H., ST. Joseph’s Degree & PG College, India; Venkata Durga Rao, P. V.Durga, K L Deemed to be University, Vaddeswaram, India","India stepped into digital India. The digital India program taken up by the Government of India is mainly to transform India into a digitally empowered society. Faceless, paperless and cashless is one of the professed roles of Digital India. According to the Government of India, the digital payments will increase the employment, minimize risk related to cash like robbery, corruption and storage of huge amounts by way of cash and promotes transparency in operations and attains governance. This paper focuses how the transformation has taken place in the payment industry from coins to paper, to plastic money and now to e-wallets. © 2019 Elsevier B.V., All rights reserved.","Challenges And Opportunities; Digital Payments; E-wallets; Initiatives","","","","","Science, (2017); Financial Services Review, (2007); Management Dynamics in the Knowledge Economy, (2018); My Reseearch Journals, (2014); undefined; undefined, (2017); undefined, (2016)","","Blue Eyes Intelligence Engineering and Sciences Publication","","","","","","22783075","","","","English","Article","Final","All Open Access; Gold Open Access","Scopus","2-s2.0-85073994500"
"T., Ravikumar, Thangaraj; B., Suresha, B.; M., Sriram, Mali; R., Rajesh, R.","Ravikumar, Thangaraj (59745462000); Suresha, B. (57203184367); Sriram, Mali (57211409066); Rajesh, R. (57207702533)","59745462000; 57203184367; 57211409066; 57207702533","Impact of digital payments on economic growth: Evidence from India","2019","International Journal of Innovative Technology and Exploring Engineering","8","12","","553","557","0","16","10.35940/ijitee.L3432.1081219","https://www.scopus.com/inward/record.uri?eid=2-s2.0-85073788330&doi=10.35940%2Fijitee.L3432.1081219&partnerID=40&md5=48af0779397a61c6ee7442cca9395b89","Christ University, Bengaluru, India","Ravikumar, Thangaraj, Christ University, Bengaluru, India; Suresha, B., Christ University, Bengaluru, India; Sriram, Mali, Christ University, Bengaluru, India; Rajesh, R., Christ University, Bengaluru, India","In recent years, economic transactions are carried out through electronic or online or cashless means all over the world especially in developed countries and developing countries like India. As a result of increased digital means of payment has brought down usage of cash transactions in the economy. Digital transactions have the features of speed, less cost, and comfort. A well functioning digital payment system has much relevance on overall economic activity, monetary policy, and financial stability of a country. This study tries to verify the impact of digital payments on the economic growth of India. The economic growth is measured through a proxy – real Gross Domestic Product. Digital payments are measured using Real Time Gross Settlement (RTGS), Clearing Corporation of India Ltd (CCIL) operated systems, paper clearing, retail electronic clearing, Card payments, and Prepaid Payment Instruments (PPIs). Data for digital payments and real GDP are collected from the year 2011 to 2019. Ordinary Least Square Regression, Auto-Regressive Distributed Lag (ADRL) co-integration approach and ARDL Bounds test are employed for the analysis. The study results reveal that digital payments impact economic growth significantly in the short run. But, digital payments don’t impact economic growth in the long-run. © 2019 Elsevier B.V., All rights reserved.","Card Payments; Ccil Operating System; Digital Payments; Economic Growth; Paper Clearing; Real Gdp; Retail Electronic Payments; Rtgs","","","","","Digital Payments Trends Issues and Opportunities New Delhi Niti Aayog, (2018); Armey, Laura Elizabeth, The impact of electronic financial payments on crime, Information Economics and Policy, 29, pp. 46-57, (2014); Bibliography L 1033 Bank for International Settlements, (2013); Humphrey, David Burras, Benefits from a changing payment technology in European banking, Journal of Banking and Finance, 30, 6, pp. 1631-1652, (2006); Contactless Payment and the Retail Point of Sale Applications Technologies and Transaction Models, (2003); Moodys Analytics, (2013); Retail Payments and the Real Economy Bank of Finland, (2012); International Journal of Management and Business Studies, (2025); Payment and Settlement Systems Act, (2017); Berger, Allen N., The economic effects of technological progress: Evidence from the banking industry, Journal of Money, Credit and Banking, 35, 2, pp. 141-176, (2003)","","Blue Eyes Intelligence Engineering and Sciences Publication","","","","","","22783075","","","","English","Article","Final","All Open Access; Gold Open Access","Scopus","2-s2.0-85073788330"
"N., Karamollaoğlu, Nazlı; B., Tuncay, Berna","Karamollaoğlu, Nazlı (57202868227); Tuncay, Berna (57201488917)","57202868227; 57201488917","New money: Central bank digital currencies","2019","","","","","125","137","0","1","","https://www.scopus.com/inward/record.uri?eid=2-s2.0-85112637004&partnerID=40&md5=a2f171553e378b1516d50d16e55e93fe","MEF University, Istanbul, Turkey; Koç Üniversitesi, Istanbul, Turkey","Karamollaoğlu, Nazlı, MEF University, Istanbul, Turkey; Tuncay, Berna, Koç Üniversitesi, Istanbul, Turkey","Payment systems have been evolving along with technological advancements in the last couple decades. The introduction of different forms of electronic banking, the advance of Internet banking services, and advances in mobile phone and mobile payment technology have reduced the use of physical currency. Additionally, the first mover cryptocurrencies, bitcoin and its various alternatives (e.g., Ether, Litecoin), have been expanding their footprints, despite the volatility of their prices and the issues with their capability. These developments pose both opportunities and threats for Central Banks, particularly in the formulation of monetary policy and regulation of payment systems. Increased adoption of cryptocurrencies for payment transactions could undermine central banks' monetary policy missions as their policy power over the money in circulation would weaken. Weakened monetary policy control on the central bank side would risk financial stability. On the other hand, cryptocurrencies may also have positive impacts on the economy through various channels such as cost and time driven payment market efficiencies, financial inclusion, cashless society, and smaller informal sector. A central bank digital currency (CBDC) may have various characteristics related to its store of value, availability, settlement time, wallet and transaction limits, extent of use, being interest bearing or not and level of anonymity. While each characteristic has its own pros and cons, decisions on the CBDC characteristics need to be made by taking into account the country's circumstances, priorities, and ultimate policy objectives. © 2021 Elsevier B.V., All rights reserved.","Central Bank; Digital Currency; Financial Stability; Monetary Policy","","","","","Bis Quarterly Review, (2017); Central Bank Digital Currencies, (2025); undefined, (2018); Central Bank Digital Currency and the Future of Monetary Policy, (2017); Harvard Business Review, (2016); Global Findex Database 2017 Measuring Financial Inclusion and the Fintech Revolution, (2018); Digital Cash Why Central Banks Should Start Issuing Electronic Money, (2016); Central Bank Digital Currency Motivations and Implications, (2017); Central Bank Digital Currencies A Framework for Assessing Why and how, (2016); Gibson, John K., How cost-elastic are remittances? Estimates from Tongan migrants in New Zealand, Pacific Economic Bulletin, 21, 1, pp. 112-128, (2006)","","Peter Lang AG","","","","","","","9783631783863; 9783631775882","","","English","Book chapter","Final","","Scopus","2-s2.0-85112637004"
"R., Mehrotra, Rajat; V., Kandpal, Vinay","Mehrotra, Rajat (57209980787); Kandpal, Vinay (57208154209)","57209980787; 57208154209","Impact of digital payment apps on users: A case study on perspective of rural population in selected regions of Uttarakhand and Uttar Pradesh","2019","Finance India","33","1","","135","150","0","5","","https://www.scopus.com/inward/record.uri?eid=2-s2.0-85069196105&partnerID=40&md5=04d29513185920d6cae6892e4a534fb8","Lal Bahadur Shastri Institute of Management & Technology, Bareilly, India; University of Petroleum and Energy Studies, Dehradun, India","Mehrotra, Rajat, Lal Bahadur Shastri Institute of Management & Technology, Bareilly, India; Kandpal, Vinay, University of Petroleum and Energy Studies, Dehradun, India","Cashless transaction system is achieving its growth day by day, with markets being interlocked through banking sector and financial inclusion fameworks for movement from cash to a cashless system. Government of India is pushing forward the Digital India initiative to translate the Nation into a digitally empowered society and a knowledge economy. With the launch of this first step, the government proposes to pass out to citizens in the remotest of locations and fix them a role of India’s growth story. Technology is a central driver in causing disruptive change. Digital tools will empower citizens and turn out to be a gamechanger. Digital India provides the much-needed thrust to the nine pillars of development areas, namely Broadband Highways, Universal Access to Mobile Connectivity and Public Internet Access Program, among others. The trend to gear up is to move from ATM’s, banks to more empowered apps and Aadhaar-based payment schemes being secure and userfriendly with more rural penetration where the real India lives. © 2019 Elsevier B.V., All rights reserved.","","","","","","International Journal of Management and Business Studies, (2025); Going Cashless, (2012); Nigerian Journal of Economy, (2011); Arabian Journal of Business Management Review, (2012); Nigerian Journal of Economy, (2012); Humphrey, David Burras, Replacement of cash by cards in U.S. consumer payments, Journal of Economics and Business, 56, 3, pp. 211-225, (2004); Financial Services Review, (2007); Monetary Policy Monetary Areas and Financial Development with Electronic Money, (2004); Morewedge, Carey K., Unfixed resources: Perceived costs, consumption, and the accessible account effect, Journal of Consumer Research, 34, 4, pp. 459-467, (2007); Cashless Economic can Reduce Risk of Carrying Huge Cash, (2011)","","Indian Institute of Finance","","","","","","09703772","","","","English","Article","Final","","Scopus","2-s2.0-85069196105"
"P.K., Narayan, Paresh Kumar; S.W., Narayan, Seema Wati; R., Eki Rahman, R.; I., Setiawan, Iwan","Narayan, Paresh Kumar (7102708451); Narayan, Seema Wati (8597894200); Eki Rahman, R. (57210823911); Setiawan, Iwan (58875454400)","7102708451; 8597894200; 57210823911; 58875454400","Bitcoin price growth and Indonesia's monetary system","2019","Emerging Markets Review","38","","","364","376","0","52","10.1016/j.ememar.2018.11.005","https://www.scopus.com/inward/record.uri?eid=2-s2.0-85057412806&doi=10.1016%2Fj.ememar.2018.11.005&partnerID=40&md5=b61af4c44c97de77d6820284188508b3","Deakin Business School, Melbourne, Australia; RMIT University, Melbourne, Australia; Bank Indonesia, Jakarta, Indonesia","Narayan, Paresh Kumar, Centre for Financial Econometrics, Deakin Business School, Melbourne, Australia; Narayan, Seema Wati, RMIT University, Melbourne, Australia; Eki Rahman, R., Bank Indonesia, Jakarta, Indonesia; Setiawan, Iwan, Bank Indonesia, Jakarta, Indonesia","Concerned by the volatility of Bitcoin price growth (BPG), Bank Indonesia—Indonesia's central bank—discourages trading cryptocurrencies. We examine the relationship between Bitcoin price growth (BPG) and Indonesia's monetary aggregates (inflation, real exchange rate, and money velocity). In doing so, we develop the conceptual link between Bitcoin and monetary aggregates. We find strong and robust evidence that BPG leads to inflation growth, currency appreciation, and a reduction in money velocity. Our results have policy implications for other central banks in terms of achieving stability of the monetary system if BPG is indeed a concern for those countries. © 2019 Elsevier B.V., All rights reserved.","Bank Indonesia; Bitcoin; Monetary Aggregates; Volatility","","","","","Almudhaf, Fahad W., Pricing efficiency of Bitcoin Trusts, Applied Economics Letters, 25, 7, pp. 504-508, (2018); Hamed Al-Yahyaee, Khamis Hamed, Efficiency, multifractality, and the long-memory property of the Bitcoin market: A comparative analysis with stock, currency, and gold markets, Finance Research Letters, 27, pp. 228-234, (2018); Baek, Chung, Bitcoins as an investment or speculative vehicle? A first look, Applied Economics Letters, 22, 1, pp. 30-34, (2015); Balcilar, Mehmet, Can volume predict Bitcoin returns and volatility? A quantiles-based approach, Economic Modelling, 64, pp. 74-81, (2017); Balcombe, Kelvin G., Do bubbles have an explosive signature in markov switching models?, Economic Modelling, 66, pp. 81-100, (2017); Bariviera, Aurelio F., The inefficiency of Bitcoin revisited: A dynamic approach, Economics Letters, 161, pp. 1-4, (2017); Baur, Dirk G., Bitcoin, gold and the US dollar – A replication and extension, Finance Research Letters, 25, pp. 103-110, (2018); Baur, Dirk G., Bitcoin: Medium of exchange or speculative assets?, Journal of International Financial Markets, Institutions and Money, 54, pp. 177-189, (2018); Great Inflation the Rebirth of Modern Central Banking, (2008); Bordo, Michael David, THE LONG RUN BEHAVIOR OF THE INCOME VELOCITY OF MONEY IN FIVE ADVANCED COUNTRIES, 1870–1975: AN INSTITUTIONAL APPROACH, Economic Inquiry, 19, 1, pp. 96-116, (1981)","","Elsevier B.V.","","","","","","15660141; 18736173","","","","English","Article","Final","","Scopus","2-s2.0-85057412806"
"R.O., Ugwoke, Robinson Onuora; M., Okafor, Maureen; O.U., Vivian, O. Ugwoke","Ugwoke, Robinson Onuora (57216186794); Okafor, Maureen (57216178101); Vivian, O. Ugwoke (57216183794)","57216186794; 57216178101; 57216183794","Perceived effect of the cashless policy of the Central Bank of Nigeria on improvement of the payment system in Nigeria","2019","International Journal of Management","10","6","","294","316","0","0","10.34218/IJM.10.6.2019.029","https://www.scopus.com/inward/record.uri?eid=2-s2.0-85082750295&doi=10.34218%2FIJM.10.6.2019.029&partnerID=40&md5=809b072e612dc77f43a9c4df99efd191","University of Nigeria, Naukka, Nigeria; Central Bank of Nigeria, Abuja, Nigeria","Ugwoke, Robinson Onuora, Department of Accounting, University of Nigeria, Naukka, Nigeria; Okafor, Maureen, Central Bank of Nigeria, Abuja, Nigeria; Vivian, O. Ugwoke, Department of Accounting, University of Nigeria, Naukka, Nigeria","This study investigated the effect of the Central Bank Cashless Policy on the Payment System in Nigeria. Cognizance of the fact that an improved exchange mechanism and payment system is central to the survival and growth of Nigerian economy which had suffered severe recession between 2015 and 2019, it applied survey research design to poll 204 bank workers from four banks in Nigeria to ascertain their perception on the extent to which the cashless policy has addressed the problem of exchange and payment system in Nigeria. The independent variable was cashless policy while the dependent variables were cash based transactions; modernization of payment system; and volume of cash outside the formal economy. Using Correlation Coefficient with SPSS 10 the test of hypotheses showed that there was a statistically significant relationship between the cashless policy and the development and modernisation of the payment system (i.e. p < 0.05 at 0.05 significance level) while it has significantly trimmed down the volume of cash in the informal sector in Nigeria by nearly 32% among others. It was concluded that the cashless policy has significantly and positively improved exchange and payment system in Nigeria. as well as reduced drastically the volume of cash in the informal sector of the economy including reducing significantly the number of cash based transactions in the economy. It was recommended inter alia, that the monetary authorities should embark on a second phase of the policy to bring more transactions under the cashless policy. © 2020 Elsevier B.V., All rights reserved.","Alternative Payment Channel; Automated Teller Machine (atm); Cash Payment System; Financial Fraud: Inflation; Financial Inclusion; Point Of Sale Terminal (pos); Web Based Transaction","","","","","Benefits and Problems Innovative Journal of Economics and Financial Studies, (2017); An Inquiry into the Nature and Causes of the Wealth of Nations, (1776); Journal of Economics and Sustainable Development, (2015); Central Bank of Nigeria Economic Financial Review, (2007); Money and Banking Analysis and Policy in the Nigerian Context, (2006); Daily Independent, (2014); Cashless Economic can Reduce Risk of Carrying Huge Cash, (2011); Implications for Central Banks of the Development of Electronic Money, (1996); Esparza-Rodríguez, Saúl Alfonso, Chapter 21 The financial accelerator in a quantitative business cycle framework, Handbook of Macroeconomics, 1, PART C, pp. 1341-1393, (1999); Payments System Transformation Cashless Nigeria Implementation, (2015)","","IAEME Publication","","","","","","09766502; 09766510","","","","English","Article","Final","All Open Access; Bronze Open Access","Scopus","2-s2.0-85082750295"
"Y.A., Yakubi, Yusef Ali; B., Basuki, Basuki; R., Purwono, Rudi","Yakubi, Yusef Ali (57211239398); Basuki, Basuki (57217185371); Purwono, Rudi (56468017900)","57211239398; 57217185371; 56468017900","Financial inclusion and digital finance in the Arab world: Current status and future priorities","2019","International Journal of Innovation, Creativity and Change","6","3","","132","143","0","5","","https://www.scopus.com/inward/record.uri?eid=2-s2.0-85073099963&partnerID=40&md5=33a991af18b5eb16bb7aea6eb775efa4","University of Airlangga (UNAIR), Indonesia","Yakubi, Yusef Ali, Faculty of Economics and Business, University of Airlangga (UNAIR), Indonesia; Basuki, Basuki, Faculty of Economics and Business, University of Airlangga (UNAIR), Indonesia; Purwono, Rudi, Faculty of Economics and Business, University of Airlangga (UNAIR), Indonesia","This study attempts to address three questions: what is the current state of financial inclusion and digital finance in the Arab world? What difference can digital technology make for Arab households? What potential exists for using digital technology to reach financially excluded households in Arab countries? Recently, several studies on financial inclusion and digital technology have appeared worldwide; nevertheless, there are few conclusions re financial inclusion and digital finance in the Arab World. To explore the current state and level of financial inclusion and digital finance, this study applies a selective set of indicators designed by the ""Group of Twenty"" (G20) to holistically measure financial inclusion categories that are mostly endorsed by digital technologies. The Arab world still falls behind other regions globally, with low rates in access to and usage of traditional formal banking services including credit, savings and insurance in addition to SMEs. On the other hand, relative improvements are observed in financial expansions, cashless transactions and digital payments. More importantly, the Arab world has great potential to adopt digital technology and enhance financial inclusion. Some Arab countries have started legal and financial initiatives to enter the realm of the digital economy. Throughout this study, certain recommendations are proposed to better utilize digital finance for greater financial inclusion in Arab countries. © 2019 Elsevier B.V., All rights reserved.","Arab; Digital Finance; Financial Inclusion","","","","","Impact of Digital Financial Services on Firm S Performance A Literature Review, (2017); Financial Education in the Arab World Strategies Implementation and Impact, (2017); Financial Inclusion Measurement in the Arab World, (2017); undefined, (2016); Galdeano, Dulcenombre Madrid, Financial performance and corporate social responsibility in the banking sector of Bahrain: Can engagement moderate?, Management Science Letters, 9, 10, pp. 1529-1542, (2019); Financial Development in Arab Countries Blog Arab Development Portal, (2015); Digital Finance for Development A Handbook for Usaid Staff, (2016); Data Analytics and Dfs Handbook Anna Koblanck International Finance Corporation, (2017); Financial Access Survey Fas, (2017); Insurance Sector in the Middle East and North Africa Challenges and Development Agenda English, (2011)","","Primrose Hall Publishing Group","","","","","","22011323; 22011315","","","","English","Article","Final","","Scopus","2-s2.0-85073099963"
"J., Ranjan, Jayesh; G.V., Rao, Gt Venkateswara; N., Padmaja, Naraharisetty; V.S., Rao, Vagvala Satyajit; J., Srinivas, Josyula","Ranjan, Jayesh (57211721098); Rao, Gt Venkateswara (57208924422); Padmaja, Naraharisetty (57208920796); Rao, Vagvala Satyajit (57208926053); Srinivas, Josyula (57212834802)","57211721098; 57208924422; 57208920796; 57208926053; 57212834802","Toward m-Governance: T-wallet application for financial inclusion","2019","Lecture Notes in Networks and Systems","75","","","95","107","0","0","10.1007/978-981-13-7150-9_10","https://www.scopus.com/inward/record.uri?eid=2-s2.0-85066147710&doi=10.1007%2F978-981-13-7150-9_10&partnerID=40&md5=396abbba1a698f31e17b1395bf2f5512","Telangana, Hyderabad, India; National Institute for Smart Government, Hyderabad, India","Ranjan, Jayesh, Information Technology Department, Telangana, Hyderabad, India; Rao, Gt Venkateswara, Information Technology Department, Telangana, Hyderabad, India; Padmaja, Naraharisetty, National Institute for Smart Government, Hyderabad, India; Rao, Vagvala Satyajit, National Institute for Smart Government, Hyderabad, India; Srinivas, Josyula, National Institute for Smart Government, Hyderabad, India","New digital platforms offer convenient and less expensive ways to make payments and transfer funds. Owing to the requirement of the citizens during demonetization period, Telangana State Government came out with a unique initiative called the T-Wallet, enabling its citizens in making cashless electronic payments to both government and private services. T-Wallet is the official digital wallet of Telangana State, available as an Any Time Any Where digital payment option. T-Wallet is distinctive as a digital payment system for the banked and unbanked citizens, customized for citizens with a smartphone, a feature phone or no phone. The paper describes T-Wallet case study, an initiative taken by the government to encourage digital financial inclusion. © 2019 Elsevier B.V., All rights reserved.","Digital Payments; Financial Inclusion; M-governance; Mobile Wallet; Security Standards","","","","","Sustainable Development Goals; Ution how Mobile Technologies Drive A Trillion Dollar Impact, (2015); Intellectual Property and Standard Setting; Section 43 A IT Act 200; Section 72 A IT Act, (2000); Shri Kapil Sibal Releases National Cyber Security Policy; Report of the Group of Experts on Privacy; Characteristics of Good Governance; Mobile Governance Handbook; Case Study Research in Education A Qualitative Approach, (1988)","","Springer","","","","","","23673389; 23673370","9789819652372; 9783031931055; 9789819662968; 9783031999963; 9783031950162; 9783031947698; 9783032004406; 9783031910074; 9783031926105; 9789819639410","","","English","Book chapter","Final","","Scopus","2-s2.0-85066147710"
"A.L., Kleitman, Alexander L.; T.В., Ivanova, Tatiana В.; E.V., Kleitman, Elena Valerjevna","Kleitman, Alexander L. (57205886736); Ivanova, Tatiana В. (57207908804); Kleitman, Elena Valerjevna (57222222399)","57205886736; 57207908804; 57222222399","Historical experience of development of the tokens of value and scenarios of its modern application","2019","Lecture Notes in Networks and Systems","57","","","954","961","0","0","10.1007/978-3-030-00102-5_102","https://www.scopus.com/inward/record.uri?eid=2-s2.0-85063230731&doi=10.1007%2F978-3-030-00102-5_102&partnerID=40&md5=70a892fc9da6250463420f1f80f0c72f","Russian Presidential Academy of National Economy and Public Administration, Moscow, Russian Federation","Kleitman, Alexander L., Russian Presidential Academy of National Economy and Public Administration, Moscow, Russian Federation; Ivanova, Tatiana В., Russian Presidential Academy of National Economy and Public Administration, Moscow, Russian Federation; Kleitman, Elena Valerjevna, Russian Presidential Academy of National Economy and Public Administration, Moscow, Russian Federation","The goal of the research is to develop new scenario of the world financial system architecture on the basis of the historical experience of applying new tokens of value. Methodology: historical evolution method with account of bifurcation points and scenario development determinants. Results: Different tokens of value have different exchange mechanisms that can be observed in differences between monetary aggregates of different countries and changes in world currency system. Countries common features include legally imposed order of tokens of value emission and circulation that enables the states to use financial system as one of the instruments of regulating public production. As the humanity develops new tokens of value appear. The article touches in more details upon Tulipmania and monetary reform in Russia in 1921–1924 as possible bifurcation points of potential changes in payment systems. According to the first scenario the new currency failed. According to the second scenario old tokens of value were replaced by new ones. The choice of the development scenarios is determined by the government support regarding to new tokens of value. Taking it into consideration we carried out the analysis of crypto currencies perspectives as one of the directions of developing new architecture of the world financial system. The article observes crypto currencies evolution process and intensifying state regulation causing emerging of national gold-backed crypto currencies. Conclusions/recommendations: Historical experience shows that sustainability of the new tokens of value is provided by the state only by taking risks of their launching including measures aimed at regulating public production and limiting public expenditures. Emerged tokens of value (digital currencies) must have several levels: the first one making up the basis for new payment systems in the form of national gold-backed crypto currencies; and the second one being emitted by private entities that will become a kind of financial instruments. Creating such a system implies concluding cross-governmental agreements determining emission and circulation of new tokens of value. Changing the conventional order affecting economic interests of contracting states lead and will lead to forming a new harmonious system of by means of ruining the old one, and the outcome will depend on effectiveness of the concluded global treatments. © 2019 Elsevier B.V., All rights reserved.","Chervonets (ten-ruble Coin); Crypto Currency; New World Financial System Architecture; Token Of Value; Tulipmania","","","","","Polities Intern, (1998); Small Steps, (2009); International of Stock Trading Practice Paper Presented at the World Bank Conferences on Stock Markets Corporate Finance and Economic Growth, (1995); Levine, Ross L., Financial Development and Economic Growth: Views and Agenda, Journal of Economic Literature, 35, 2, pp. 688-726, (1997); Financial Systems for Eastern Europe S Emerging Democracies, (1993); Beck, Thorsten, A new database on the structure and development of the financial sector, World Bank Economic Review, 14, 3, pp. 597-605, (2000); Econ Syst, (2017); Bank of Russia Sees in Popularity of Bitcoin Risks to the Global Economy, (2018); Richest Bitcoin Millionaires Who are They 13 07 2017, (2018); Experience of After War Monetary Reform in the USSR","","Springer","","","","","","23673389; 23673370","9789819652372; 9783031931055; 9789819662968; 9783031999963; 9783031950162; 9783031947698; 9783032004406; 9783031910074; 9783031926105; 9789819639410","","","English","Book chapter","Final","","Scopus","2-s2.0-85063230731"
"D.P., Citradika, Didha Putri; A.D.R., Atahau, Apriani Dorkas Rambu; D., Satrio, Danang","Citradika, Didha Putri (57207874448); Atahau, Apriani Dorkas Rambu (56410852000); Satrio, Danang (57207880724)","57207874448; 56410852000; 57207880724","The use of non-cash transactions among Batik SMES: An empirical review from Indonesia","2019","International Journal of Business and Society","20","1","","397","416","0","6","","https://www.scopus.com/inward/record.uri?eid=2-s2.0-85063140084&partnerID=40&md5=f05bd32a9d16feb91eaaae15a3c8c72e","Satya Wacana Christian University, Salatiga, Indonesia; Universitas Pekalongan, Pekalongan, Indonesia","Citradika, Didha Putri, Satya Wacana Christian University, Salatiga, Indonesia; Atahau, Apriani Dorkas Rambu, Satya Wacana Christian University, Salatiga, Indonesia; Satrio, Danang, Universitas Pekalongan, Pekalongan, Indonesia","The aim of this study is to determine the effect of different aspects, in terms of the theory of interpersonal behavior, on the adoption of non-cash transactions among batik small and medium-sized enterprises (SMEs) in Pekalongan, Indonesia. Partial least squares analysis results show that financial literacy has a positive influence on non-cash transaction attitudes. The attitudes in turn have a positive influence on the intention in non-cash transactions. Furthermore, repetitive behavior has a positive influence on non-cash transaction habits. The repetitive use of non-cash transactions by batik SMEs is driven by a motive to maintain acceptable business relations when related parties require cashless payments. The findings also imply that financial literacy is a relevant component in adopting the use of non-cash payments among batik SMEs. © 2019 Elsevier B.V., All rights reserved.","Financial Literacy; Non-cash Transaction; Theory Of Interpersonal Behavior (tib)","","","","","Bamberg, Sebastian, Incentives, morality, or habit? Predicting students' car use for University routes with the models of Ajzen, Schwartz, and Triandis, Environment and Behavior, 35, 2, pp. 264-285, (2003); Borden, Lynne M., Changing college students' financial knowledge, attitudes, and behavior through seminar participation, Journal of Family and Economic Issues, 29, 1, pp. 23-40, (2008); Financial Services Review, (1998); Data Umkm Batik Kota Pekalongan 2017, (2017); Skripsi, (2012); Fakultas Syariah Dan Ekonomi Islam Iain Syekh Nurjati Cirebon, (2016); Finesta, (2015); Federal Reserve Bulletin, (2003); International Journal of Research in Business Management Iact Ijrbm, (2015); Perilaku Transaksi Non Tunai Pengujian Theory of Interpersonal Behaviour, (2016)","","Universiti Malaysia Sarawak lphevan@feb.unimas.my","","","","","","15116670","","","","English","Article","Final","","Scopus","2-s2.0-85063140084"
"N., Fabris, Nikola","Fabris, Nikola (56982696800)","56982696800","Cashless Society - The Future of Money or a Utopia?","2019","Journal of Central Banking Theory and Practice","8","1","","53","66","0","73","10.2478/jcbtp-2019-0003","https://www.scopus.com/inward/record.uri?eid=2-s2.0-85060466486&doi=10.2478%2Fjcbtp-2019-0003&partnerID=40&md5=0d6322d7d43fb88249cd37ff8cff1741","University of Belgrade, Belgrade, Serbia","Fabris, Nikola, University of Belgrade, Belgrade, Serbia","In recent years we have witnessed a growing trend in cashless transactions as well as products and services sold exclusively in this way. Also, after the onset of the global financial crisis, private crypto currencies appeared that have raised some concerns. All of these changes beg the question of whether modern societies are moving towards a cashless society. This also raises a number of other dilemmas such as whether cashless societies have negative implications, whether they have what should be the response of economic policymakers, who would be potential winners and losers, and the like. The paper analyses the arguments both in favour and against cashless society, the future of crypto currencies, as well as potential responses of economic policymakers to the emergence of a cashless society. The paper concludes with the observation that it is not reasonable to expect the transition to a cashless society in the near future but the next step in the evolution of money might be the appearance of central bank digital currencies, at least in some countries. © 2022 Elsevier B.V., All rights reserved.","Cashless Society; Central Bank Digital Currencies; Crypto Currencies; Economic Policy","","","","","A Cashless Society Benefits Risks and Issues, (2017); Aguir, Abdelkader, Central Bank Credibility, Independence, and Monetary Policy, Journal of Central Banking Theory and Practice, 7, 3, pp. 91-110, (2018); Bouveret, Antoine, What are cryptocurrencies?, Finance and Development, 55, 2, pp. 26-27, (2018); Central Bankers Warn of Chaos in A Cashless Society, (2018); Is A Cashless Society Problematic, (2018); Fabris, Nikola, Financial education of children and youth, Journal of Central Banking Theory and Practice, 5, 2, pp. 65-79, (2016); Fabris, Nikola, Challenges for modern monetary policy, Journal of Central Banking Theory and Practice, 7, 2, pp. 5-24, (2018); Finansijsko Obrazovanje Dece I Omladine, (2017); Jakšić, Miomir, Inclusive Institutions for Sustainable Economic Development, Journal of Central Banking Theory and Practice, 7, 1, pp. 5-16, (2018); We Don T Take A Cash is this Future of the Money, (2018)","","Sciendo","","","","","","18009581; 23369205","","","","English","Article","Final","All Open Access; Gold Open Access","Scopus","2-s2.0-85060466486"
"H., Kartika, Herfiena; Y.A., Fatimah, Yuti Ariani; S.H., Supangkat, Suhono Harso","Kartika, Herfiena (57205454212); Fatimah, Yuti Ariani (56638642600); Supangkat, Suhono Harso (6506896570)","57205454212; 56638642600; 6506896570","Secure Cashless Payment Governance in Indonesia: A Systematic Literature Review","2018","","","","8549980","","","0","4","10.1109/ICTSS.2018.8549980","https://www.scopus.com/inward/record.uri?eid=2-s2.0-85060087406&doi=10.1109%2FICTSS.2018.8549980&partnerID=40&md5=1cc3f2578b6fe1c3893bc1629b060cdc","Institut Teknologi Bandung, Bandung, Indonesia; Institut Teknologi Bandung, Bandung, Indonesia","Kartika, Herfiena, Institut Teknologi Bandung, Bandung, Indonesia; Fatimah, Yuti Ariani, Smart City and Community Innovation Center, Institut Teknologi Bandung, Bandung, Indonesia; Supangkat, Suhono Harso, Institut Teknologi Bandung, Bandung, Indonesia","Governance and policy rules is needed in smart payment to ensure smoothness, security, integrity and confidentiality of transactions. Utilization of technology in financial transactions must also be in line with the rules in a country. In this paper, we conduct a systematic literature review to find the smart payment service governance that supports smart city development in accordance with the literature and the rule of law in Indonesia. © 2019 Elsevier B.V., All rights reserved.","Cashless Transaction; Literature Review; Payment Governance; Secure Payment; Cashless Transaction; City Development; Financial Transactions; Literature Reviews; Payment Governance; Payment Services; Secure Payment; Systematic Literature Review; Urban Growth","Cashless Transaction; City development; Financial transactions; Literature reviews; Payment Governance; Payment services; Secure Payment; Systematic literature review; Urban growth","","","","Cyber Secur A Necessary Pillar Smart City, (2016); Mobile Core Banking Server, (2013); Card Technol Today, (2009); No Title, (2017); Otoritas Jasa Keuangan Republik Indonesia, (2016); Upaya Meningkatkan Penggunaan Alat Pembayaran Non Tunai Melalui Pengembangan E Money, (2006); Some Experimental Issues in Financial Fraud Detection an Investigation, (2015); Woldmariam F Mesfin Solomon Atnafu, (2011); Soe, Ralf Martin, Combined model of smart cities and electronic payments, pp. 194-205, (2017); Cashless Transaction for Resort Club Amenities Using Rfid Technology, (2017)","Arman, A.A.; Ariyani, Y.; Nugraha, I.G.B.; Supangkat, S.H.; Bandung, Y.; Sembiring, J.","Institute of Electrical and Electronics Engineers Inc.","","2018 International Conference on ICT for Smart Society, ICISS 2018","","Semarang","143082","","9781538665893","","","English","Conference paper","Final","","Scopus","2-s2.0-85060087406"
"D., Henriques, David","Henriques, David (57204564337)","57204564337","Cards on the Table: Efficiency and Welfare Effects of the No-Surcharge Rule","2018","Review of Network Economics","17","1","","25","50","0","1","10.1515/rne-2017-0036","https://www.scopus.com/inward/record.uri?eid=2-s2.0-85056177575&doi=10.1515%2Frne-2017-0036&partnerID=40&md5=8012db9042dbaf4f3dceaa7ba57510d7","London School of Economics and Political Science, London, United Kingdom; Ofcom, London, United Kingdom","Henriques, David, London School of Economics and Political Science, London, United Kingdom, Ofcom, London, United Kingdom","In Electronic Payment Networks (EPNs), the No-Surcharge Rule (NSR) requires that merchants charge at most the same amount for a payment card transaction as for cash. In this paper, I use a three-party model (consumers, local monopolistic merchants, and a proprietary EPN) with endogenous transaction volumes, heterogeneous card use benefits for merchants and network externalities of card-accepting merchants on cardholders to assess the efficiency and welfare effects of the NSR. I show that the NSR: (i) promotes retail price efficiency for cardholders, and (ii) inefficiently reduces card acceptance among merchants. The NSR can enhance social welfare and improve payment efficiency by shifting output from cash payers to cardholders. However, if network externalities are sufficiently strong, the reduction of card payment acceptance affects cardholders negatively and, with the exception of the EPN, all agents will be worse off under the NSR. This paper also suggests that the NSR may be an instrument to decrease cash usage, but the social optimal policy on the NSR may depend on the competitive conditions in each market. © 2018 Elsevier B.V., All rights reserved.","Competition; Electronic Payment Networks; Market Power; Network Externalities; No-surcharge Rule; Regulation","","","","Funding: Fundação para a Ciência e a Tecnologia, Funder Id: 10.13039/ 501100001871, Grant Number: BD/47421/2008.","Federal Reserve Bank of Chicago Working Paper no 2010 19, (2010); International Business Research, (2016); Barron, John M., DISCOUNTS FOR CASH IN RETAIL GASOLINE MARKETING, Contemporary Economic Policy, 10, 4, pp. 89-102, (1992); Journal of Law and Economics, (1983); Ticket Charges no More Excessive Card Surcharges, (2013); Review of Network Economics, (2005); Antitrust Law Journal, (1995); Chakravorti, Sujit, Externalities in payment card networks: Theory and evidence, Review of Network Economics, 9, 2, (2010); Chakravorti, Sujit, Who Pays for Credit Cards?, Journal of Consumer Affairs, 37, 2, pp. 208-230, (2003); Chakravorti, Sujit, A theory of credit cards, International Journal of Industrial Organization, 25, 3, pp. 583-595, (2007)","","De Gruyter peter.golla@degruyter.com","","","","","","21945993; 14469022","","","","English","Article","Final","All Open Access; Green Final Open Access; Green Open Access","Scopus","2-s2.0-85056177575"
"C.P., Chandrasekhar, C. P.; J., Ghosh, Jayati","Chandrasekhar, C. P. (55922266300); Ghosh, Jayati (35268344000)","55922266300; 35268344000","The Financialization of Finance? Demonetization and the Dubious Push to Cashlessness in India","2018","Development and Change","49","2","","420","436","0","50","10.1111/dech.12369","https://www.scopus.com/inward/record.uri?eid=2-s2.0-85039163049&doi=10.1111%2Fdech.12369&partnerID=40&md5=3e2141da6a7fdeb246bce6a6e11fe131","Jawaharlal Nehru University, New Delhi, India","Chandrasekhar, C. P., Jawaharlal Nehru University, New Delhi, India; Ghosh, Jayati, Jawaharlal Nehru University, New Delhi, India","This Debate contribution describes the promotion of digital rather than cash payments as a form of the financialization of finance, in its role as a payments system, with reference to recent Indian experience. The arguments in favour of reducing cash usage must be seen relative to the costs of digital payments, for both society and individuals. The drastic demonetization episode in India, which removed 86 per cent of the value of notes in circulation at one stroke in November 2016, was partly justified in terms of forcing a shift to cashless transactions. However, such a shift requires that adequate infrastructure be in place in terms of banking and connectivity, both of which are currently lacking in India. The article also identifies other concerns with digital transactions including higher costs and the possibilities of loss of privacy, fraud, identity theft and surveillance. The obsession with digital transactions as a marker of social and material progress is misplaced; it may become yet another means by which finance extracts rentier incomes out of relatively poor populations. © 2018 Elsevier B.V., All rights reserved.","Banking; Digitization; Financial System; Income; Monetary Policy; Transaction Cost; India","banking; digitization; financial system; income; monetary policy; transaction cost; India","","","","Statistics on Payment Clearing and Settlement Systems in Cpmi Countries Figures for 2015, (2016); Press Note on Estimates of Gross Domestic Product for the First Quarter Apriljune 201718, (2017); Global Findex Database 2014 Measuring Financial Inclusion Around the World, (2015); Ghosh, Jayati, Demonetisation Decoded: A Critique of India’s Currency Experiment, pp. 1-104, (2017); A Well Kept Open Secret Washington is Behind India S Brutal Experiment at Abolishing Most Cash, (2017); Global ICT Development Index, (2016); Wire, (2016); Digital Globalization the New Era of Global Flows, (2016); Economic Survey Volume II, (2017); Social Banking and Financial Sector Reform in India 199192 to 201112, (2017)","","Blackwell Publishing Ltd","","","","","","0012155X; 14677660","","","","English","Article","Final","","Scopus","2-s2.0-85039163049"
"H., Lee, Hongjae; K., Han, Kyeongseok","Lee, Hongjae (57191041876); Han, Kyeongseok (14630470100)","57191041876; 14630470100","A study on mobile easy payment service based on fintech to reduce smart divide and income gap","2018","International Journal of Advanced Science and Technology","116","","","35","48","0","3","10.14257/ijast.2018.116.04","https://www.scopus.com/inward/record.uri?eid=2-s2.0-85082365508&doi=10.14257%2Fijast.2018.116.04&partnerID=40&md5=93072e8f6f8d00c99c5950daf0047e72","Soongsil University, Seoul, South Korea; Soongsil University, Seoul, South Korea","Lee, Hongjae, CEO of Smartro Co., Ltd., Soongsil University, Seoul, South Korea; Han, Kyeongseok, School of Business Administration, Soongsil University, Seoul, South Korea","With the spread of smart devices connected to the Internet anytime and anywhere, FinTech-based mobile easy payment services are emerging in commerce and consumption activities. In order to realize a cashless society, each country adopts mobile payment method as its main policy objective. It is actively promoting regulations and alleviating regulations. This is a very important task. Since the mobile easy payment services are still in the infancy phase, it is being investigated that the acceptance rate among the layers is various. Through previous researches, it was confirmed that the most important factor affecting the intention of using mobile easy payment service was perceived usefulness, and the factors influencing perceived usefulness were classified as personal characteristics, service characteristics, environmental characteristics and service characteristics. The purpose of this study is to investigate whether people with experience using mobile easy payment service will continue to use the service in the future and what factors influence the intention to use the service continuously. The results of the study showed that the variables of personal characteristics and service characteristics influenced the intention to use continuously in the future through perceived usefulness. In addition, it has been found that the various gaps between the layers are important factors in the future intention of mobile payment service. According to the results of this study, the important national task in spreading mobile payment service is suggesting that how to resolve the smart divide and the income gap is an important policy task. © 2020 Elsevier B.V., All rights reserved.","Fintech; Income Divide; Mobile Easy Payment Service; Smart Divide; Tam","","","","","Davis, Fred D.D., Perceived usefulness, perceived ease of use, and user acceptance of information technology, MIS Quarterly: Management Information Systems, 13, 3, pp. 319-339, (1989); Diffusion of Innovations, (1995); Bandura, Albert, Self-efficacy: Toward a unifying theory of behavioral change, Psychological Review, 84, 2, pp. 191-215, (1977); Thompson, Ronald L., Personal computing: Toward a conceptual model of utilization, MIS Quarterly: Management Information Systems, 15, 1, pp. 125-142, (1991); Pham, Thanh Thao T., The effects of product-related, personal-related factors and attractiveness of alternatives on consumer adoption of NFC-based mobile payments, Technology in Society, 43, pp. 159-172, (2015); Journal of Marketing Research, (1981); Multivariate Data Analysis, (1998); Davis, Fred D.D., User acceptance of information technology: system characteristics, user perceptions and behavioral impacts, International Journal of Man-Machine Studies, 38, 3, pp. 475-487, (1993); Asia Pacific Journal of Convergent Research Interchange, (2015); Asiapacific Journal of Convergent Research Interchange Hsst, (2015)","","Science and Engineering Research Support Society ijbsbt@sersc.org PO Box 5014Sandy Bay TAS 7005 Tasmania","","","","","","22076360; 20054238","","","","English","Article","Final","All Open Access; Bronze Open Access","Scopus","2-s2.0-85082365508"
"D.B., Papadimitriou, Dimitri B.","Papadimitriou, Dimitri B. (24364225100)","24364225100","Narrow banks in today’s financial world: US and international perspectives","2018","","","","","445","466","0","0","10.4324/9780429456282-28","https://www.scopus.com/inward/record.uri?eid=2-s2.0-85078647770&doi=10.4324%2F9780429456282-28&partnerID=40&md5=f119c96f72d8d23bab53ec86c23ad8bf","Bard College, Red Hook, United States","Papadimitriou, Dimitri B., Bard College, Red Hook, United States","This chapter explores the concept of narrow banking within a changing banking environment. It reviews the relevant history of the payments system with reference to narrow banking, and aims to define old problems solved, and new ones created by the narrow banking system. The chapter assesses the policy implications and feasibility of narrow banking within the perspective of financial modernization in the US and abroad. In reviewing the history of the payments system, at least for the US, one finds that from the early beginnings, government debt always served as the stable backing for bank money. Proposals leading to the functional separation of banking address several issues characterizing the present financial structure. These are: safety and soundness of the payments mechanism, improvement of the central bank's abilityto control monetary aggregates, and eliminating or minimizing the need for deposit insurance. The factors causing each country's financial system to fail are endogenous to the country's political and social infrastructure. © 2020 Elsevier B.V., All rights reserved.","","","","","","Banking Sector Development in Central and Eastern Europe, (1996); Commercial Banking Structure Regulation and Performance an International Comparison, (1997); Breaking Up the Bank Rethinking an Industry Under Siege, (1988); Bankrupt Restoring the Health and Profitability of Our Banking System, (1991); Reg, (1991); Calomiris, Charles W., Institutional Failure, Monetary Scarcity, and the Depreciation of the Continental, Journal of Economic History, 48, 1, pp. 47-68, (1988); Policy Uncertainties Information Asymmetries and Financial Liberalization, (1992); Annual World Bank Conference on Development Economics, (1996); Two Window Proposal for Banking Reform, (1994); Financial Times, (1996)","","Taylor and Francis","","","","","","","9781138315488; 9780429851278","","","English","Book chapter","Final","","Scopus","2-s2.0-85078647770"
"D., Kolcunová, Dominika; T.J., Havranek, Tomas J.","Kolcunová, Dominika (57193220725); Havranek, Tomas J. (24453189000)","57193220725; 24453189000","Estimating the effective lower bound on the Czech national bank’s policy rate","2018","Finance a Uver - Czech Journal of Economics and Finance","68","6","","550","577","0","5","","https://www.scopus.com/inward/record.uri?eid=2-s2.0-85067546985&partnerID=40&md5=10fe76db9468424716062402271b23fc","Czech National Bank, Prague, Czech Republic","Kolcunová, Dominika, Czech National Bank, Prague, Czech Republic; Havranek, Tomas J., Czech National Bank, Prague, Czech Republic","This paper focuses on the estimation of the effective lower bound on the Czech National Bank’s policy rate. The effective lower bound is determined by the value below which holding and using cash would be preferable to holding deposits with negative yields. This bound is approximated on the basis of the storage, insurance and transportation costs of cash and the loss of convenience associated with cashless payments. This estimate is complemented by a calculation based on interest charges reflecting the impact of negative rates on banks’ profitability. Overall we get a mean of slightly below −1%, approximately in the interval (−2.0%, −0.4%). In addition, by means of a vector autoregression we show that the potential of negative rates is not sufficient to deliver monetary policy easing similar in its effects to the impact of the exchange rate commitment during the years 2013–2017. © 2019 Elsevier B.V., All rights reserved.","","","","","*We thank Branislav Saxa, Jonathan Witmer, Tomáš Holub, Michal Franta and two anonymous referees for useful comments. We would also like to thank Oldřich Dědek and Roman Horváth for useful comments concerning the previous version of the paper. Authors acknowledge support from the Czech Science Foundation (grant no. P402/12/G097). The views expressed here are ours and not necessarily those of the Czech National Bank.","Breaking Through the Zero Lower Bound, (2015); How Far can the Repo Rate Be Cut Economic Commentaries, (2015); Amromin, Gene, Whither loose change? the diminishing demand for small-denomination currency, Journal of Money, Credit and Banking, 41, 2-3, pp. 315-335, (2009); How do You Pay the Role of Incentives at the Point of Sale, (2011); Negative Interest Rate Policies Sources and Implications, (2016); Atanasova, Christina V., Credit market imperfections and business cycle dynamics: A nonlinear approach, Studies in Nonlinear Dynamics and Econometrics, 7, 4, (2003); Review of Economics and Statistics, (2000); Negative Policy Rates the Bound is Lower than You Think, (2016); Note on Negative Interest Rates for Treasury Committee, (2013); Central Bank Digital Currency and the Future of Monetary Policy, (2017)","","Faculty of Social Sciences Smetanovo nabrezi 6 Prague 110 00","","","","","","00151920","","","","English","Article","Final","","Scopus","2-s2.0-85067546985"
"M., Krueger, Malte","Krueger, Malte (57200870986)","57200870986","The introduction of cashless wage payments and the spread of branch banking in post-war Germany","2017","Financial History Review","24","2","","185","207","0","3","10.1017/S0968565017000142","https://www.scopus.com/inward/record.uri?eid=2-s2.0-85029899916&doi=10.1017%2FS0968565017000142&partnerID=40&md5=0cad85d845f6df2372b11974636dee22","Fachhochschule Aschaffenburg, Aschaffenburg, Germany","Krueger, Malte, Faculty of Business and Law, Fachhochschule Aschaffenburg, Aschaffenburg, Germany","The period from the 1950s to the late 1970s saw an almost uniform decline of cash-to-GDP ratios in industrial countries. A closer look at the German payment system suggests that the factor causing such a change was a shift towards cashless wage payments. In this period, in Germany, the branch network of banks expanded significantly and at the end of the period almost all economically active individuals had a current account. This change was triggered by rising wages and income. Rising wages increased the burden of weekly wage payments in cash, and rising income made the average earner more attractive for banks. Moreover, regulation and deregulation, by triggering both price and non-price competition, may also have played a role. Technological change was not an independent driver. In the 1950s, the number of giro accounts per German adult was comparable to the current situation in many developing countries. Yet, I argue that the German post-war experience does not provide a blueprint for most of these countries. © 2017 Elsevier B.V., All rights reserved.","Demand For Cash; Innovation; Retail Banking; Retail Payments","","","","","Small and Beautiful the ICT Success of Finland and Sweden, (2015); Deutsche Bankgeschichte, (1983); Baltensperger, Ernst, Alternative approaches to the theory of the banking firm, Journal of Monetary Economics, 6, 1, pp. 1-37, (1980); Payments Systems in Eleven Developed Countries, (1980); Building Bankomat the Development of on Line Real Time Systems in British and Swedish Savings Banks C, (2009); Sparkasse, (1968); Deutsche Bankgeschichte, (1983); Deutsche Bank 1870 1995, (1995); Bank of Ireland Quarterly Bulletin, (2010); Monatsberichte Der Deutschen Bundesbank, (1961)","","Cambridge University Press Journals_subscriptions@cup.cam.ac.uk","","","","","","14740052; 09685650","","","","English","Article","Final","","Scopus","2-s2.0-85029899916"
"P., Mohammad Aliha, Payam; T., Sarmidi, Tamat; A.H., Shaari Md Nor, Abu Hassan; F.F., Said, Fathin Faizah","Mohammad Aliha, Payam (57197856198); Sarmidi, Tamat (6504568572); Shaari Md Nor, Abu Hassan (55258490500); Said, Fathin Faizah (24779077900)","57197856198; 6504568572; 55258490500; 24779077900","Investigating the effects of financial innovations on the demand for money in Malaysia using the ardl appoach to cointergration","2017","Regional Science Inquiry","9","1","","177","193","0","2","","https://www.scopus.com/inward/record.uri?eid=2-s2.0-85026310728&partnerID=40&md5=c401df4c147884cff31bbf8e45a8243d","Universiti Kebangsaan Malaysia, Bangi, Malaysia; Universiti Kebangsaan Malaysia, Bangi, Malaysia","Mohammad Aliha, Payam, Universiti Kebangsaan Malaysia, Bangi, Malaysia; Sarmidi, Tamat, Faculty of Economics and Management, Universiti Kebangsaan Malaysia, Bangi, Malaysia; Shaari Md Nor, Abu Hassan, Faculty of Economics and Management, Universiti Kebangsaan Malaysia, Bangi, Malaysia; Said, Fathin Faizah, Universiti Kebangsaan Malaysia, Bangi, Malaysia","Money demand function plays a vital role in monetary policy formulation. Over the years, several countries have experienced growth in financial innovation which has implications for monetary policy. This paper estimates the relationship between financial innovation and money demand in Malaysia with a focus on payment instruments (PI), payment systems (PS) and payment channels (PC) using the ARDL approach to cointegration between 2008 Q1 to 2015 Q4. This paper adopts the bounds testing procedure developed by Pesaran et al. (2001) to test the stability of the long-run money demand and determine the short-run dynamics for Malaysia. The empirical evidence points to the fact that while innovation in the Malaysian financial system have not ruled out the existence of stable long run money demand relationships as attested to by QUSUM Test, they (except for PS) fail to pass the Bound Test meaning that there is no evidence for a long-run association between variables. Therefore, for PI and PC, we cannot proceed to the next step. For PS, the estimated coefficient for the error correction term is not significant which means that there is no adjustment towards long-run equilibrium. In other words, disequilibrium between money demand and independent variables is not corrected over time and it actually diverges rather than converge. © 2017 Elsevier B.V., All rights reserved.","Ardl; Cointegration; Financial Innovations; Money Demand; Stability","","","","","Research Journal of International Studies, (2010); Akinlo, Anthony Enisan, The stability of money demand in Nigeria: An autoregressive distributed lag approach, Journal of Policy Modeling, 28, 4, pp. 445-452, (2006); Alvarez, Fernando E., Financial innovation and the transactions demand for cash, Econometrica, 77, 2, pp. 363-402, (2009); Arrau, Patricio, Financial innovation and money demand: application to Chile and Mexico, Review of Economics and Statistics, 75, 3, pp. 524-530, (1993); Arrau, Patricio, The demand for money in developing countries: Assessing the role of financial innovation, Journal of Development Economics, 46, 2, pp. 317-340, (1995); Financial Innovation, (2002); Baharumshah, A. Z., The stability of money demand in China: Evidence from the ARDL model, Economic Systems, 33, 3, pp. 231-244, (2009); Bahmani-Oskooee, Mohsen, Stability of the money demand function in Asian developing countries, Applied Economics, 37, 7, pp. 773-792, (2005); Econometric Analysis of Panel Data, (2001); Buch, Claudia M., Money demand in Hungary and Poland, Applied Economics, 33, 8, pp. 989-999, (2001)","","Hellenic Association of Regional Scientists info@risjournal.eu","","","","","","17917735; 17915961","","","","English","Article","Final","","Scopus","2-s2.0-85026310728"
"S.K., Singh, Sunny Kumar; K., Bhattacharya, Kaushik","Singh, Sunny Kumar (56799314700); Bhattacharya, Kaushik (56351936900)","56799314700; 56351936900","Does easy availability of cash affect corruption? Evidence from a panel of countries","2017","Economic Systems","41","2","","236","247","0","11","10.1016/j.ecosys.2016.06.002","https://www.scopus.com/inward/record.uri?eid=2-s2.0-85015434195&doi=10.1016%2Fj.ecosys.2016.06.002&partnerID=40&md5=20015a319b004a1d5ebb33246ccd23bf","Indian Institute of Management Lucknow, Lucknow, India","Singh, Sunny Kumar, Indian Institute of Management Lucknow, Lucknow, India; Bhattacharya, Kaushik, Indian Institute of Management Lucknow, Lucknow, India","Using annual panel data of 54 countries for the period 2005-14, we examine whether currency in circulation, both aggregate and in large denominations, affects the level of corruption in a country. Standard panel data models suggest that the ratios of (i) aggregate currency in circulation to M1 and, (ii) large denomination banknotes to M1 are both statistically significant determinants of corruption. Tests for reverse causality within a panel Granger framework reveal a uni-directional causality of corruption with the first variable, but a bi-directional one with the second. These findings suggest that a limitation in the supply of high-denomination banknotes, inter alia, could be a tool to fight corruption, and bring to the fore the important role of payment systems, extending an earlier study by Goel and Mehrotra (2012). The results also highlight that, along with the government, the central bank of an economy can also play an important role in the fight against corruption. © 2017 Elsevier B.V., All rights reserved.","Control Of Corruption Index; Currency In Circulation; Dynamic Panel Data Model; Icrg Corruption Index; Large Denomination Banknotes; Panel Granger Causality; Static Panel Data Model","","","","","Open Assessment E Journal, (2008); Adhikari, Anindita, NREGA wage payments: Can we bank on the banks?, Economic and Political Weekly, 45, 1, pp. 30-37, (2010); Aidt, Toke Skovsgaard, Economic analysis of corruption: A survey, Economic Journal, 113, 491, pp. F632-F652, (2003); Andersen, Thomas Barnebeck, E-Government as an anti-corruption strategy, Information Economics and Policy, 21, 3, pp. 201-210, (2009); Andrews, Donald W.K., Consistent model and moment selection procedures for GMM estimation with application to dynamic panel data models, Journal of Econometrics, 101, 1, pp. 123-164, (2001); Arellano, Manuel, Some tests of specification for panel data:monte carlo evidence and an application to employment equations, Review of Economic Studies, 58, 2, pp. 277-297, (1991); Arellano, Manuel, Another look at the instrumental variable estimation of error-components models, Journal of Econometrics, 68, 1, pp. 29-51, (1995); Econometric Analysis of Panel Data, (2001); Bardhan, Pranab K., Corruption and Development: A Review of Issues, Journal of Economic Literature, 35, 3, pp. 1320-1346, (1997); Journal of Political Economy, (1968)","","Elsevier B.V.","","","","","","09393625","","","","English","Article","Final","","Scopus","2-s2.0-85015434195"
"S., von Solms, Suné","von Solms, Suné (57198395128)","57198395128","Mitigating information disclosure from point-of-sale devices in South Africa","2016","Computer Fraud and Security","2016","5","","7","15","0","1","10.1016/S1361-3723(16)30045-8","https://www.scopus.com/inward/record.uri?eid=2-s2.0-84969746078&doi=10.1016%2FS1361-3723%2816%2930045-8&partnerID=40&md5=dfcc34ee9787fe67966d58c4e14b70f2","University of Johannesburg, Johannesburg, South Africa","von Solms, Suné, University of Johannesburg, Johannesburg, South Africa","The advantages of flexibility and convenience offered by point-of-sale (POS) terminals or online banking sites have urged more and more South African consumers to opt for cashless payments. Although financial services corporations have very strict regulations relating to cashless purchases, and go to great lengths to reduce credit card fraud, legitimate POS transaction receipts may offer an easy method for fraudulent online transactions. The flexibility and convenience of cashless payments methods have made them very popular. But in spite of strict regulation, legitimate point-of-sale (POS) transaction receipts may offer an easy method for fraudulent online transactions. Sensitive credit card information is disclosed on certain POS transaction receipts that can be used by criminals to successfully complete fraudulent online shopping transactions. Dr Suné von Solms of Johannesburg University examines the impact of these findings and proposes recommendations to protect against possible information disclosure in POS devices. © 2016 Elsevier B.V., All rights reserved.","Crime; Laws And Legislation; Credit Card Frauds; Financial Service; Information Disclosure; On-line Banking; Online Shopping; Online Transaction; Point Of Sale; South Africa; Point Of Sale Terminals","Crime; Laws and legislation; Credit card frauds; Financial service; Information disclosure; On-line banking; Online shopping; Online transaction; Point of sale; South Africa; Point of sale terminals","","","","Moneyweb, (2013); World Wide Worx, (2012); Verified by Visa Visa International Service Association; Mastercard Securecode Enhanced Security for Online Shopping; South African Government News Agency, (2015); Mybroadband, (2014); von Solms, Suné, An investigation into credit card information disclosure through Point of Sale purchases, (2015); Card Based Payment Systems Payment Association of South Africa; Visa International Service Association, (2015); How Credit Cards Work Howstuffworks Com","","Elsevier Ltd","","","","","","13613723; 18737056","","CFSBE","","English","Article","Final","","Scopus","2-s2.0-84969746078"
"I., Yusuf, Ismaila","Yusuf, Ismaila (57192642105)","57192642105","Cash-less policy and economic growth: Evidence from Nigeria","2016","International Journal of Electronic Finance","9","1","","63","71","0","4","10.1504/IJEF.2016.083523","https://www.scopus.com/inward/record.uri?eid=2-s2.0-85019698840&doi=10.1504%2FIJEF.2016.083523&partnerID=40&md5=e425d0bb0868b1eeab1e5e4aa1cea5dc","Federal University, Dutsin-Ma, Dutsin-ma, Nigeria","Yusuf, Ismaila, Department of Accounting, Federal University, Dutsin-Ma, Dutsin-ma, Nigeria","The introduction of Central Bank of Nigeria (CBN) Cash-less policy is expected to stimulate economic growth through modernisation of the payment system, reduction in cost of credit as well as improving the effectiveness of monetary policy. Economic growth and cash-less policy are examined in a causal relationship, adopting longitudinal data for non-cashbased banking before the cash-less policy and its impact on economic growth and non-cash-based banking after cash-less policy and its impact on economic growth. Ordinary least-squares multiple regression models were adopted for the study. To test for the impact of CBN cash-less policy on economic growth, we used the Chow (1960) test of structural change. The study found that cheque, point of sale (POS), web and mobile payments as an alternative to cash payments contribute significantly to economic growth. However, their contribution is more evidenced before the introduction of CBN cash-less policy than after the introduction. This may be as a result of the slow rate of growth in the economy stemming from the depreciation of the Naira and falling oil prices. © 2020 Elsevier B.V., All rights reserved.","Cash-less; Cashless; Economic Growth; Electronic Banking; Endogenous Theory Of Growth; Theory Of Reason; Unified Theory Of Acceptance And Use Of Technology","","","","","Understanding Attitudes and Predicting Social Behavior, (1980); International Journal of Management and Business Studies, (2025); American Journal of Economics, (2015); Anderson, Norman Henry, Integration theory and attitude change, Psychological Review, 78, 3, pp. 171-206, (1971); Apergis, Nicholas, Energy consumption and growth in South America: Evidence from a panel error correction model, Energy Economics, 32, 6, pp. 1421-1426, (2010); Determinants of Economic Growth, (1997); Persuasion, (2016); Borensztein, Eduardo R., How does foreign direct investment affect economic growth?, Journal of International Economics, 45, 1, pp. 115-135, (1998); Cbn Statistical Bulletin, (2011); Econometrica, (1960)","","Inderscience Publishers editor@inderscience.com 29, route de Pre-Bois Case Postale 856, CH-1215 Geneva 15 CH-1215","","","","","","17460077; 17460069","","","","English","Article","Final","","Scopus","2-s2.0-85019698840"
"O., Tade, Oludayo; O.A., Adeniyi, Oluwatosin A.","Tade, Oludayo (55210881800); Adeniyi, Oluwatosin A. (55583453400)","55210881800; 55583453400","On the limits of trust: Characterising automated teller machine fraudsters in southwest Nigeria","2016","Journal of Financial Crime","23","4","","1112","1125","0","8","10.1108/JFC-04-2015-0023","https://www.scopus.com/inward/record.uri?eid=2-s2.0-85002170735&doi=10.1108%2FJFC-04-2015-0023&partnerID=40&md5=f62ef1b9b4de5401edffeb2a19687a42","University of Ibadan, Ibadan, Nigeria; University of Ibadan, Ibadan, Nigeria","Tade, Oludayo, Department of Sociology, University of Ibadan, Ibadan, Nigeria; Adeniyi, Oluwatosin A., Department of Economics, University of Ibadan, Ibadan, Nigeria","Purpose - This paper aims to investigate automated teller machine (ATM) fraud in southwest Nigeria, as extant studies have not examined the unintended consequences of ATM subscription particularly the effect of the identity of fraudsters and the strategies for defrauding. Design/methodology/approach - Using sequential exploratory strand of mixed method, data were collected from both ATM users and victims of ATM fraud using multi-stage sampling procedure. This involved purposive selection of Lagos and Oyo states. Findings - Results showed that fraudsters were typically lovers, friends, relatives and sometimes children of victims. Strategies for defrauding included card cloning, swapping of cards and physical attacks at ATM galleries. Research limitations/implications - Because of the size of the sample which is small, the research results may lack generalizability. More expansive works are needed across Nigeria in this regard. Practical implications - The paper includes implications for policy initiative concerning the deployment and use of payment systems such as ATM in Nigeria. Social implications - The paper reveals the limits of trust in cashless policy. It raises salient policy issues concerning the need for the governance of trust to engender adoption. Originality/value - The paper characterizes fraudsters and their strategies for defrauding. © 2016 Elsevier B.V., All rights reserved.","Automated Teller Machine; Fraud; Lagos; Oyo; Victim","","","","The authors appreciate the financial support of the Institute for Money Technology and Financial Inclusion (IMTFI) at the University of California, Irvine, USA, on the project titled ""Automated Teller Machine Fraud in Southwest Nigeria: The Shoe Wearer's Perspectives"". The authors equally thank Bill Maurer, Jan Chipchase and other participants at the IMTFI Fifth Conference for Funded Researchers held at IMTFI, University of California, Irvine, USA, from 4 to 6 December 2013, for their insightful comments. Nonetheless, all errors remain the sole responsibility of the authors.","Sunday Punch, (2008); Information and Communication Technology ICT in Banking Operations in Nigeria an Evaluation of Recent Experiences, (2006); Journal of Information Law and Technology, (2000); Adoption of E Services I Banking in the Candidate Countries, (2003); Journal of Internet Banking and Commerce, (2006); Research Design Qualitative Quantitative and Mixed Methods Approaches, (2003); Social Problems, (1974); Davinson, Nicola, Using the health belief model to explore users' perceptions of 'being safe and secure' in the world of technology mediated financial transactions, International Journal of Human Computer Studies, 72, 2, pp. 154-168, (2014); Research Act A Theoretical Introduction to Sociological Methods, (1978); ATM Fraud and Security, (2002)","","Emerald Group Publishing Ltd. Howard House Wagon Lane, Bingley BD16 1WA","","","","","","13590790; 17587239","","","","English","Article","Final","","Scopus","2-s2.0-85002170735"
"J., Wonglimpiyarat, Jarunee","Wonglimpiyarat, Jarunee (6507598919)","6507598919","The new Darwinism of the payment system: Will Bitcoin replace our cash-based society?","2016","Journal of Internet Banking and Commerce","21","","","","","15","3","","https://www.scopus.com/inward/record.uri?eid=2-s2.0-84971510392&partnerID=40&md5=0aeb4945810e904a99afc95cbb1dd10e","Thammasat University, Pathum Thani, Thailand","Wonglimpiyarat, Jarunee, College of Innovation, Thammasat University, Pathum Thani, Thailand","This paper is concerned with the new Darwinism of the payment system. The researcher discusses the payment system to understand if Bitcoin would replace our cash-based society. The analysis is based on the technology S-curve and Schumpeter’s model of economic development. At present, there are problems hindering Bitcoin innovation to achieve a wide adoption as the innovation is not well received by the government central banks around the world. It is interesting to see that the swing of S-curves is not strong enough to cause a paradigm shift according to the Schumpeterian concept of creative destruction. The results have shown parallel S-curve trajectories of electronic money innovations signifying a move from a cash-based economy towards a less cash society. The study provides useful implications to support the diffusion of Bitcoin innovation. © 2016 Elsevier B.V., All rights reserved.","Bitcoin; Cashless; Darwinism; Digital Money; Payment System","","","","","Miles, Ian Douglas, Services in the new industrial economy, Futures, 25, 6, pp. 653-672, (1993); Handbook of Industrial Innovation, (1994); Ministry of Trade and Industry Finland Studies and Reports, (2003); Oxford Handbook of Innovation, (2005); Utterback, James M., A dynamic model of process and product innovation, Omega (United Kingdom), 3, 6, pp. 639-656, (1975); Vernon, Raymond, International investment and international trade in the product cycle, Quarterly Journal of Economics, 80, 2, pp. 190-207, (1966); Fisher, J. C., A simple substitution model of technological change, Technological Forecasting and Social Change, 3, C, pp. 75-88, (1971); Industrial Renaissance Producing A Competitive Future for America, (1983); Diffusion of Innovations, (1995); Historical and Statistical Analysis of the Capitalist Process, (1939)","","ARRAY Development (Canada) Inc. 307C Richmond Rd., Suite 208 Ottawa, Ottawa K1Z 3H4","","","","","","12045357","","","","English","Article","Final","","Scopus","2-s2.0-84971510392"
"J.G., Figueroa, Javier Galán; F.V., Martínez, Francisco Venegas","Figueroa, Javier Galán (57188631304); Martínez, Francisco Venegas (57188625110)","57188631304; 57188625110","Impacto de los medios electrónicos de pago sobre la demanda de dinero","2016","Investigacion Economica","75","295","","93","124","0","3","10.1016/j.inveco.2016.03.003","https://www.scopus.com/inward/record.uri?eid=2-s2.0-84961875123&doi=10.1016%2Fj.inveco.2016.03.003&partnerID=40&md5=3d96bb587b0cab7fc3aac18674460dec","Universidad Nacional Autónoma de México, Mexico, Mexico; Instituto Politécnico Nacional, Mexico, Mexico","Figueroa, Javier Galán, Universidad Nacional Autónoma de México, Mexico, Mexico; Martínez, Francisco Venegas, Instituto Politécnico Nacional, Mexico, Mexico","This paper examines the impact of electronic payment systems of high and low value on money demand. To do this, the research departs from the theoretical framework of a model of overlapping generations that explains how electronic payment systems affects money demand and how the authority can impact on the payment systems to ensure their stability and efficiency. Subsequently, the methodologies of cointegration and error correction are applied to determine the existence of an equilibrium between electronic payments and money demand. © 2016 Elsevier B.V., All rights reserved.","Electronic Transfers; Monetary Policy; Money Demand; Vec","","","","","Mexican Experience in how the Settlement of Large Payments in Performed in the Presence of A High Value of Small Payments, (2012); Bank of England Quarterly Bulletin, (2003); Financial Infrastructure Series Payment Systems Policy and Research, (2009); Alvarez, Fernando E., Financial innovation and the transactions demand for cash, Econometrica, 77, 2, pp. 363-402, (2009); Debit Card and Cash Usage A Cross Country Analysis, (2007); 2010 Afp Electronic Payment Report of Survey Results, (2010); Apf Marzo Payments Fraud and Control Survey Report of Survey Results, (2015); Demand for Money Financial Innovation and the Welfare Cost of Inflation an Analysis with Household Data no W6593, (1998); Payment Systems Oversight Report 2012, (2012); Baumol, William J., The transactions demand for cash: An inventory theoretic approach, Quarterly Journal of Economics, 66, 4, pp. 545-556, (1952)","","Universidad Nacional Autonoma de Mexico invecon@servidor.unam.mx","","","","","","01851667; 25942360","","","","Spanish","Article","Final","All Open Access; Gold Open Access; Green Final Open Access; Green Open Access","Scopus","2-s2.0-84961875123"
"J., Wonglimpiyarat, Jarunee","Wonglimpiyarat, Jarunee (6507598919)","6507598919","The new Darwinism of the payment system: Will Bitcoin replace our cash-based society?","2015","Journal of Internet Banking and Commerce","1","","002","","","7","4","10.4172/1204-5357.S2-002","https://www.scopus.com/inward/record.uri?eid=2-s2.0-85000774220&doi=10.4172%2F1204-5357.S2-002&partnerID=40&md5=f38e40fbe6123b57f246f5f7fcc0ea1d","Thammasat University, Pathum Thani, Thailand","Wonglimpiyarat, Jarunee, College of Innovation, Thammasat University, Pathum Thani, Thailand","This paper is concerned with the new Darwinism of the payment system. The researcher discusses the payment system to understand if Bitcoin would replace our cash-based society. The analysis is based on the technology S-curve and Schumpeter’s model of economic development. At present, there are problems hindering Bitcoin innovation to achieve a wide adoption as the innovation is not well received by the government central banks around the world. It is interesting to see that the swing of S-curves is not strong enough to cause a paradigm shift according to the Schumpeterian concept of creative destruction. The results have shown parallel S-curve trajectories of electronic money innovations signifying a move from a cash-based economy towards a less cash society. The study provides useful implications to support the diffusion of Bitcoin innovation. © 2016 Elsevier B.V., All rights reserved.","Bitcoin; Cashless; Darwinism; Digital Money; Payment System","","","","","Miles, Ian Douglas, Services in the new industrial economy, Futures, 25, 6, pp. 653-672, (1993); Handbook of Industrial Innovation, (1994); Ministry of Trade and Industry Finland Studies and Reports, (2003); Oxford Handbook of Innovation, (2005); Utterback, James M., A dynamic model of process and product innovation, Omega (United Kingdom), 3, 6, pp. 639-656, (1975); Vernon, Raymond, International investment and international trade in the product cycle, Quarterly Journal of Economics, 80, 2, pp. 190-207, (1966); Fisher, J. C., A simple substitution model of technological change, Technological Forecasting and Social Change, 3, C, pp. 75-88, (1971); Industrial Renaissance Producing A Competitive Future for America, (1983); Diffusion of Innovations, (1995); Diffusion of Innovations, (1995)","","ARRAY Development (Canada) Inc. 307C Richmond Rd., Suite 208 Ottawa, Ottawa K1Z 3H4","","","","","","12045357","","","","English","Article","Final","All Open Access; Green Accepted Open Access; Green Open Access; Hybrid Gold Open Access","Scopus","2-s2.0-85000774220"
"R., Moro-Visconti, Roberto; M.C., Quirici, Maria Cristina","Moro-Visconti, Roberto (57221192852); Quirici, Maria Cristina (56685475300)","57221192852; 56685475300","The impact of innovation and technology on microfinance sustainable governance","2014","Corporate Ownership and Control","11","","","420","428","0","11","","https://www.scopus.com/inward/record.uri?eid=2-s2.0-84947754563&partnerID=40&md5=7a7325fb2c03d6d1610cc9ef3aac8176","Università Cattolica del Sacro Cuore, Milan, Italy; Dipartimento di Economia e Management, Pisa, Italy","Moro-Visconti, Roberto, Department of Business Administration, Università Cattolica del Sacro Cuore, Milan, Italy; Quirici, Maria Cristina, Dipartimento di Economia e Management, Pisa, Italy","Technical or social innovation, concerning also the creation and commercialization of new products, strategies and management, has a deep actual - and especially trendy - impact on microfinance institutions (MFIs), contributing to reshape their business model, with an impact on their overall risk profile. Innovation is mostly an opportunity even for MF risk mitigation, considering its pervasive impact on risk factors. This original analysis is addressing, in a multidisciplinary and innovative comprehensive way, apparently weakly related topics such as MF governance, and IT issues, within recessionary cycles. This hardly investigated frontier faces key trendy issues, which are likely to deeply reengineer the relationship among different stakeholders, as it has already happened, on a different and more sophisticated scale, with traditional banking. To the extent that technology (with access to Internet, social networks, cashless electronic payments, etc.) reshapes the equilibriums among different stakeholders, it is likely to have important – albeit under-investigated - corporate governance consequences, softening the conflicts of interest among stakeholders and reinforcing the business model, making it more resilient during recessions, with positive externalities on both sustainability and outreach. © 2020 Elsevier B.V., All rights reserved.","Cashless Society; Ict; Mobile Banking; Outreach; Recession; Risk Management; Social Networks; Stakeholders","","","","","Management Information Systems MIS for Microfinance, (2005); Bancaria, (2011); Economics of Microfinance, (2005); Ceb Working Paper no 09 056, (2009); Advanced Technologies for Microfinance Solutions and Challenges, (2011); Annual Report 2006, (2025); Microfinance Gateway 2013, (2013); Annual Report 2013, (2014); Claessens, Stijn, Corporate governance in emerging markets: A survey, Emerging Markets Review, 15, pp. 1-33, (2013); Journal of Innovation Economics, (2011)","","Virtus Interpress alex_kostyuk@VirtusInterPress.org","","","","","","17279232; 18103057","","","","English","Article","Final","","Scopus","2-s2.0-84947754563"
"I., Song, Insu; J., Vong, John","Song, Insu (13610410800); Vong, John (55537150800)","13610410800; 55537150800","Mobile core-banking server: Cashless, branchless and wireless retail banking for the mass market","2013","","","","6717857","","","0","2","10.1109/ICITCS.2013.6717857","https://www.scopus.com/inward/record.uri?eid=2-s2.0-84894215812&doi=10.1109%2FICITCS.2013.6717857&partnerID=40&md5=6113c0e85b04d5f0654217dbdce4473f","James Cook University, Singapore, Singapore City, Singapore; Singapore Management University, Singapore City, Singapore","Song, Insu, School of Business, James Cook University, Singapore, Singapore City, Singapore; Vong, John, Financial IT Academy, Singapore Management University, Singapore City, Singapore","Banking is essential to modern economies and nearly half of the world's people are unbanked and underserved by banks. The high operating costs of banks passed on to retail customers are driving them away who otherwise should be in the financial system. Without having access to the financial system the unbanked and rural poor have little means to engage in mainstream economic activities. A mobile phone-based banking system was designed to provide retail banking services to the world's unbanked population and rural poor of 2.2 billion based on a cashless banking system that reduces operating cost and reduces lending risks and therefore can lower the current exorbitant rates charged on retail lending and micro-credit. A core-banking server on a low-cost mobile device (an Android tablet) could serve over 15, 000 micro-banking customers. The system definitely appears to be suitable for most retail banks or microfinance institutions. © 2013 IEEE. © 2014 Elsevier B.V., All rights reserved.","Cashless Payments; Financial Inclusion; Mobile Banking; Retail Banking; Rural Finance; Sms Banking","","","","","Journal of the Association for Information Systems, (2000); Half the World is Unbanked, (2010); Journal of Business, (1995); Chow, Clement Kong Wing, Small businesses and liquidity constraints in financing business investment: Evidence from shanghai's manufacturing sector, Journal of Business Venturing, 15, 4, pp. 363-383, (2000); Banker to the Poor Micro Lending and the Battle Against World Poverty, (2003); ITU World Telecommunication ICT, (2011); Global Financial Inclusion, (2010); Donner, Jonathan, Mobile banking and economic development: Linking adoption, impact, and use, Asian Journal of Communication, 18, 4, pp. 318-332, (2008); Realizing the Full Potential of Mobile Commerce Orchestrating Mobile Payments and Money Transfers, (2009); Mobile Banking and Payments, (2012)","","","","2013 3rd International Conference on IT Convergence and Security, ICITCS 2013","","Macau","102708","","9781479928453","","","English","Conference paper","Final","","Scopus","2-s2.0-84894215812"
"R., Singh, Rup; S., Kumar, Saten","Singh, Rup (8928084300); Kumar, Saten (25947525300)","8928084300; 25947525300","Some empirical evidence on the demand for money in the Pacific Island countries","2010","Studies in Economics and Finance","27","3","","211","222","0","7","10.1108/10867371011060045","https://www.scopus.com/inward/record.uri?eid=2-s2.0-77955297062&doi=10.1108%2F10867371011060045&partnerID=40&md5=393c1037400fc9ab35b3a2736dbcfabe","University of the South Pacific, Suva, Fiji; Auckland University of Technology, Auckland, New Zealand","Singh, Rup, School of Economics, University of the South Pacific, Suva, Fiji; Kumar, Saten, Department of Business Economics, Auckland University of Technology, Auckland, New Zealand","Purpose: The purpose of this paper is to analyze narrow money demand functions for the Pacific Island countries (PICs) and evaluate their stability. The selected PICs are Fiji, Vanuatu, Samoa (SAM), Solomons and the Papua New Guinea. The stability of the demand for money is vital for the formulation of the monetary policy. Design/methodology/approach: The augmented Dicky-Fuller method is employed to test the time series properties of the variables. Alternative time series techniques such as general to specific (GETS) and Johansen maximum likelihood (JML) are used with annual data from 1974 to 2004 (except for SAM with data from 1980 to 2004): The results from the time series approaches of GETS and JML suggest that real income, nominal rate of interest and real narrow money are cointegrated. The CUSUM and CUSUMSQ stability test results indicate that the demand for money functions for these countries are stable and, therefore, the respective monetary authorities may consider targeting money supply in their conduct of monetary policy. It is argued that the financial sector reforms and liberalization is yet to have any significant effects on the money demand in the PICs. Research limitations/implications: The methods of estimation does not allow for structural breaks in the cointegrating relationship. It is hoped that future research may focus on using the structural break techniques and also investigate the stability of the demand for broad money in the PICs. Further due to limitations in the data, the authors were only able to select five PICs. Originality/value: This is the first paper in the literature that provides long-run estimates and stability results of the narrow money demand using the newest time series techniques for a group of PICs over the period 1974-2004. © Emerald Group Publishing Limited. © 2010 Elsevier B.V., All rights reserved.","Demand; Money; Pacific Region","","","","","Bahmani-Oskooee, Mohsen, Stability of the money demand function in Asian developing countries, Applied Economics, 37, 7, pp. 773-792, (2005); International Financial Statistics; Issues in Monetary Economics of the South Pacific Island Countries, (2003); Kannapiran, Chinna A., Stability of money demand and monetary policy in Papua New Guinea (PNG): an error correction model analysis, International Economic Journal, 15, 3, pp. 73-84, (2001); A Re Examination of the Demand for Money in Fiji, (2001); Icfai Journal of Monetary Economics, (2007); Icfai Journal of Applied Economics, (2008); Kumar, Saten, A re-examination of private consumption in fiji, Pacific Economic Bulletin, 24, 2, pp. 70-81, (2009); Empirical Economics Letters, (2008); Quarterly Journal of Economics, (1970)","","","","","","","","10867376","","","","English","Article","Final","All Open Access; Green Accepted Open Access; Green Open Access","Scopus","2-s2.0-77955297062"
